--
-- PostgreSQL database dump
--

-- Dumped from database version 9.5.3
-- Dumped by pg_dump version 9.5.3

SET statement_timeout = 0;
SET lock_timeout = 0;
SET client_encoding = 'SQL_ASCII';
SET standard_conforming_strings = on;
SET check_function_bodies = false;
SET client_min_messages = warning;
SET row_security = off;

SET search_path = public, pg_catalog;

--
-- Name: consume_log_id_seq; Type: SEQUENCE SET; Schema: public; Owner: -
--

SELECT pg_catalog.setval('log_id_seq', 2690, true);


--
-- Name: frisk_consume_type_id_seq; Type: SEQUENCE SET; Schema: public; Owner: -
--

SELECT pg_catalog.setval('type_id_seq', 4, true);


--
-- Data for Name: type; Type: TABLE DATA; Schema: public; Owner: -
--

COPY type (id, name, amount) FROM stdin;
1	Ordinær	2
2	Singel bonusfrisk	1
4	Flygefrisk	1
\.


--
-- Data for Name: user; Type: TABLE DATA; Schema: public; Owner: -
--

COPY "user" (id, first_name, last_name, username, email) FROM stdin;
5	Dag Einar	Kjakan	kjakan	\N
6	David	Kristensen	daWeed	\N
7	Christian	Gjerde Jensen	blanco	\N
8	Aleksi Miikkael	Luukkonen	barbee	\N
1	Knut	Knuffern	knuffern	knut.neksa@gmail.com
3	Simen	Drusern	drusern	simenw.anderson@gmail.com
2	Anders	Playboy	playboy	anders.moe@gmail.com
4	Mikkel	Mikkelback	mikkelback	deepskygazer@gmail.com
9	Martin	Stene	bomsen	stene.martin@gmail.com
\.


--
-- Data for Name: log; Type: TABLE DATA; Schema: public; Owner: -
--

COPY log (id, date, user_id, type_id) FROM stdin;
3	2015-02-24 16:08:35.665+01	2	1
4	2015-02-24 16:09:02.542+01	1	1
5	2015-02-24 16:09:06.706+01	4	1
6	2015-02-24 16:38:58.929+01	2	1
7	2015-02-25 09:53:20.704+01	1	2
8	2015-02-25 12:06:31.091+01	1	1
9	2015-02-25 12:06:36.373+01	2	1
10	2015-02-25 12:06:44.532+01	4	1
11	2015-02-25 12:06:59.947+01	3	1
12	2015-02-25 13:25:00.897+01	3	2
13	2015-02-25 14:01:04.21+01	2	1
14	2015-02-25 14:10:53.162+01	2	2
15	2015-02-25 14:17:21.954+01	2	1
16	2015-02-25 14:49:53.345+01	2	1
17	2015-02-25 14:57:00.285+01	2	2
18	2015-02-25 14:57:08.703+01	1	1
19	2015-02-25 14:57:47.001+01	3	1
20	2015-02-25 16:06:06.912+01	2	1
21	2015-02-25 16:31:17.019+01	4	2
22	2015-02-25 16:55:37.427+01	2	2
23	2015-02-26 08:38:14.137+01	2	1
24	2015-02-26 08:51:49.659+01	2	1
25	2015-02-26 10:39:09.747+01	4	1
26	2015-02-26 10:39:23.238+01	4	1
27	2015-02-26 10:39:57.431+01	1	1
28	2015-02-26 10:40:41.647+01	2	1
29	2015-02-26 12:10:16.339+01	2	1
30	2015-02-26 12:10:32.72+01	2	1
31	2015-02-26 12:10:34.918+01	1	1
32	2015-02-26 12:11:08.462+01	3	1
33	2015-02-26 15:01:35.025+01	3	2
34	2015-02-27 10:28:25.981+01	4	1
36	2015-02-27 13:53:35.67+01	3	1
37	2015-02-27 13:53:52.167+01	1	1
38	2015-03-02 13:32:05.604+01	2	1
39	2015-03-02 15:25:35.162+01	2	1
40	2015-03-02 15:59:33.142+01	2	1
41	2015-03-03 08:28:47.889+01	2	1
42	2015-03-03 09:11:29.258+01	2	1
43	2015-03-03 10:16:09.026+01	2	1
44	2015-03-03 10:16:24.373+01	1	1
45	2015-03-03 11:11:35.096+01	2	2
46	2015-03-03 14:41:28.474+01	2	1
47	2015-03-03 15:55:58.862+01	2	1
48	2015-03-03 16:23:46.191+01	2	2
49	2015-03-04 10:19:55.987+01	1	1
50	2015-03-04 14:17:57.603+01	2	1
51	2015-03-04 15:40:49.441+01	2	1
52	2015-03-04 16:47:04.006+01	3	1
53	2015-03-04 16:47:05.905+01	3	1
54	2015-03-04 16:47:07.547+01	3	1
55	2015-03-04 16:48:13.917+01	1	1
56	2015-03-04 17:02:23.159+01	1	2
59	2015-03-04 18:29:52.797+01	1	1
60	2015-03-05 12:07:50.457+01	4	1
61	2015-03-05 12:07:56.461+01	1	1
62	2015-03-05 12:18:55.555+01	1	2
63	2015-03-05 12:45:59.978+01	1	1
64	2015-03-05 13:06:54.352+01	1	2
65	2015-03-05 13:06:58.229+01	4	2
66	2015-03-05 13:07:25.222+01	3	1
67	2015-03-05 13:43:18.547+01	1	2
68	2015-03-05 16:47:59.715+01	2	1
69	2015-03-05 16:56:58.266+01	2	1
70	2015-03-05 17:16:28.31+01	2	1
71	2015-03-06 08:33:07.21+01	2	1
72	2015-03-06 08:50:40.963+01	2	2
73	2015-03-06 08:56:16.628+01	2	2
74	2015-03-06 10:44:44.526+01	2	1
76	2015-03-06 13:37:16.739+01	2	1
77	2015-03-06 14:35:42.696+01	2	1
78	2015-03-08 14:51:53.364+01	1	1
79	2015-03-08 14:51:55.77+01	1	1
80	2015-03-08 14:52:14.034+01	3	1
81	2015-03-09 08:56:45.76+01	2	1
82	2015-03-09 09:04:26.233+01	4	1
83	2015-03-09 09:04:28.064+01	4	1
84	2015-03-09 09:04:29.748+01	4	1
85	2015-03-09 09:20:11.663+01	1	1
86	2015-03-09 11:16:56.346+01	1	1
87	2015-03-09 12:05:12.236+01	3	1
88	2015-03-09 13:00:20.132+01	2	1
89	2015-03-09 13:00:25.637+01	1	1
90	2015-03-09 13:54:19.837+01	2	1
91	2015-03-09 14:43:10.536+01	2	1
92	2015-03-09 16:02:37.576+01	2	1
93	2015-03-09 16:25:52.73+01	4	2
94	2015-03-10 08:53:43.426+01	2	1
95	2015-03-10 08:56:31.929+01	4	1
96	2015-03-10 10:16:13.491+01	2	1
97	2015-03-10 11:55:47.972+01	2	1
98	2015-03-10 11:55:51.37+01	1	1
99	2015-03-10 11:55:52.295+01	4	1
100	2015-03-10 13:07:54.93+01	3	1
101	2015-03-10 15:43:54.206+01	2	1
102	2015-03-11 09:29:04.375+01	2	1
103	2015-03-12 09:06:21.314+01	4	1
104	2015-03-12 09:06:42.238+01	2	1
105	2015-03-12 09:43:39.905+01	2	1
106	2015-03-12 10:02:30.611+01	4	2
107	2015-03-12 10:13:48.235+01	4	1
108	2015-03-12 11:44:52.923+01	4	1
109	2015-03-12 12:03:04.95+01	2	1
110	2015-03-12 12:03:11.182+01	1	1
111	2015-03-12 12:48:38.065+01	1	2
112	2015-03-12 12:48:40.77+01	4	2
113	2015-03-12 13:24:16.515+01	2	1
114	2015-03-12 14:17:19.907+01	4	1
115	2015-03-12 18:37:49.879+01	1	1
116	2015-03-13 10:42:33.197+01	2	1
117	2015-03-13 12:39:28.068+01	2	1
118	2015-03-13 13:46:07.853+01	2	1
119	2015-03-13 14:54:27.771+01	2	1
120	2015-03-13 15:14:55.668+01	2	1
121	2015-03-16 08:28:52.901+01	2	1
122	2015-03-16 08:59:18.46+01	2	1
123	2015-03-16 09:00:33.81+01	4	1
124	2015-03-16 09:43:56.34+01	2	1
125	2015-03-16 13:35:40.197+01	4	1
126	2015-03-16 13:35:42.424+01	4	1
127	2015-03-17 09:03:01.489+01	4	1
128	2015-03-17 09:03:23.779+01	2	1
129	2015-03-17 09:20:06.308+01	1	1
130	2015-03-17 09:20:09.647+01	1	2
131	2015-03-17 09:20:13.765+01	1	2
132	2015-03-17 10:18:42.886+01	4	1
133	2015-03-17 10:26:08.521+01	2	1
134	2015-03-17 10:26:10.514+01	2	1
135	2015-03-17 10:26:51.118+01	2	1
136	2015-03-17 10:29:54.1+01	4	2
137	2015-03-17 15:50:12.941+01	2	1
138	2015-03-17 16:02:35.455+01	2	1
139	2015-03-18 08:26:03.266+01	2	1
140	2015-03-18 09:08:01.685+01	2	1
141	2015-03-18 09:36:13.678+01	2	1
142	2015-03-18 10:09:09.292+01	4	1
143	2015-03-18 10:16:10.51+01	2	1
209	2015-03-30 22:01:22.466+02	3	1
210	2015-03-31 09:28:28.03+02	2	1
211	2015-03-31 09:38:17.439+02	2	1
212	2015-03-31 10:09:17.694+02	3	1
213	2015-03-31 11:07:30.309+02	2	1
214	2015-03-31 11:58:23.59+02	4	1
215	2015-03-31 11:58:27.365+02	4	1
216	2015-03-31 11:58:38.302+02	4	1
217	2015-03-31 11:58:43.093+02	4	1
218	2015-03-31 11:58:53.895+02	4	1
219	2015-03-31 11:59:26.136+02	2	1
220	2015-03-31 16:47:53.932+02	2	1
221	2015-03-31 19:37:17.08+02	3	1
222	2015-04-01 08:50:27.707+02	2	1
223	2015-04-01 09:47:43.788+02	2	1
224	2015-04-01 11:42:38.097+02	2	1
225	2015-04-02 00:39:26.545+02	3	1
226	2015-04-03 12:52:10.667+02	3	1
227	2015-04-06 20:56:51.236+02	1	1
228	2015-04-07 09:35:31.219+02	2	1
229	2015-04-07 10:32:17.785+02	4	1
230	2015-04-07 10:48:21.035+02	2	1
231	2015-04-07 11:36:45.436+02	4	1
232	2015-04-07 13:49:04.356+02	2	1
233	2015-04-07 14:58:25.709+02	4	1
234	2015-04-07 17:18:54.745+02	4	1
235	2015-04-08 08:49:03.1+02	2	1
236	2015-04-08 09:20:43.195+02	4	1
237	2015-04-08 10:28:08.789+02	4	1
238	2015-04-08 10:28:11.669+02	2	1
239	2015-04-08 10:33:48.242+02	2	1
240	2015-04-08 13:00:33.892+02	2	1
241	2015-04-08 13:29:00.861+02	2	1
242	2015-04-08 14:22:50.024+02	2	1
243	2015-04-08 15:08:43.383+02	2	1
244	2015-04-08 16:00:54.364+02	2	1
245	2015-04-09 08:51:40.198+02	4	1
246	2015-04-09 08:59:43.559+02	2	1
247	2015-04-09 08:59:44.584+02	2	1
248	2015-04-09 09:38:30.578+02	2	1
249	2015-04-09 10:21:14.9+02	2	1
250	2015-04-09 12:02:22.86+02	2	1
251	2015-04-09 13:59:55.613+02	4	1
252	2015-04-09 15:59:37.015+02	3	1
253	2015-04-09 15:59:40.631+02	3	2
254	2015-04-10 07:33:13.976+02	4	1
255	2015-04-10 09:34:21.738+02	3	1
256	2015-04-10 11:58:27.109+02	2	1
257	2015-04-10 14:56:45.104+02	2	1
258	2015-04-11 13:58:09.646+02	1	1
259	2015-04-12 12:59:02.175+02	1	1
260	2015-04-13 13:47:34.631+02	2	1
261	2015-04-13 15:46:46.87+02	3	1
262	2015-04-14 08:09:31.691+02	2	2
263	2015-04-14 13:08:29.68+02	2	1
265	2015-04-14 13:08:50.678+02	4	1
266	2015-04-14 13:08:52.337+02	4	1
267	2015-04-14 13:54:42.629+02	4	1
268	2015-04-14 13:56:05.33+02	2	1
269	2015-04-14 14:18:58.306+02	3	1
270	2015-04-15 09:05:19.564+02	2	1
271	2015-04-15 09:05:37.051+02	4	1
272	2015-04-15 12:22:16.571+02	2	1
274	2015-04-15 12:23:32.569+02	1	1
276	2015-04-15 15:23:48.66+02	2	1
277	2015-04-16 09:06:31.508+02	2	1
278	2015-04-16 09:11:34.576+02	4	1
279	2015-04-16 09:12:30.877+02	1	1
280	2015-04-16 09:12:50.299+02	1	1
281	2015-04-16 13:15:14.8+02	3	1
282	2015-04-16 13:37:52.543+02	4	1
285	2015-04-16 13:39:54.391+02	1	1
286	2015-04-16 13:54:02.985+02	4	2
287	2015-04-16 14:30:59.979+02	2	1
288	2015-04-16 15:11:31.38+02	2	1
289	2015-04-17 10:31:49.047+02	3	1
290	2015-04-17 10:31:56.834+02	1	1
291	2015-04-17 13:58:30.295+02	2	1
292	2015-04-17 15:16:09.453+02	3	1
294	2015-04-17 22:20:49.353+02	5	1
295	2015-04-18 11:41:52.498+02	2	1
296	2015-04-18 13:53:16.42+02	3	1
297	2015-04-20 08:57:40.662+02	2	1
299	2015-04-20 10:24:25.394+02	2	1
300	2015-04-20 11:42:24.956+02	4	1
301	2015-04-20 12:07:15.664+02	2	1
302	2015-04-20 12:40:21.245+02	1	1
303	2015-04-20 12:40:24.559+02	1	1
304	2015-04-20 13:20:00.939+02	2	1
305	2015-04-20 15:29:21.303+02	2	1
306	2015-04-20 15:41:29.74+02	1	2
307	2015-04-21 09:30:10.297+02	2	1
308	2015-04-21 09:30:19.086+02	1	1
309	2015-04-21 10:48:18.585+02	2	1
310	2015-04-21 11:58:08.98+02	1	1
311	2015-04-21 11:58:17.225+02	1	1
312	2015-04-21 12:33:25.078+02	2	1
313	2015-04-21 13:42:34.83+02	2	1
314	2015-04-21 14:58:29.337+02	2	1
315	2015-04-21 15:56:54.489+02	2	1
316	2015-04-22 08:42:46.732+02	2	1
317	2015-04-22 10:51:12.493+02	4	1
318	2015-04-22 11:38:05.616+02	4	1
319	2015-04-22 12:24:02.43+02	2	1
320	2015-04-22 12:24:06.925+02	4	1
321	2015-04-22 12:24:26.68+02	1	1
322	2015-04-22 14:14:11.871+02	4	1
325	2015-04-22 15:49:01.771+02	2	1
326	2015-04-22 15:49:07.888+02	4	1
327	2015-04-23 09:00:51.373+02	2	1
328	2015-04-23 09:00:52.896+02	4	1
329	2015-04-23 09:41:49.409+02	1	1
330	2015-04-23 11:33:25.064+02	4	1
332	2015-04-23 13:13:12.167+02	4	1
333	2015-04-23 13:13:16.185+02	1	1
335	2015-04-23 14:52:17.306+02	4	1
336	2015-04-23 14:54:57.941+02	1	1
338	2015-04-23 15:42:27.807+02	4	1
339	2015-04-24 07:12:51.051+02	4	1
340	2015-04-24 08:24:25.476+02	4	1
342	2015-04-24 09:10:45.974+02	4	1
343	2015-04-24 12:17:47.779+02	4	1
344	2015-04-24 12:55:06.287+02	2	1
345	2015-04-24 13:17:18.441+02	1	1
346	2015-04-24 14:11:21.782+02	1	1
347	2015-04-24 15:56:17.085+02	2	1
348	2015-04-24 16:05:08.317+02	1	1
349	2015-04-27 10:57:06.83+02	4	1
350	2015-04-27 11:31:07.086+02	4	1
352	2015-04-27 12:24:15.409+02	1	2
353	2015-04-27 15:07:16.819+02	4	1
354	2015-04-27 15:07:52.367+02	3	1
356	2015-04-27 15:08:45.143+02	1	1
358	2015-04-28 10:48:15.395+02	4	1
144	2015-03-18 10:25:59.591+01	2	1
145	2015-03-18 12:34:40.644+01	1	1
146	2015-03-18 12:34:46.33+01	1	2
147	2015-03-18 13:14:34.01+01	1	1
148	2015-03-18 13:34:09.553+01	2	1
149	2015-03-18 13:44:23.6+01	1	1
150	2015-03-18 14:00:38.037+01	2	1
151	2015-03-18 14:16:30.202+01	2	1
152	2015-03-18 15:45:03.373+01	2	1
153	2015-03-19 08:54:51.561+01	2	1
154	2015-03-19 09:26:15.401+01	2	1
155	2015-03-19 09:40:11.858+01	2	1
156	2015-03-19 14:01:13.246+01	2	1
264	2015-04-14 13:08:42.372+02	1	1
158	2015-03-20 12:32:42.003+01	2	1
159	2015-03-20 12:32:42.725+01	1	1
160	2015-03-20 12:32:43.787+01	1	1
161	2015-03-20 12:32:43.938+01	2	1
162	2015-03-20 13:16:56.392+01	2	1
163	2015-03-22 14:40:20.557+01	1	1
164	2015-03-23 08:01:22.974+01	2	1
165	2015-03-23 08:30:08.455+01	2	1
166	2015-03-23 09:30:21.058+01	4	1
167	2015-03-23 09:31:31.013+01	2	1
168	2015-03-23 10:25:14.687+01	2	1
169	2015-03-23 12:27:25.694+01	2	1
170	2015-03-23 12:27:37.422+01	1	1
171	2015-03-23 12:29:06.597+01	4	1
172	2015-03-23 13:37:05.056+01	2	1
173	2015-03-23 13:37:54.835+01	4	1
174	2015-03-23 14:52:18.798+01	2	1
175	2015-03-23 14:52:49.599+01	4	2
176	2015-03-23 15:31:07.673+01	1	1
177	2015-03-23 15:40:47.016+01	2	1
178	2015-03-24 07:49:17.989+01	1	1
179	2015-03-24 08:54:32.443+01	2	1
180	2015-03-24 09:31:13.438+01	2	1
181	2015-03-24 10:42:35.653+01	2	1
182	2015-03-24 12:03:46.316+01	4	1
183	2015-03-24 12:03:54.045+01	4	1
184	2015-03-24 12:41:14.333+01	2	1
185	2015-03-24 12:55:42.713+01	1	1
186	2015-03-24 13:48:32.872+01	2	1
187	2015-03-24 14:39:04.468+01	2	1
188	2015-03-24 15:24:44.717+01	2	1
189	2015-03-25 08:11:02.019+01	2	2
273	2015-04-15 12:22:24.198+02	4	1
191	2015-03-26 12:39:29.952+01	2	1
192	2015-03-26 13:20:15.303+01	2	1
193	2015-03-26 13:20:47.263+01	4	1
194	2015-03-26 14:43:37.893+01	2	1
195	2015-03-26 15:14:46.507+01	2	1
196	2015-03-27 08:52:32.141+01	2	1
197	2015-03-27 12:44:37.462+01	2	1
198	2015-03-27 13:53:26.865+01	2	1
199	2015-03-27 17:24:28.648+01	1	1
200	2015-03-27 17:24:42.696+01	3	1
201	2015-03-27 22:01:51.209+01	1	1
202	2015-03-27 22:02:37.632+01	3	1
203	2015-03-30 08:58:03.92+02	2	1
204	2015-03-30 09:19:50.86+02	2	1
205	2015-03-30 09:59:09.463+02	2	1
206	2015-03-30 11:00:07.403+02	2	1
207	2015-03-30 12:27:55.467+02	2	1
208	2015-03-30 14:17:53.408+02	2	1
275	2015-04-15 12:23:37.698+02	1	1
283	2015-04-16 13:39:48.076+02	2	1
284	2015-04-16 13:39:52.794+02	1	1
293	2015-04-17 15:16:26.255+02	2	1
298	2015-04-20 08:59:43.952+02	4	1
323	2015-04-22 14:14:29.132+02	2	1
324	2015-04-22 14:14:31.659+02	1	1
331	2015-04-23 11:55:44.464+02	2	1
334	2015-04-23 13:20:25.099+02	2	1
337	2015-04-23 14:54:58.82+02	2	1
341	2015-04-24 08:25:54.259+02	2	1
351	2015-04-27 11:40:07.632+02	1	1
355	2015-04-27 15:07:55.463+02	3	1
357	2015-04-27 16:26:01.99+02	4	1
359	2015-04-28 11:44:17.861+02	4	1
360	2015-04-28 11:44:48.615+02	1	1
361	2015-04-28 12:17:23.859+02	4	1
362	2015-04-28 13:32:41.99+02	4	1
363	2015-04-28 15:56:37.275+02	4	1
364	2015-04-29 10:30:34.246+02	4	1
365	2015-04-29 10:31:05.479+02	1	1
366	2015-04-29 11:33:22.104+02	4	1
367	2015-04-29 11:33:30.866+02	1	1
368	2015-04-29 12:09:18.436+02	3	1
369	2015-04-29 12:09:21.728+02	3	2
370	2015-04-29 13:30:05.32+02	4	1
371	2015-04-29 14:51:57.405+02	4	1
372	2015-04-29 14:52:07.983+02	1	1
373	2015-05-01 22:17:33.328+02	3	2
374	2015-05-01 22:17:35.912+02	3	2
375	2015-05-01 22:17:39.232+02	3	1
376	2015-05-02 20:17:21.616+02	3	1
377	2015-05-05 10:07:00.196+02	4	1
378	2015-05-05 10:07:46.21+02	2	1
379	2015-05-05 13:55:05.376+02	2	1
380	2015-05-05 14:14:19.685+02	4	1
381	2015-05-05 14:44:51.464+02	4	1
382	2015-05-05 15:41:01.845+02	2	1
383	2015-05-05 15:42:56.462+02	4	1
384	2015-05-06 09:09:34.689+02	4	1
385	2015-05-06 09:09:52.191+02	2	1
386	2015-05-06 09:39:25.245+02	4	1
387	2015-05-06 09:39:27.891+02	4	2
390	2015-05-06 10:12:42.852+02	4	1
391	2015-05-06 10:12:56.623+02	2	1
392	2015-05-06 11:42:02.13+02	4	1
393	2015-05-06 11:42:07.191+02	2	1
394	2015-05-06 11:42:16.887+02	1	1
395	2015-05-06 13:46:19.08+02	4	1
396	2015-05-06 15:37:01.409+02	5	2
397	2015-05-06 15:41:45.44+02	4	1
398	2015-05-06 16:07:59.625+02	2	1
399	2015-05-06 17:02:52.77+02	2	1
400	2015-05-07 09:47:19.085+02	2	1
401	2015-05-07 10:07:00.093+02	4	1
402	2015-05-07 10:22:30.729+02	2	1
403	2015-05-07 12:44:17.905+02	4	1
404	2015-05-07 12:44:25.301+02	1	1
405	2015-05-07 13:03:56.023+02	1	2
407	2015-05-07 13:12:26.651+02	4	1
408	2015-05-07 13:12:29.048+02	4	2
409	2015-05-07 13:13:04.289+02	1	2
411	2015-05-07 13:43:17.81+02	1	1
412	2015-05-07 14:43:22.961+02	4	1
413	2015-05-07 15:34:50.95+02	1	1
414	2015-05-07 16:25:15.963+02	2	1
415	2015-05-08 07:11:03.395+02	4	1
416	2015-05-08 07:44:20.161+02	4	1
417	2015-05-08 08:25:13.751+02	2	1
418	2015-05-08 08:41:22.118+02	2	1
419	2015-05-08 09:00:45.951+02	4	1
420	2015-05-08 09:01:01.031+02	4	1
950	2015-07-23 13:51:02.259+02	3	1
951	2015-07-24 16:26:47.221+02	3	1
952	2015-07-28 15:41:33.517+02	3	1
953	2015-07-29 14:08:20.397+02	3	1
954	2015-07-29 15:41:48.784+02	3	1
955	2015-07-30 13:33:12.629+02	3	1
956	2015-07-31 16:13:47.221+02	3	1
957	2015-08-05 08:24:29.545+02	4	1
958	2015-08-05 09:52:44.46+02	4	1
959	2015-08-05 15:32:56.369+02	4	1
960	2015-08-06 09:07:52.403+02	2	1
961	2015-08-06 09:10:14.145+02	4	1
962	2015-08-06 09:38:06.59+02	4	1
963	2015-08-06 09:38:23.798+02	2	1
964	2015-08-06 10:07:16.4+02	2	1
965	2015-08-06 11:50:07.572+02	2	1
968	2015-08-06 13:09:08.012+02	4	1
969	2015-08-06 13:37:42.023+02	4	1
970	2015-08-06 15:42:20.739+02	2	1
971	2015-08-07 09:32:35.085+02	2	1
972	2015-08-07 10:01:03.402+02	2	1
973	2015-08-07 11:21:33.755+02	4	1
976	2015-08-07 12:49:44.943+02	2	1
981	2015-08-07 15:05:53.711+02	2	1
982	2015-08-10 07:28:50.202+02	2	1
984	2015-08-10 08:08:52.484+02	2	1
985	2015-08-10 12:03:01.123+02	2	1
986	2015-08-10 12:03:02.163+02	2	1
992	2015-08-11 08:49:03.086+02	2	1
993	2015-08-11 09:05:43.11+02	2	1
995	2015-08-11 10:18:40.733+02	2	1
996	2015-08-11 12:30:02.515+02	2	1
999	2015-08-11 13:01:49.573+02	2	1
1001	2015-08-11 13:02:52.648+02	1	1
1003	2015-08-11 13:48:10.848+02	4	1
1005	2015-08-11 14:15:39.988+02	2	1
1008	2015-08-11 15:42:36.714+02	2	1
1009	2015-08-12 08:44:38.469+02	2	1
1010	2015-08-12 09:23:48.014+02	4	1
1011	2015-08-12 09:51:26.068+02	4	1
1013	2015-08-12 11:55:41.362+02	4	1
1015	2015-08-12 13:00:01.081+02	2	1
1016	2015-08-12 13:45:26.272+02	2	1
1017	2015-08-12 14:07:52.101+02	4	1
1018	2015-08-12 15:37:06.562+02	2	1
1019	2015-08-13 08:32:28.508+02	2	1
1020	2015-08-13 09:33:06.009+02	2	1
1021	2015-08-13 10:22:56.603+02	2	1
1022	2015-08-13 12:46:51.054+02	4	1
1025	2015-08-13 12:58:45.211+02	1	1
1026	2015-08-13 14:08:48.377+02	2	1
1027	2015-08-13 14:20:42.492+02	4	1
1030	2015-08-13 14:27:54.379+02	1	1
1032	2015-08-13 15:21:35.212+02	2	1
1033	2015-08-13 16:50:32.83+02	1	2
1034	2015-08-14 08:09:26.555+02	4	1
1035	2015-08-14 09:04:16.945+02	4	1
1037	2015-08-14 10:22:21.209+02	2	1
1038	2015-08-14 11:55:23.104+02	4	1
1040	2015-08-14 12:18:26.102+02	2	1
1041	2015-08-14 13:25:17.483+02	2	1
1042	2015-08-14 15:39:19.994+02	2	1
1043	2015-08-14 16:04:44.323+02	4	1
1044	2015-08-17 08:32:16.277+02	4	1
1045	2015-08-17 08:48:18.603+02	2	1
1046	2015-08-17 09:10:10.584+02	2	1
1047	2015-08-17 09:14:34.358+02	4	1
1048	2015-08-17 09:16:54.098+02	2	1
1049	2015-08-17 12:33:29.551+02	2	1
1050	2015-08-17 13:23:49.192+02	4	1
1051	2015-08-17 13:36:33.658+02	2	1
1052	2015-08-17 13:37:27.218+02	1	1
1053	2015-08-17 13:50:52.782+02	4	1
1054	2015-08-17 14:34:49.807+02	2	1
1055	2015-08-17 14:35:13.83+02	4	1
1056	2015-08-18 09:48:32.543+02	4	1
1057	2015-08-18 10:41:17.042+02	2	1
1058	2015-08-18 10:41:30.328+02	4	1
1059	2015-08-18 11:27:45.206+02	4	1
1060	2015-08-18 16:32:27.434+02	2	1
1061	2015-08-18 16:48:39.391+02	4	1
1063	2015-08-18 16:49:53.151+02	1	1
1064	2015-08-18 16:50:09.238+02	1	1
1066	2015-08-18 17:10:35.841+02	4	1
1067	2015-08-18 17:10:39.135+02	4	2
1068	2015-08-19 09:00:28.474+02	2	1
1069	2015-08-19 10:13:30.159+02	2	1
1070	2015-08-19 13:39:37.691+02	2	1
1071	2015-08-19 13:39:41.058+02	1	1
1072	2015-08-20 09:34:57.177+02	2	1
1073	2015-08-20 12:06:32.965+02	2	1
1079	2015-08-21 08:18:21.049+02	2	1
1081	2015-08-21 09:08:19.911+02	2	1
1083	2015-08-21 09:27:48.386+02	2	1
1084	2015-08-21 09:54:04.834+02	4	1
1088	2015-08-21 13:37:48.233+02	2	1
1089	2015-08-21 14:18:40.597+02	2	1
1091	2015-08-24 09:02:56.199+02	2	1
1095	2015-08-24 09:45:21.432+02	2	1
1099	2015-08-24 13:30:55.132+02	2	1
1101	2015-08-24 15:39:38.774+02	2	1
1105	2015-08-25 09:18:09.923+02	4	1
1110	2015-08-25 11:51:30.82+02	4	1
1111	2015-08-25 11:51:42.116+02	4	2
1115	2015-08-25 13:32:16.207+02	2	1
1116	2015-08-25 13:47:48.629+02	4	1
1119	2015-08-25 15:44:29.655+02	2	1
1120	2015-08-26 11:29:19.274+02	4	1
1121	2015-08-26 11:51:32.697+02	2	1
1122	2015-08-26 12:02:02.646+02	2	1
1127	2015-08-26 13:30:06.275+02	4	1
1129	2015-08-27 09:16:43.503+02	4	1
1131	2015-08-27 13:01:50.236+02	2	1
1132	2015-08-27 13:35:12.841+02	4	1
1133	2015-08-27 13:37:47.428+02	2	1
1134	2015-08-27 13:37:51.833+02	4	2
1135	2015-08-27 14:07:45.306+02	4	2
1137	2015-08-27 15:11:27.178+02	4	1
1138	2015-08-27 15:40:27.68+02	2	2
1139	2015-08-28 08:31:33.231+02	4	1
1140	2015-08-28 09:28:11.228+02	6	1
1147	2015-08-28 13:47:39.405+02	4	1
1149	2015-08-31 09:52:01.597+02	2	1
1152	2015-08-31 12:57:03.285+02	4	1
1153	2015-08-31 12:57:07.722+02	2	1
1155	2015-08-31 14:28:16.797+02	4	1
1156	2015-08-31 14:31:20.032+02	2	1
1157	2015-08-31 14:50:26.474+02	2	1
1159	2015-09-01 09:00:37.524+02	4	1
1160	2015-09-01 09:52:50.147+02	2	1
1161	2015-09-01 10:05:18.746+02	4	1
1163	2015-09-01 11:26:21.244+02	4	1
1164	2015-09-01 12:38:52.759+02	2	1
1165	2015-09-01 12:59:01.893+02	2	1
421	2015-05-08 10:02:57.126+02	4	1
966	2015-08-06 11:51:17.119+02	4	1
967	2015-08-06 12:58:02.2+02	2	1
974	2015-08-07 11:22:02.68+02	2	1
979	2015-08-07 13:38:00.985+02	4	1
980	2015-08-07 14:16:52.47+02	2	1
983	2015-08-10 07:33:25.537+02	4	1
987	2015-08-10 12:03:07.538+02	4	1
991	2015-08-10 14:43:08.656+02	4	1
994	2015-08-11 09:28:58.32+02	4	1
997	2015-08-11 12:33:33.402+02	4	1
998	2015-08-11 12:33:40.326+02	4	1
1000	2015-08-11 13:02:01.67+02	4	1
1002	2015-08-11 13:35:11.557+02	2	1
1004	2015-08-11 13:49:35.843+02	2	1
1006	2015-08-11 14:29:21.518+02	4	1
1007	2015-08-11 14:29:29.267+02	1	1
1012	2015-08-12 10:18:17.035+02	2	1
1014	2015-08-12 12:29:02.661+02	2	1
1023	2015-08-13 12:50:21.301+02	2	1
1024	2015-08-13 12:58:36.007+02	4	1
1031	2015-08-13 15:13:55.727+02	4	1
1036	2015-08-14 09:50:08.152+02	4	1
1039	2015-08-14 11:57:37.518+02	2	1
1062	2015-08-18 16:48:40.316+02	4	1
1065	2015-08-18 17:09:55.02+02	2	1
1074	2015-08-20 12:27:58.15+02	2	1
1077	2015-08-20 14:00:19.15+02	2	1
1082	2015-08-21 09:08:19.915+02	4	1
1086	2015-08-21 10:34:19.329+02	4	1
1090	2015-08-21 14:46:15.812+02	1	1
1092	2015-08-24 09:03:28.56+02	4	1
1098	2015-08-24 12:42:49.784+02	1	1
1102	2015-08-24 15:40:04.401+02	4	1
1103	2015-08-24 15:57:13.833+02	2	1
1104	2015-08-24 16:58:31.42+02	4	1
1106	2015-08-25 09:28:50.512+02	2	1
1107	2015-08-25 09:29:20.204+02	1	1
1112	2015-08-25 11:52:13.496+02	2	1
1113	2015-08-25 12:57:03.108+02	2	1
1117	2015-08-25 14:10:05.506+02	2	1
1123	2015-08-26 12:13:43.876+02	2	1
1124	2015-08-26 12:21:32.312+02	4	1
1125	2015-08-26 12:25:30.422+02	2	1
1126	2015-08-26 12:34:40.186+02	2	2
1128	2015-08-26 13:30:40.315+02	2	1
1130	2015-08-27 09:58:30.317+02	2	1
1136	2015-08-27 15:11:18.669+02	1	1
1141	2015-08-28 09:28:54.062+02	2	1
1142	2015-08-28 09:29:03.594+02	1	1
1150	2015-08-31 09:52:04.295+02	4	1
1151	2015-08-31 09:52:11.504+02	4	1
1158	2015-08-31 15:55:22.625+02	2	1
1162	2015-09-01 10:31:48.005+02	2	1
1166	2015-09-01 13:12:09.584+02	4	1
1167	2015-09-01 13:12:14.704+02	1	1
1168	2015-09-01 13:12:22.069+02	2	1
1169	2015-09-01 13:39:21.054+02	2	1
1173	2015-09-01 15:26:59.226+02	2	1
1507	2015-10-08 09:32:48.896+02	2	1
1508	2015-10-08 09:55:27.411+02	4	1
1509	2015-10-08 09:59:03.027+02	2	1
1510	2015-10-08 10:34:03.133+02	4	1
1518	2015-10-08 15:38:46.856+02	2	1
1524	2015-10-09 08:44:47.313+02	7	1
1527	2015-10-09 09:37:33.97+02	4	1
1528	2015-10-09 09:58:44.662+02	1	1
1531	2015-10-09 11:55:50.399+02	2	1
1536	2015-10-09 13:00:21.356+02	2	1
1562	2015-10-12 14:41:18.332+02	4	1
1604	2015-10-26 10:45:18.741+01	4	1
1608	2015-10-27 09:42:52.217+01	7	1
1610	2015-10-27 12:56:28.411+01	7	1
1611	2015-10-27 13:11:45.549+01	4	1
1612	2015-10-27 13:31:25.464+01	4	1
1615	2015-10-28 14:23:35.591+01	1	1
1618	2015-10-29 09:35:52.76+01	4	1
1619	2015-10-29 10:02:15.169+01	4	1
1622	2015-10-29 11:51:01+01	7	1
1623	2015-10-29 12:18:06.102+01	4	1
1624	2015-10-29 13:38:27.249+01	4	1
1625	2015-10-29 14:33:44.806+01	7	1
1626	2015-10-29 15:47:49.696+01	1	1
1628	2015-10-30 13:47:16.529+01	4	1
1633	2015-11-02 09:51:07.535+01	4	1
1643	2015-11-03 16:19:52.48+01	4	1
1647	2015-11-04 14:26:07.233+01	1	1
1651	2015-11-06 13:37:32.484+01	1	1
1652	2015-11-06 13:39:09.55+01	2	1
1658	2015-11-09 08:55:15.245+01	4	1
1659	2015-11-09 09:41:42.676+01	2	1
1660	2015-11-09 10:36:29.391+01	4	1
1661	2015-11-09 11:59:01.797+01	1	1
1663	2015-11-10 08:49:10.507+01	2	1
1665	2015-11-10 13:24:44.788+01	2	1
1666	2015-11-10 13:44:12.597+01	2	1
1670	2015-11-10 14:31:21.136+01	2	1
1671	2015-11-10 14:44:38.83+01	1	1
1681	2015-11-12 09:32:00.73+01	1	1
1684	2015-11-12 10:59:35.065+01	2	1
1688	2015-11-12 12:54:16.159+01	4	1
1696	2015-11-13 10:46:31.845+01	4	1
1702	2015-11-13 12:54:37.62+01	4	1
1703	2015-11-13 12:55:28.547+01	2	1
1705	2015-11-13 14:36:56.37+01	2	1
1709	2015-11-16 09:13:39.353+01	4	1
1722	2015-11-17 09:38:57.403+01	2	1
1727	2015-11-17 13:56:18.783+01	2	1
1731	2015-11-18 09:35:28.033+01	2	1
1732	2015-11-18 10:19:29.595+01	2	1
1734	2015-11-18 10:30:03.111+01	3	1
1735	2015-11-18 11:27:23.017+01	2	1
1762	2015-11-20 10:36:18.086+01	4	1
1763	2015-11-20 12:04:33.708+01	2	1
1764	2015-11-20 12:04:50.267+01	4	1
1765	2015-11-20 12:37:31.066+01	4	1
1766	2015-11-20 12:59:51.091+01	1	1
1769	2015-11-20 15:57:51.233+01	4	1
1770	2015-11-20 15:58:01.908+01	1	1
1778	2015-11-24 10:58:00.766+01	3	1
1779	2015-11-24 12:56:40.277+01	4	1
1790	2015-11-25 11:01:09.082+01	4	1
1794	2015-11-26 08:54:51.319+01	4	1
1795	2015-11-26 08:59:46.046+01	2	1
1796	2015-11-26 09:33:10.624+01	2	1
1798	2015-11-26 11:34:33.788+01	4	1
1801	2015-11-26 13:50:16.257+01	4	2
1806	2015-11-27 10:21:38.686+01	4	1
1808	2015-11-27 11:43:28.968+01	4	1
1815	2015-11-30 10:13:13.415+01	3	1
1821	2015-11-30 13:09:14.3+01	2	1
1827	2015-12-01 11:49:11.946+01	4	1
1829	2015-12-01 15:34:59.338+01	3	1
1837	2015-12-03 15:36:39.489+01	3	1
1842	2015-12-07 07:53:54.15+01	4	1
422	2015-05-08 11:31:59.783+02	2	1
426	2015-05-08 13:23:04.872+02	1	2
427	2015-05-08 15:02:24.957+02	2	1
975	2015-08-07 11:47:47.386+02	2	1
977	2015-08-07 12:49:57.256+02	4	1
978	2015-08-07 13:17:31.411+02	2	1
988	2015-08-10 12:40:10.44+02	2	1
989	2015-08-10 13:43:49.231+02	2	1
990	2015-08-10 14:12:31.285+02	2	1
1075	2015-08-20 13:02:17.688+02	2	1
1076	2015-08-20 13:46:08.493+02	2	1
1078	2015-08-20 14:55:29.28+02	1	1
1085	2015-08-21 09:56:14.23+02	2	1
1087	2015-08-21 12:24:27.525+02	2	1
1093	2015-08-24 09:14:38.581+02	4	1
1094	2015-08-24 09:22:15.468+02	2	1
1108	2015-08-25 10:21:07.229+02	2	1
1109	2015-08-25 10:23:13.892+02	4	1
1114	2015-08-25 12:59:01.86+02	4	1
1118	2015-08-25 14:42:54.594+02	4	1
1143	2015-08-28 10:00:30.41+02	2	1
1144	2015-08-28 11:42:12.007+02	4	1
1145	2015-08-28 11:42:14.487+02	2	1
1146	2015-08-28 12:42:04.11+02	2	1
1148	2015-08-28 15:00:20.985+02	4	1
1171	2015-09-01 13:53:52.436+02	4	1
1172	2015-09-01 14:48:04.766+02	2	1
1174	2015-09-02 08:56:10.777+02	2	1
1175	2015-09-02 09:24:55.206+02	4	1
1176	2015-09-02 09:25:03.066+02	4	1
1177	2015-09-02 11:51:15.556+02	4	1
1178	2015-09-02 12:57:19.864+02	1	1
1179	2015-09-02 13:29:56.547+02	2	1
1181	2015-09-02 15:43:22.13+02	2	1
1182	2015-09-03 08:55:53.671+02	4	1
1183	2015-09-03 09:54:27.16+02	2	1
1184	2015-09-03 11:29:45.592+02	4	1
1185	2015-09-03 12:46:06.22+02	4	1
1186	2015-09-03 13:34:40.784+02	2	1
1187	2015-09-03 13:45:54.297+02	2	1
1188	2015-09-03 14:17:20.382+02	2	1
1189	2015-09-03 14:51:17.487+02	2	1
1190	2015-09-03 16:10:08.074+02	2	1
1191	2015-09-04 09:36:29.18+02	4	1
1192	2015-09-04 10:38:10.848+02	4	1
1193	2015-09-04 11:30:57.673+02	4	1
1194	2015-09-04 12:31:19.253+02	4	1
1195	2015-09-04 12:31:48.86+02	2	1
1196	2015-09-04 14:44:19.107+02	4	1
1197	2015-09-07 08:42:06.501+02	2	1
1199	2015-09-07 11:41:32.48+02	4	1
1200	2015-09-07 11:41:34.256+02	4	1
1201	2015-09-07 11:43:05.972+02	2	1
1203	2015-09-07 12:33:47.638+02	4	1
1205	2015-09-07 12:40:37.219+02	2	1
1206	2015-09-07 13:17:36.651+02	2	1
1208	2015-09-08 10:39:03.887+02	2	1
1211	2015-09-08 11:47:22.389+02	2	1
1215	2015-09-08 15:38:00.955+02	2	1
1216	2015-09-08 16:04:48.902+02	2	1
1222	2015-09-11 11:56:42.25+02	2	1
1228	2015-09-11 12:42:25.243+02	4	1
1229	2015-09-11 12:42:26.287+02	4	1
1232	2015-09-11 14:04:58.852+02	2	1
1233	2015-09-11 15:17:01.796+02	2	1
1235	2015-09-11 15:41:50.243+02	4	1
1236	2015-09-14 09:02:43.544+02	2	1
1239	2015-09-14 09:28:45.67+02	2	1
1240	2015-09-14 11:51:59.804+02	4	1
1242	2015-09-14 13:09:27.025+02	4	1
1243	2015-09-14 13:23:04.193+02	2	1
1244	2015-09-14 14:26:57.405+02	2	1
1246	2015-09-15 10:00:19.926+02	2	1
1249	2015-09-15 13:01:10.003+02	4	1
1253	2015-09-15 13:42:39.342+02	2	1
1254	2015-09-16 11:47:51.186+02	4	1
1256	2015-09-16 12:33:16.5+02	1	1
1257	2015-09-16 12:58:44.756+02	2	1
1258	2015-09-16 12:58:51.178+02	4	1
1259	2015-09-16 14:45:42.663+02	1	1
1261	2015-09-18 10:43:36.099+02	4	1
1262	2015-09-18 10:43:43.302+02	4	1
1263	2015-09-18 11:49:50.121+02	4	1
1264	2015-09-18 12:31:36.677+02	4	1
1266	2015-09-18 16:28:14.637+02	2	1
1267	2015-09-18 16:28:15.656+02	2	1
1268	2015-09-21 08:20:00.799+02	4	1
1269	2015-09-21 08:45:07.829+02	4	1
1271	2015-09-21 09:30:51.709+02	2	1
1272	2015-09-21 09:32:14.15+02	4	1
1273	2015-09-21 09:32:17.274+02	2	1
1274	2015-09-21 12:30:14.847+02	4	1
1276	2015-09-21 13:37:00.706+02	4	1
1278	2015-09-21 14:48:14.974+02	4	1
1279	2015-09-22 09:35:10.644+02	4	1
1280	2015-09-22 11:33:21.11+02	2	1
1284	2015-09-23 10:11:38.836+02	4	1
1285	2015-09-23 12:26:48.43+02	4	1
1287	2015-09-23 12:29:11.291+02	1	1
1288	2015-09-23 13:40:17.805+02	4	1
1290	2015-09-23 14:25:48.364+02	4	1
1291	2015-09-23 14:45:41.334+02	2	1
1292	2015-09-23 15:06:09.997+02	2	1
1293	2015-09-23 15:29:15.092+02	2	1
1294	2015-09-23 16:12:15.851+02	2	1
1295	2015-09-23 17:42:07.733+02	4	1
1296	2015-09-23 17:43:49.492+02	4	1
1297	2015-09-23 18:05:49.6+02	4	1
1298	2015-09-23 18:30:15.859+02	1	1
1299	2015-09-23 18:30:21.583+02	1	1
1300	2015-09-23 18:30:47.993+02	1	1
1302	2015-09-24 08:31:55.895+02	2	1
1303	2015-09-24 09:06:42.869+02	2	1
1306	2015-09-24 09:49:06.445+02	2	1
1313	2015-09-24 14:12:44.874+02	7	1
1315	2015-09-24 17:48:40.849+02	4	1
1317	2015-09-25 08:11:39.738+02	4	1
1326	2015-09-25 11:28:08.632+02	4	1
1331	2015-09-25 12:43:11.01+02	2	1
1338	2015-09-26 20:30:03.377+02	1	1
1339	2015-09-28 08:19:23.275+02	4	1
1340	2015-09-28 08:59:59.591+02	2	1
1343	2015-09-28 09:12:58.465+02	4	1
1344	2015-09-28 09:51:47.419+02	4	1
1346	2015-09-28 10:17:04.065+02	2	1
1349	2015-09-28 12:01:43.25+02	2	1
1350	2015-09-28 12:02:52.701+02	1	1
1352	2015-09-28 12:03:58.687+02	4	1
1355	2015-09-28 13:23:45.625+02	4	1
1357	2015-09-28 14:33:20.131+02	2	1
1359	2015-09-28 15:19:36.179+02	2	1
1364	2015-09-29 08:16:16.482+02	7	1
1366	2015-09-29 09:18:58.371+02	2	1
423	2015-05-08 11:42:00.64+02	4	1
424	2015-05-08 12:48:05.862+02	1	1
425	2015-05-08 13:03:33.239+02	2	1
428	2015-05-11 09:58:40.484+02	2	1
429	2015-05-11 09:58:42.961+02	2	1
430	2015-05-11 12:28:24.351+02	2	1
431	2015-05-11 12:33:43.859+02	1	1
432	2015-05-11 12:33:54.066+02	2	1
433	2015-05-11 15:29:30.668+02	2	1
434	2015-05-12 08:50:08.625+02	2	1
435	2015-05-12 09:51:45.977+02	2	1
436	2015-05-12 14:59:13.972+02	4	1
437	2015-05-12 15:32:30.682+02	2	1
438	2015-05-12 16:00:45.956+02	2	1
439	2015-05-12 17:26:44.604+02	1	1
440	2015-05-12 19:28:41.099+02	1	1
441	2015-05-12 19:57:43.777+02	4	1
442	2015-05-12 20:25:58.015+02	4	1
444	2015-05-12 21:47:40.216+02	4	1
445	2015-05-12 21:47:42.274+02	4	1
446	2015-05-13 08:13:12.748+02	4	1
447	2015-05-13 09:01:50.129+02	2	1
448	2015-05-13 09:43:53.441+02	2	1
449	2015-05-13 10:16:56.939+02	4	1
450	2015-05-13 10:17:18.253+02	2	1
451	2015-05-13 11:31:37.008+02	4	1
452	2015-05-13 11:51:42.225+02	2	1
453	2015-05-13 12:05:57.527+02	1	1
454	2015-05-13 12:06:01.094+02	1	1
455	2015-05-13 12:55:41.352+02	4	1
456	2015-05-13 14:07:29.911+02	2	1
457	2015-05-13 15:01:54.179+02	2	1
458	2015-05-15 08:50:36.638+02	2	1
459	2015-05-15 11:33:36.651+02	1	1
460	2015-05-15 11:34:05.836+02	2	1
461	2015-05-15 12:20:59.034+02	2	1
462	2015-05-15 12:34:31.008+02	1	1
463	2015-05-15 13:05:21.792+02	1	2
464	2015-05-15 13:09:05.757+02	2	1
465	2015-05-15 14:05:19.156+02	2	1
466	2015-05-15 15:28:04.849+02	2	1
467	2015-05-18 09:08:57.665+02	2	1
468	2015-05-18 09:09:05.495+02	2	1
469	2015-05-18 09:17:09.905+02	4	1
470	2015-05-18 09:17:11.342+02	4	1
471	2015-05-18 09:17:12.288+02	4	1
472	2015-05-18 09:17:13.262+02	4	1
473	2015-05-18 09:17:22.026+02	4	1
474	2015-05-18 10:40:06.691+02	4	1
475	2015-05-18 11:35:13.915+02	4	1
476	2015-05-18 12:44:14.256+02	4	1
477	2015-05-18 12:58:58.52+02	2	1
478	2015-05-18 13:36:54.93+02	2	1
479	2015-05-18 13:42:20.193+02	4	1
480	2015-05-18 13:42:20.215+02	1	1
481	2015-05-18 13:42:23.229+02	4	2
483	2015-05-18 16:30:19.444+02	4	1
484	2015-05-19 08:30:11.537+02	2	1
485	2015-05-19 08:51:29.825+02	2	1
486	2015-05-19 09:26:33.3+02	2	1
487	2015-05-19 11:28:10.71+02	4	1
488	2015-05-19 11:47:13.658+02	4	1
489	2015-05-19 12:16:43.635+02	2	1
490	2015-05-19 12:52:10.251+02	4	1
491	2015-05-19 13:10:24.901+02	2	1
492	2015-05-19 13:52:23.804+02	4	1
493	2015-05-19 14:52:06.207+02	4	1
494	2015-05-19 15:11:31.54+02	2	1
495	2015-05-19 16:25:30.264+02	1	1
496	2015-05-19 16:25:37.666+02	2	1
497	2015-05-19 16:25:41.782+02	4	1
498	2015-05-19 18:09:33.869+02	4	1
499	2015-05-20 08:30:28.65+02	4	1
500	2015-05-20 08:45:15.965+02	2	1
501	2015-05-20 09:07:56.192+02	2	1
502	2015-05-20 09:26:02.757+02	4	1
503	2015-05-20 11:42:44.983+02	4	1
504	2015-05-20 12:00:40.592+02	1	1
505	2015-05-20 12:50:20.556+02	2	1
506	2015-05-20 12:50:44.124+02	4	1
507	2015-05-20 13:17:47.615+02	2	1
508	2015-05-20 13:36:47.035+02	4	1
509	2015-05-20 13:49:13.365+02	2	1
510	2015-05-20 14:01:58.655+02	1	1
511	2015-05-20 15:01:30.069+02	2	1
512	2015-05-20 15:04:32.265+02	5	1
513	2015-05-20 15:54:08.211+02	2	1
514	2015-05-20 16:01:51.72+02	4	1
515	2015-05-21 11:53:23.244+02	1	1
516	2015-05-21 11:55:14.414+02	2	1
517	2015-05-21 12:17:23.76+02	2	1
518	2015-05-21 13:19:08.726+02	1	1
520	2015-05-21 13:19:44.838+02	1	1
521	2015-05-21 13:27:58.252+02	2	1
522	2015-05-21 14:21:51.499+02	2	1
523	2015-05-21 15:29:49.701+02	1	1
524	2015-05-21 15:54:39.316+02	2	1
525	2015-05-22 07:55:59.96+02	4	1
526	2015-05-22 08:50:29.287+02	4	1
527	2015-05-22 09:56:06.649+02	4	1
528	2015-05-22 10:50:07.49+02	2	1
529	2015-05-22 10:50:07.64+02	4	1
530	2015-05-22 12:50:25.561+02	4	1
531	2015-05-22 13:19:10.894+02	2	1
532	2015-05-22 13:42:04.27+02	2	1
533	2015-05-22 13:42:07.132+02	1	1
534	2015-05-22 13:42:40.876+02	4	1
535	2015-05-22 13:42:50.293+02	1	1
536	2015-05-22 13:42:51.437+02	1	1
537	2015-05-22 14:03:40.139+02	4	2
538	2015-05-22 14:08:20.575+02	2	1
539	2015-05-22 15:04:56.325+02	5	2
540	2015-05-22 15:04:58.488+02	5	2
541	2015-05-22 15:04:59.59+02	5	2
542	2015-05-22 15:05:01.402+02	5	2
543	2015-05-22 15:05:12.304+02	5	2
544	2015-05-22 15:05:24.003+02	5	1
545	2015-05-22 15:10:32.637+02	2	1
546	2015-05-26 08:49:13.259+02	4	1
547	2015-05-26 08:49:20.68+02	2	1
548	2015-05-26 09:16:47.246+02	2	1
551	2015-05-26 09:55:36.551+02	4	1
552	2015-05-26 09:56:39.764+02	2	1
553	2015-05-26 09:57:10.289+02	1	1
554	2015-05-26 10:35:46.749+02	4	1
555	2015-05-26 12:03:44.408+02	2	1
556	2015-05-26 12:04:06.048+02	4	1
557	2015-05-26 12:04:06.859+02	1	1
558	2015-05-26 12:33:28.738+02	1	2
559	2015-05-26 12:45:07.67+02	4	1
560	2015-05-26 13:11:05.545+02	1	1
561	2015-05-26 13:23:27.71+02	2	1
562	2015-05-26 13:23:29.032+02	4	1
563	2015-05-26 14:49:52.621+02	2	1
564	2015-05-26 15:05:54.139+02	2	1
565	2015-05-26 15:46:42.782+02	2	1
566	2015-05-26 16:18:48.435+02	2	1
1096	2015-08-24 10:17:56.413+02	2	1
1097	2015-08-24 10:43:30.82+02	4	1
1100	2015-08-24 13:37:13.34+02	2	2
1180	2015-09-02 14:17:12.542+02	4	1
1198	2015-09-07 09:15:05.295+02	2	1
1202	2015-09-07 12:25:11.63+02	2	1
1204	2015-09-07 12:40:32.955+02	1	1
1207	2015-09-07 14:47:25.713+02	4	1
1209	2015-09-08 10:54:57.609+02	4	1
1210	2015-09-08 11:00:13.717+02	2	1
1219	2015-09-11 08:56:31.2+02	2	1
1224	2015-09-11 12:41:22.633+02	2	1
1226	2015-09-11 12:42:23.261+02	4	1
1230	2015-09-11 13:12:02.104+02	4	1
1231	2015-09-11 13:12:05.773+02	2	1
1237	2015-09-14 09:02:43.838+02	4	1
1238	2015-09-14 09:28:44.991+02	4	1
1241	2015-09-14 12:40:41.523+02	4	1
1245	2015-09-14 14:27:03.108+02	2	1
1247	2015-09-15 10:46:02.875+02	4	1
1252	2015-09-15 13:42:38.536+02	4	1
1255	2015-09-16 11:47:52.436+02	4	1
1260	2015-09-16 14:45:52.779+02	2	2
1270	2015-09-21 08:45:19.168+02	2	1
1275	2015-09-21 12:31:03.92+02	2	1
1277	2015-09-21 13:37:19.107+02	2	1
1281	2015-09-22 11:39:18.388+02	4	1
1286	2015-09-23 12:26:55.08+02	2	1
1301	2015-09-23 18:30:58.406+02	1	2
1304	2015-09-24 09:29:27.49+02	4	1
1307	2015-09-24 10:34:39.641+02	2	1
1310	2015-09-24 12:17:03.81+02	1	1
1311	2015-09-24 12:40:24.702+02	2	1
1314	2015-09-24 14:39:51.112+02	2	1
1318	2015-09-25 08:11:44.759+02	4	1
1320	2015-09-25 08:54:39.365+02	2	1
1328	2015-09-25 12:12:07.699+02	2	1
1332	2015-09-25 12:59:25.212+02	4	1
1333	2015-09-25 12:59:52.248+02	2	1
1341	2015-09-28 09:00:10.119+02	1	1
1345	2015-09-28 09:53:35.965+02	2	1
1356	2015-09-28 13:32:18.597+02	2	1
1358	2015-09-28 14:45:17.674+02	4	1
1360	2015-09-28 15:33:39.157+02	4	1
1361	2015-09-28 15:46:51.891+02	1	1
1362	2015-09-28 15:46:57.478+02	2	1
1363	2015-09-28 16:57:26.238+02	4	1
1365	2015-09-29 08:16:17.154+02	2	1
1367	2015-09-29 09:39:52.799+02	4	1
1368	2015-09-29 10:52:52.473+02	4	1
1369	2015-09-29 11:24:51.255+02	4	1
1371	2015-09-29 11:26:20.887+02	1	1
1372	2015-09-29 11:26:24.323+02	2	1
1525	2015-10-09 09:02:09.015+02	2	1
1526	2015-10-09 09:32:38.123+02	2	1
1529	2015-10-09 09:58:49.781+02	2	1
1530	2015-10-09 11:55:25.223+02	4	1
1532	2015-10-09 12:07:28.151+02	4	1
1533	2015-10-09 12:19:48.046+02	2	1
1534	2015-10-09 12:54:19.231+02	4	1
1535	2015-10-09 12:55:15.42+02	1	1
1563	2015-10-12 14:43:48.465+02	7	1
1605	2015-10-26 11:43:45.483+01	4	1
1613	2015-10-27 14:40:49.269+01	4	1
1620	2015-10-29 10:52:07.714+01	4	1
1621	2015-10-29 10:54:09.731+01	7	1
1634	2015-11-02 10:46:42.818+01	4	1
1636	2015-11-02 11:41:17.533+01	4	1
1645	2015-11-03 19:11:33.454+01	4	1
1664	2015-11-10 12:28:54.595+01	2	1
1667	2015-11-10 14:27:12.953+01	4	1
1668	2015-11-10 14:27:14.874+01	4	1
1669	2015-11-10 14:27:19.228+01	4	1
1672	2015-11-10 15:10:46.277+01	2	1
1673	2015-11-11 08:25:30.287+01	2	1
1675	2015-11-11 12:29:16.106+01	2	1
1677	2015-11-11 14:10:28.3+01	2	1
1678	2015-11-11 15:25:58.143+01	1	1
1213	2015-09-08 13:08:50.34+02	4	1
1214	2015-09-08 15:28:20.825+02	4	1
1212	2015-09-08 11:47:56.414+02	4	1
1683	2015-11-12 10:59:02.042+01	4	1
1685	2015-11-12 11:43:35.826+01	2	1
1686	2015-11-12 11:47:19.417+01	4	1
1690	2015-11-12 13:50:23.801+01	2	1
1691	2015-11-13 09:02:38.922+01	4	1
1693	2015-11-13 09:58:44.664+01	2	1
1694	2015-11-13 10:18:26.984+01	4	1
1695	2015-11-13 10:35:44.073+01	2	1
1699	2015-11-13 12:17:31.586+01	4	2
1704	2015-11-13 14:19:12.678+01	2	1
1706	2015-11-13 15:03:46.022+01	2	1
1707	2015-11-16 08:14:02.875+01	2	1
1711	2015-11-16 11:29:27.26+01	4	1
1714	2015-11-16 13:29:34.161+01	2	1
1715	2015-11-16 13:54:44.013+01	4	1
1716	2015-11-16 14:09:51.179+01	2	1
1717	2015-11-16 15:09:05.705+01	4	1
1718	2015-11-16 15:59:52.085+01	2	1
1719	2015-11-17 08:48:40.492+01	4	1
1720	2015-11-17 08:56:00.601+01	2	1
1724	2015-11-17 13:00:29.551+01	4	1
1725	2015-11-17 13:27:58.147+01	2	1
1726	2015-11-17 13:50:13.049+01	4	1
1728	2015-11-17 14:31:40.466+01	2	1
1729	2015-11-18 08:18:25.33+01	4	1
1736	2015-11-18 11:34:41.212+01	4	1
1737	2015-11-18 12:38:20.323+01	4	1
1738	2015-11-18 12:41:19.25+01	2	1
1739	2015-11-18 13:56:10.552+01	1	1
1741	2015-11-18 14:29:53.963+01	2	1
1742	2015-11-18 15:36:43.666+01	2	1
1743	2015-11-18 16:26:15.649+01	2	1
1744	2015-11-19 10:40:49.339+01	2	1
1748	2015-11-19 13:12:27.934+01	2	1
1749	2015-11-19 13:37:27.315+01	4	1
1752	2015-11-19 13:38:23.188+01	1	1
1753	2015-11-19 13:38:27.377+01	2	1
1756	2015-11-19 14:53:44.239+01	6	1
1759	2015-11-20 09:53:27.598+01	3	1
1768	2015-11-20 14:28:57.166+01	4	1
1771	2015-11-23 12:22:39.463+01	2	1
1772	2015-11-23 15:11:39.256+01	2	1
1773	2015-11-23 16:50:11.102+01	6	1
1774	2015-11-23 16:50:15.571+01	1	1
1775	2015-11-24 09:12:26.298+01	4	1
1780	2015-11-24 12:56:46.34+01	4	1
1781	2015-11-24 13:28:29.3+01	3	1
1782	2015-11-24 13:37:00.406+01	3	1
1784	2015-11-24 16:08:40.696+01	2	1
1786	2015-11-25 08:51:38.218+01	4	1
1787	2015-11-25 08:51:44.067+01	4	1
1788	2015-11-25 09:35:13.161+01	4	1
567	2015-05-26 16:39:31.292+02	4	1
568	2015-05-27 07:07:33.596+02	4	1
569	2015-05-27 08:28:28.58+02	4	1
570	2015-05-27 08:49:56.081+02	2	1
571	2015-05-27 09:22:39.024+02	2	1
572	2015-05-27 10:17:30.91+02	2	1
573	2015-05-27 12:25:42.441+02	4	1
574	2015-05-27 12:38:31.054+02	2	1
575	2015-05-27 12:52:32.601+02	1	1
576	2015-05-27 12:54:44.667+02	2	1
577	2015-05-27 12:59:24.847+02	4	1
578	2015-05-27 13:27:56.694+02	2	1
579	2015-05-27 13:33:34.958+02	4	1
580	2015-05-27 13:37:13.262+02	4	2
581	2015-05-27 13:37:17.431+02	1	2
582	2015-05-27 13:37:33.489+02	2	1
583	2015-05-27 14:00:21.301+02	2	1
584	2015-05-27 16:45:25.043+02	2	1
585	2015-05-28 08:55:43.76+02	4	1
586	2015-05-28 08:56:24.163+02	2	1
587	2015-05-28 09:10:12.084+02	2	1
588	2015-05-28 09:10:50.439+02	4	1
589	2015-05-28 09:22:56.451+02	2	1
590	2015-05-28 10:01:34.346+02	4	1
591	2015-05-28 10:17:30.895+02	2	1
592	2015-05-28 12:02:11.603+02	4	1
593	2015-05-28 13:21:39.148+02	2	1
594	2015-05-28 14:05:05.214+02	1	1
595	2015-05-28 14:07:24.562+02	2	1
596	2015-05-28 14:12:04.776+02	4	1
597	2015-05-28 14:34:10.549+02	4	1
598	2015-05-28 14:47:33.981+02	2	1
599	2015-05-28 14:57:55.02+02	4	1
600	2015-05-28 15:23:30.094+02	2	1
601	2015-05-29 07:11:53.278+02	4	1
602	2015-05-29 07:37:59.928+02	4	1
603	2015-05-29 08:05:13.202+02	2	1
604	2015-05-29 08:08:51.448+02	4	1
605	2015-05-29 08:12:58.519+02	2	1
606	2015-05-29 08:47:23.654+02	2	1
607	2015-05-29 10:19:42.182+02	2	1
608	2015-05-29 13:06:44.667+02	2	1
609	2015-05-29 14:28:40.784+02	4	1
610	2015-05-29 14:29:10.129+02	4	1
611	2015-06-01 08:05:27.836+02	2	1
612	2015-06-01 09:03:09.826+02	2	1
613	2015-06-01 09:21:41.206+02	2	1
614	2015-06-01 10:26:47.474+02	4	1
615	2015-06-01 10:26:48.79+02	4	1
616	2015-06-01 10:28:41.505+02	1	1
617	2015-06-01 10:28:43.273+02	1	1
618	2015-06-01 10:43:40.926+02	4	1
619	2015-06-01 11:38:11.591+02	4	1
620	2015-06-01 11:42:57.234+02	2	1
621	2015-06-01 12:30:52.481+02	2	1
622	2015-06-01 13:37:37.989+02	2	1
623	2015-06-01 13:38:11.114+02	4	1
624	2015-06-01 14:35:26.087+02	4	1
625	2015-06-01 15:59:37.074+02	1	1
626	2015-06-01 17:30:06.994+02	1	1
627	2015-06-02 08:39:30.8+02	2	1
628	2015-06-02 09:59:02.384+02	4	1
629	2015-06-02 09:59:03.494+02	4	1
630	2015-06-02 09:59:35.046+02	2	1
631	2015-06-02 10:30:37.264+02	4	1
632	2015-06-02 11:39:23.19+02	4	1
633	2015-06-02 12:07:51.3+02	2	1
634	2015-06-02 12:07:58.16+02	4	1
635	2015-06-02 12:45:58.938+02	1	1
636	2015-06-02 13:34:05+02	4	2
637	2015-06-02 13:37:02.824+02	4	1
638	2015-06-02 13:37:20.004+02	2	1
639	2015-06-02 13:37:26.536+02	1	1
640	2015-06-02 20:38:58.664+02	2	1
641	2015-06-04 10:12:13.087+02	1	1
642	2015-06-04 10:12:22.26+02	4	1
643	2015-06-04 10:17:16.901+02	2	1
644	2015-06-04 10:17:24.022+02	2	1
645	2015-06-04 13:33:14.794+02	4	1
646	2015-06-04 13:33:21.774+02	4	1
647	2015-06-04 13:34:50.888+02	1	1
648	2015-06-04 13:35:03.285+02	2	1
649	2015-06-04 13:35:05.824+02	2	1
650	2015-06-04 21:24:21.91+02	4	1
651	2015-06-05 08:21:26.975+02	2	1
652	2015-06-05 08:21:29.239+02	2	1
653	2015-06-05 08:21:30.442+02	2	1
654	2015-06-05 08:48:50.314+02	2	1
655	2015-06-05 11:46:38.281+02	4	1
656	2015-06-05 13:03:25.954+02	2	1
657	2015-06-05 13:30:59.39+02	4	1
658	2015-06-05 13:37:00.394+02	4	2
659	2015-06-05 13:41:13.586+02	2	1
660	2015-06-05 14:41:46.112+02	4	1
661	2015-06-05 16:19:33.283+02	4	2
662	2015-06-08 08:44:01.595+02	2	1
663	2015-06-08 09:33:26.939+02	2	1
664	2015-06-08 09:34:29.998+02	4	1
665	2015-06-08 11:49:06.838+02	4	1
666	2015-06-08 11:50:21.29+02	2	1
667	2015-06-08 13:28:23.515+02	2	1
668	2015-06-08 13:35:56.095+02	1	1
669	2015-06-08 13:35:58.075+02	1	1
670	2015-06-08 13:37:01.032+02	4	1
671	2015-06-08 14:05:21.42+02	2	1
672	2015-06-08 14:05:27.963+02	1	1
673	2015-06-08 14:44:22.522+02	4	1
679	2015-06-08 15:25:07.948+02	2	1
680	2015-06-08 15:25:13.261+02	4	1
681	2015-06-08 17:07:31.689+02	4	1
682	2015-06-09 09:21:55.239+02	4	1
683	2015-06-09 10:33:16.193+02	4	1
684	2015-06-09 11:32:37.256+02	4	2
685	2015-06-09 14:32:35.288+02	4	1
686	2015-06-09 14:32:51.698+02	2	1
687	2015-06-11 12:30:16.767+02	3	1
688	2015-06-11 12:34:30.193+02	2	1
689	2015-06-11 12:40:08.217+02	4	1
690	2015-06-11 13:26:10.888+02	2	1
691	2015-06-11 13:37:00.385+02	4	1
692	2015-06-11 13:37:23.471+02	2	1
693	2015-06-11 13:37:26.581+02	1	1
694	2015-06-11 14:32:39.733+02	2	1
695	2015-06-11 15:05:46.73+02	2	1
697	2015-06-11 15:15:22.04+02	4	1
698	2015-06-11 15:29:40.77+02	4	1
699	2015-06-11 16:02:35.018+02	2	1
700	2015-06-11 16:21:37.647+02	4	1
701	2015-06-11 16:27:50.477+02	4	2
702	2015-06-12 07:18:49.665+02	4	1
703	2015-06-12 07:57:01.436+02	4	1
704	2015-06-12 10:14:28.893+02	2	1
705	2015-06-12 10:14:41.996+02	4	1
706	2015-06-12 10:14:45.424+02	1	1
707	2015-06-12 11:48:22.883+02	4	1
708	2015-06-12 11:48:58.659+02	2	1
709	2015-06-12 12:39:28.083+02	2	1
711	2015-06-12 12:41:32.719+02	1	1
713	2015-06-12 13:39:10.842+02	2	1
1225	2015-09-11 12:42:21.928+02	4	1
1227	2015-09-11 12:42:24.345+02	4	1
1248	2015-09-15 10:46:16.249+02	4	1
1250	2015-09-15 13:01:16.873+02	1	1
1251	2015-09-15 13:01:21.114+02	2	1
1282	2015-09-22 12:34:27.779+02	4	1
1305	2015-09-24 09:33:07.197+02	2	1
1308	2015-09-24 11:36:38.703+02	4	1
1309	2015-09-24 11:56:31.803+02	4	1
1312	2015-09-24 13:31:40.292+02	2	1
1316	2015-09-24 18:05:49.701+02	4	1
1319	2015-09-25 08:40:26.137+02	4	1
1324	2015-09-25 09:54:37.209+02	4	1
1325	2015-09-25 10:40:49.197+02	2	1
1330	2015-09-25 12:25:52.327+02	4	1
1334	2015-09-25 14:34:48.894+02	4	1
1335	2015-09-25 14:34:51.198+02	4	1
1336	2015-09-25 15:24:11.663+02	2	1
1337	2015-09-25 15:44:12.284+02	2	1
1342	2015-09-28 09:00:27.048+02	7	1
1347	2015-09-28 10:25:56.608+02	4	1
1348	2015-09-28 11:26:27.657+02	4	1
1353	2015-09-28 12:05:01.85+02	7	1
1354	2015-09-28 12:11:01.772+02	2	1
1370	2015-09-29 11:26:20.838+02	7	1
1373	2015-09-29 11:57:44.651+02	2	1
1374	2015-09-29 12:17:20.568+02	4	1
1375	2015-09-29 12:19:42.908+02	2	1
1376	2015-09-29 12:26:08.786+02	4	1
1380	2015-09-29 14:18:32.607+02	4	1
1381	2015-09-29 14:19:02.721+02	7	1
1382	2015-09-29 14:19:07.736+02	2	1
1383	2015-09-29 15:16:23.841+02	4	1
1384	2015-09-29 15:58:45.619+02	4	1
1385	2015-09-29 16:00:22.549+02	2	1
1386	2015-09-30 11:19:50.398+02	1	1
1387	2015-09-30 11:19:54.423+02	2	1
1388	2015-09-30 11:20:10.227+02	7	1
1389	2015-09-30 11:59:10.143+02	1	1
1390	2015-09-30 12:36:28.317+02	2	2
1391	2015-09-30 12:36:31.409+02	1	2
1392	2015-09-30 14:39:18.54+02	7	1
1393	2015-09-30 14:41:19.586+02	2	1
1394	2015-09-30 15:02:23.652+02	2	1
1395	2015-09-30 15:04:41.104+02	7	1
1396	2015-09-30 15:44:25.792+02	2	1
1397	2015-09-30 16:05:47.067+02	2	1
1398	2015-09-30 16:19:39.048+02	2	1
1399	2015-10-01 08:15:20.785+02	7	1
1400	2015-10-01 08:59:37.966+02	2	1
1401	2015-10-01 09:14:54.524+02	1	1
1405	2015-10-01 11:52:20.512+02	1	1
1406	2015-10-01 11:52:20.928+02	2	1
1407	2015-10-01 13:02:41.979+02	2	1
1409	2015-10-01 13:46:55.417+02	2	1
1410	2015-10-01 14:02:07.531+02	7	1
1411	2015-10-01 14:57:13.806+02	2	1
1413	2015-10-01 15:14:20.941+02	1	1
1414	2015-10-01 15:54:41.291+02	2	1
1415	2015-10-02 08:22:21.143+02	7	1
1416	2015-10-02 09:02:47.971+02	7	1
1417	2015-10-02 09:03:59.17+02	2	1
1418	2015-10-02 10:57:24.08+02	2	1
1419	2015-10-02 11:39:49.647+02	2	1
1420	2015-10-02 12:59:11.009+02	2	1
1421	2015-10-02 15:10:23.96+02	2	1
1422	2015-10-02 15:47:16.259+02	7	1
1455	2015-10-05 08:29:41.228+02	7	1
1457	2015-10-05 10:30:14.376+02	4	1
1458	2015-10-05 10:39:43.976+02	2	1
1459	2015-10-05 11:20:08.985+02	7	1
1461	2015-10-05 11:54:19.105+02	2	1
1463	2015-10-05 12:24:13.682+02	2	1
1464	2015-10-05 12:36:57.275+02	4	1
1465	2015-10-05 12:50:50.124+02	7	1
1467	2015-10-05 13:58:45.996+02	4	1
1470	2015-10-05 14:34:32.298+02	4	1
1471	2015-10-05 14:54:15.713+02	4	1
1472	2015-10-05 15:19:12.559+02	2	1
1473	2015-10-06 08:35:12.017+02	7	1
1475	2015-10-06 10:26:43.732+02	2	1
1477	2015-10-06 11:41:18.356+02	2	1
1478	2015-10-06 12:12:49.458+02	1	1
1480	2015-10-06 12:55:05.712+02	7	1
1481	2015-10-06 14:37:40.516+02	2	1
1482	2015-10-06 15:37:54.946+02	7	1
1483	2015-10-06 16:00:37.22+02	2	1
1484	2015-10-06 17:49:06.936+02	1	1
1485	2015-10-07 08:03:25.779+02	2	1
1491	2015-10-07 12:41:54.582+02	2	1
1496	2015-10-07 13:22:26.888+02	1	2
1500	2015-10-07 14:54:59.163+02	2	2
1502	2015-10-08 07:14:01.816+02	4	1
1505	2015-10-08 09:07:50.18+02	4	1
1516	2015-10-08 14:59:13.295+02	2	1
1517	2015-10-08 15:17:04.633+02	2	1
1520	2015-10-09 07:07:14.432+02	4	1
1537	2015-10-09 13:20:53.505+02	2	1
1539	2015-10-09 14:32:33.828+02	4	1
1540	2015-10-09 14:35:49.33+02	2	1
1541	2015-10-11 16:09:08.422+02	1	1
1542	2015-10-11 16:09:11.574+02	1	1
1543	2015-10-11 21:40:57.055+02	1	1
1544	2015-10-12 09:13:57.78+02	4	1
1545	2015-10-12 09:14:03.581+02	2	1
1546	2015-10-12 09:14:13.647+02	4	1
1549	2015-10-12 09:28:04.252+02	2	1
1550	2015-10-12 09:56:23.885+02	4	1
1553	2015-10-12 11:35:01.042+02	7	1
1554	2015-10-12 11:54:04.027+02	1	1
1555	2015-10-12 11:56:10.234+02	4	1
1556	2015-10-12 11:57:49.453+02	2	1
1558	2015-10-12 13:21:23.947+02	4	1
1559	2015-10-12 13:22:34.065+02	2	1
1564	2015-10-12 15:22:44.68+02	2	1
1565	2015-10-12 16:12:11.11+02	2	1
1566	2015-10-12 16:26:13.054+02	2	2
1568	2015-10-13 07:59:48.803+02	4	1
1570	2015-10-13 08:33:29.682+02	7	2
1571	2015-10-13 09:49:45.725+02	7	2
1573	2015-10-13 12:01:15.972+02	7	1
1574	2015-10-13 16:04:46.397+02	7	1
1575	2015-10-14 13:08:49.161+02	4	1
1578	2015-10-14 20:54:55.108+02	4	1
1579	2015-10-15 06:08:06.925+02	4	1
1580	2015-10-15 06:50:55.555+02	4	1
1581	2015-10-15 08:50:25.634+02	4	1
1583	2015-10-15 10:45:43.723+02	4	1
1584	2015-10-15 11:30:47.991+02	4	1
1585	2015-10-15 12:08:04.214+02	4	1
1587	2015-10-15 18:55:50.987+02	1	1
1588	2015-10-20 17:26:15.55+02	1	1
710	2015-06-12 12:41:26.387+02	1	1
712	2015-06-12 12:46:14.398+02	4	1
714	2015-06-12 15:53:16.068+02	2	1
715	2015-06-15 09:36:19.01+02	4	1
717	2015-06-15 09:42:34.8+02	2	1
718	2015-06-15 10:00:06.762+02	2	2
719	2015-06-15 10:11:07.849+02	4	1
720	2015-06-15 10:11:53.659+02	1	2
721	2015-06-15 10:12:27.725+02	2	1
722	2015-06-15 10:12:34+02	2	2
723	2015-06-15 10:12:48.855+02	1	2
724	2015-06-15 10:12:51.924+02	4	2
725	2015-06-15 11:55:10.178+02	4	1
726	2015-06-15 11:57:52.994+02	2	1
727	2015-06-15 14:17:28.917+02	2	1
728	2015-06-15 14:18:03.435+02	4	1
729	2015-06-16 09:27:10.548+02	2	1
730	2015-06-16 09:59:44.513+02	2	1
731	2015-06-16 10:07:21.782+02	4	1
732	2015-06-16 11:53:41.969+02	1	1
733	2015-06-16 12:59:31.855+02	4	1
734	2015-06-16 13:26:18.873+02	2	1
735	2015-06-16 14:07:13.361+02	4	1
736	2015-06-16 14:08:13.962+02	2	1
737	2015-06-17 08:55:01.951+02	2	1
738	2015-06-17 10:25:08.705+02	2	1
739	2015-06-17 11:34:51.808+02	1	1
740	2015-06-17 11:52:05.819+02	4	1
741	2015-06-17 15:27:54.733+02	2	1
742	2015-06-17 16:02:03.953+02	4	1
743	2015-06-17 16:19:45.318+02	2	1
744	2015-06-17 16:37:30.539+02	4	1
746	2015-06-18 08:44:24.757+02	2	1
747	2015-06-18 09:46:43.093+02	2	1
748	2015-06-18 10:21:01.016+02	2	1
749	2015-06-18 11:58:05.736+02	2	1
750	2015-06-18 12:47:38.408+02	2	1
751	2015-06-18 12:49:40.999+02	1	1
752	2015-06-18 14:04:54.201+02	1	1
753	2015-06-18 14:14:48.332+02	2	1
754	2015-06-18 14:51:49.153+02	3	1
755	2015-06-18 15:35:21.638+02	2	1
756	2015-06-18 15:35:41.745+02	1	1
757	2015-06-19 13:12:05.494+02	1	1
758	2015-06-19 13:55:52.95+02	3	1
760	2015-06-22 09:32:52.554+02	4	1
761	2015-06-22 10:09:48.226+02	4	1
763	2015-06-22 10:10:20.682+02	2	1
764	2015-06-22 10:10:23.763+02	2	1
765	2015-06-22 10:10:25.125+02	1	1
766	2015-06-22 11:39:58.514+02	4	1
767	2015-06-22 11:56:38.652+02	1	1
768	2015-06-22 12:38:07.382+02	2	1
769	2015-06-22 13:28:34.634+02	2	1
770	2015-06-22 13:33:52.699+02	4	1
771	2015-06-22 15:13:58.669+02	3	1
772	2015-06-22 15:14:00.463+02	3	1
773	2015-06-22 15:47:02.862+02	4	1
774	2015-06-22 15:47:19.633+02	2	1
775	2015-06-23 09:14:53.875+02	4	1
776	2015-06-23 09:32:32.449+02	4	1
777	2015-06-23 09:33:16.794+02	2	1
778	2015-06-23 09:52:32.961+02	2	1
779	2015-06-23 10:17:38.151+02	2	1
780	2015-06-23 11:31:52.593+02	1	1
781	2015-06-23 11:45:07.566+02	4	1
782	2015-06-23 12:15:18.156+02	3	1
783	2015-06-23 12:36:40.402+02	4	1
784	2015-06-23 12:40:04.223+02	2	1
785	2015-06-23 13:21:58.182+02	4	1
786	2015-06-23 13:47:36.895+02	2	1
787	2015-06-23 14:15:06.611+02	4	1
788	2015-06-23 15:25:27.891+02	4	1
790	2015-06-24 09:15:51.491+02	4	1
791	2015-06-24 12:06:38.608+02	4	1
792	2015-06-24 12:07:03.837+02	2	1
793	2015-06-24 13:05:42.694+02	2	1
794	2015-06-24 13:06:09.658+02	4	1
795	2015-06-24 13:47:07.35+02	2	1
796	2015-06-24 14:05:13.68+02	4	1
797	2015-06-24 15:19:45.619+02	1	1
798	2015-06-24 15:19:49.277+02	4	1
799	2015-06-24 15:22:10.061+02	2	1
800	2015-06-24 15:48:27.985+02	2	1
801	2015-06-25 09:05:38.017+02	4	1
802	2015-06-25 09:10:42.914+02	2	1
803	2015-06-25 10:10:05.697+02	2	1
804	2015-06-25 10:42:50.163+02	3	1
805	2015-06-25 11:25:15.851+02	4	1
806	2015-06-25 11:38:41.135+02	2	1
807	2015-06-25 11:41:06.785+02	4	2
808	2015-06-25 12:20:09.511+02	2	1
809	2015-06-25 13:00:06.683+02	4	1
810	2015-06-25 13:00:34.945+02	2	1
811	2015-06-25 15:33:47.264+02	2	1
812	2015-06-25 16:50:08.08+02	3	1
813	2015-06-26 08:50:14.32+02	2	1
814	2015-06-26 09:04:51.651+02	2	1
815	2015-06-26 09:29:31.894+02	2	1
816	2015-06-26 10:34:05.89+02	2	1
817	2015-06-26 10:46:20.287+02	4	1
818	2015-06-26 12:34:13.929+02	4	1
819	2015-06-26 12:34:43.122+02	2	1
820	2015-06-26 12:59:37.533+02	2	1
821	2015-06-26 13:20:49.987+02	3	1
822	2015-06-26 13:33:54.161+02	4	1
823	2015-06-26 14:12:50.02+02	2	1
824	2015-06-29 09:07:35.992+02	2	1
825	2015-06-29 09:29:02.49+02	2	1
826	2015-06-29 09:29:35.084+02	4	1
827	2015-06-29 10:11:02.536+02	4	1
828	2015-06-29 10:26:15.378+02	2	1
829	2015-06-29 11:49:52.377+02	4	1
830	2015-06-29 14:01:51.433+02	2	1
831	2015-06-29 14:02:27.674+02	4	1
832	2015-06-29 14:31:31.197+02	2	1
833	2015-06-29 14:31:39.67+02	4	1
834	2015-06-29 15:06:00.624+02	4	1
835	2015-06-29 15:21:37.395+02	2	1
836	2015-06-29 15:42:47.476+02	2	1
837	2015-06-30 09:07:40.877+02	2	1
838	2015-06-30 09:10:26.816+02	4	1
839	2015-06-30 09:41:03.103+02	2	1
840	2015-06-30 10:36:51.936+02	2	1
841	2015-06-30 11:46:33.411+02	4	1
842	2015-06-30 12:53:04.671+02	4	1
843	2015-06-30 13:01:47.116+02	2	1
844	2015-06-30 13:37:00.494+02	2	1
845	2015-06-30 15:00:14.242+02	2	1
846	2015-06-30 15:54:55.748+02	4	1
847	2015-07-01 08:00:45.725+02	2	1
848	2015-07-01 09:39:29.946+02	2	1
849	2015-07-01 10:14:34.272+02	2	1
850	2015-07-01 10:16:35.916+02	4	1
851	2015-07-01 11:12:14.021+02	3	1
852	2015-07-01 12:13:55.583+02	4	1
855	2015-07-01 14:28:10.488+02	4	1
857	2015-07-01 16:01:07.646+02	2	1
1283	2015-09-22 12:37:49.266+02	2	1
1321	2015-09-25 09:16:45.764+02	4	1
1322	2015-09-25 09:16:51.16+02	2	1
1323	2015-09-25 09:38:14.165+02	2	1
1327	2015-09-25 11:28:22.864+02	2	1
1329	2015-09-25 12:22:27.811+02	1	1
1378	2015-09-29 12:56:22.2+02	2	1
1379	2015-09-29 13:38:35.795+02	4	1
1402	2015-10-01 09:40:39.983+02	7	1
1403	2015-10-01 10:02:17.727+02	2	1
1404	2015-10-01 11:51:32.451+02	7	1
1408	2015-10-01 13:04:13.94+02	1	1
1412	2015-10-01 15:13:29.737+02	2	1
1456	2015-10-05 09:26:13.807+02	2	1
1460	2015-10-05 11:28:48.397+02	4	1
1462	2015-10-05 12:11:54.99+02	4	1
1466	2015-10-05 12:52:42.255+02	4	1
1468	2015-10-05 13:59:44.108+02	2	1
1469	2015-10-05 14:22:56.393+02	2	1
1474	2015-10-06 09:39:07.23+02	1	1
1476	2015-10-06 11:41:17.787+02	4	1
1479	2015-10-06 12:50:29.242+02	2	1
1486	2015-10-07 08:48:19.373+02	7	1
1487	2015-10-07 09:22:59.423+02	2	1
1488	2015-10-07 10:17:13.757+02	7	1
1489	2015-10-07 11:45:12.469+02	2	1
1490	2015-10-07 11:56:02.531+02	1	1
1492	2015-10-07 13:17:14.027+02	2	1
1493	2015-10-07 13:17:23.862+02	4	1
1494	2015-10-07 13:17:37.594+02	1	1
1497	2015-10-07 13:22:30.834+02	4	1
1498	2015-10-07 13:22:45.277+02	7	1
1499	2015-10-07 14:48:16.109+02	2	1
1501	2015-10-07 15:47:37.332+02	2	1
1503	2015-10-08 07:33:13.765+02	4	1
1512	2015-10-08 11:37:23.973+02	2	1
1515	2015-10-08 14:13:22.113+02	4	1
1521	2015-10-09 08:19:45.631+02	2	1
1523	2015-10-09 08:44:17.876+02	4	1
1538	2015-10-09 13:25:42.364+02	7	1
1548	2015-10-12 09:15:17.972+02	7	1
1551	2015-10-12 10:49:26.002+02	4	1
1552	2015-10-12 11:33:13.062+02	4	1
1557	2015-10-12 12:23:13.922+02	2	1
1560	2015-10-12 13:59:14.428+02	4	1
1567	2015-10-12 17:35:06.099+02	4	1
1569	2015-10-13 08:25:27.865+02	7	1
1572	2015-10-13 10:34:58.636+02	4	1
1576	2015-10-14 13:09:07.55+02	4	1
1582	2015-10-15 09:42:44.788+02	4	1
1586	2015-10-15 13:12:59.605+02	4	1
1589	2015-10-21 09:12:15.587+02	7	1
1590	2015-10-21 11:30:02.67+02	7	1
1591	2015-10-21 11:41:15.365+02	1	1
1606	2015-10-26 14:05:33.914+01	4	1
1635	2015-11-02 11:26:20.867+01	7	1
1637	2015-11-02 12:23:20.448+01	4	1
1639	2015-11-02 14:59:49.002+01	7	1
1674	2015-11-11 08:58:38.328+01	2	1
1676	2015-11-11 13:41:03.312+01	2	1
1679	2015-11-12 08:52:58.102+01	4	1
1680	2015-11-12 09:14:32.354+01	4	1
1682	2015-11-12 10:00:49.817+01	2	1
1687	2015-11-12 12:10:37.514+01	2	1
1689	2015-11-12 13:31:53.667+01	1	1
1692	2015-11-13 09:52:57.346+01	4	1
1697	2015-11-13 11:27:57.487+01	4	1
1698	2015-11-13 12:11:49.778+01	2	1
1700	2015-11-13 12:19:02.508+01	1	1
1708	2015-11-16 08:48:48.305+01	4	1
1710	2015-11-16 11:27:09.291+01	2	1
1712	2015-11-16 12:27:48.432+01	4	1
1721	2015-11-17 09:21:09.085+01	4	1
1723	2015-11-17 10:09:33.619+01	4	1
1730	2015-11-18 09:33:00.109+01	4	1
1733	2015-11-18 10:24:36.399+01	4	1
1740	2015-11-18 13:56:13.376+01	1	1
1745	2015-11-19 10:40:51.668+01	2	1
1746	2015-11-19 11:51:38.764+01	4	1
1747	2015-11-19 12:21:00.114+01	4	1
1754	2015-11-19 14:09:54.639+01	2	1
1755	2015-11-19 14:33:03.673+01	2	1
1758	2015-11-19 14:54:10.083+01	4	1
1760	2015-11-20 10:10:31.217+01	2	1
1761	2015-11-20 10:14:46.616+01	4	1
1767	2015-11-20 13:37:00.499+01	4	1
1776	2015-11-24 09:12:41.857+01	4	1
1777	2015-11-24 10:34:51.248+01	2	1
1783	2015-11-24 15:27:20.544+01	2	1
1785	2015-11-24 17:13:24.716+01	2	1
1789	2015-11-25 10:26:52.192+01	2	1
1791	2015-11-25 12:37:13.827+01	4	1
1792	2015-11-25 14:01:33.594+01	3	1
1793	2015-11-26 08:18:43.976+01	2	1
1797	2015-11-26 10:36:06.241+01	2	1
1799	2015-11-26 12:26:50.077+01	2	1
1800	2015-11-26 12:27:14.645+01	4	1
1802	2015-11-26 16:02:22.94+01	2	1
1803	2015-11-26 16:51:06.543+01	2	1
1807	2015-11-27 10:21:39.834+01	4	1
1809	2015-11-27 16:07:25.663+01	2	1
1810	2015-11-27 16:21:19.093+01	3	1
1811	2015-11-28 00:04:29.798+01	1	2
1812	2015-11-30 08:58:30.537+01	2	1
1813	2015-11-30 09:01:11.584+01	4	1
1814	2015-11-30 09:02:03.952+01	4	1
1816	2015-11-30 10:41:39.262+01	2	1
1817	2015-11-30 12:01:49.745+01	2	1
1818	2015-11-30 12:20:39.171+01	2	1
1819	2015-11-30 13:06:58.485+01	1	1
1820	2015-11-30 13:08:34.665+01	4	1
1822	2015-11-30 13:58:24.849+01	2	1
1823	2015-11-30 15:26:43.724+01	2	1
1824	2015-11-30 15:49:29.304+01	4	1
1825	2015-11-30 16:56:58.442+01	4	1
1826	2015-12-01 10:08:47.089+01	2	1
1828	2015-12-01 14:36:01.588+01	4	1
1830	2015-12-02 13:37:49.589+01	2	1
1831	2015-12-02 13:37:59.312+01	1	1
1832	2015-12-02 14:38:09.344+01	2	1
1833	2015-12-02 14:38:11.415+01	1	1
1834	2015-12-03 12:14:03.399+01	1	1
1835	2015-12-03 12:15:48.52+01	2	1
1836	2015-12-03 13:10:38.335+01	2	1
1838	2015-12-03 16:18:43.407+01	1	2
1839	2015-12-04 08:51:41.924+01	2	1
1840	2015-12-04 15:42:01.331+01	3	1
1841	2015-12-07 07:53:49.363+01	4	1
1843	2015-12-07 07:53:56.678+01	4	1
1844	2015-12-07 14:46:41.914+01	4	1
1845	2015-12-07 17:27:11.366+01	3	1
1846	2015-12-08 08:00:32.336+01	2	1
1847	2015-12-08 08:04:37.484+01	2	2
853	2015-07-01 12:18:25.369+02	2	1
1504	2015-10-08 08:11:25.263+02	4	1
856	2015-07-01 14:43:38.1+02	2	1
858	2015-07-02 08:58:25.777+02	2	1
859	2015-07-02 09:21:45.565+02	4	1
860	2015-07-02 09:21:59.966+02	2	1
861	2015-07-02 09:24:54.784+02	4	1
862	2015-07-02 10:26:47.69+02	4	1
863	2015-07-02 11:56:39.571+02	4	1
864	2015-07-02 11:56:40.091+02	2	1
865	2015-07-02 12:45:11.439+02	4	1
866	2015-07-02 12:45:27.74+02	2	1
867	2015-07-02 13:33:37.133+02	4	1
868	2015-07-02 13:35:24.795+02	2	1
869	2015-07-02 14:22:43.171+02	4	1
870	2015-07-02 15:03:23.831+02	2	1
871	2015-07-02 16:27:41.636+02	3	1
872	2015-07-02 16:30:21.763+02	5	1
873	2015-07-03 09:01:13.046+02	4	2
874	2015-07-03 10:32:13.915+02	2	1
875	2015-07-03 10:32:22.796+02	2	1
876	2015-07-03 11:34:19.464+02	2	1
877	2015-07-03 12:25:29.098+02	2	1
878	2015-07-03 12:47:17.906+02	3	1
879	2015-07-03 14:07:39.199+02	2	1
880	2015-07-06 10:39:01.244+02	4	1
881	2015-07-06 11:48:39.208+02	4	1
882	2015-07-06 13:19:47.377+02	3	1
883	2015-07-06 15:57:04.285+02	4	1
884	2015-07-06 15:57:11.855+02	1	1
885	2015-07-07 09:01:13.375+02	3	1
886	2015-07-07 09:08:23.075+02	4	1
887	2015-07-07 09:40:39.248+02	4	1
888	2015-07-07 09:58:57.758+02	2	1
889	2015-07-07 10:46:01.954+02	2	1
890	2015-07-07 12:04:32.291+02	4	1
891	2015-07-07 12:55:05.95+02	2	1
892	2015-07-07 13:39:10.574+02	4	1
893	2015-07-07 13:40:04.087+02	1	1
894	2015-07-07 13:44:33.316+02	2	1
895	2015-07-07 14:36:38.283+02	2	1
896	2015-07-07 15:10:10.264+02	2	1
1506	2015-10-08 09:25:27.768+02	4	1
898	2015-07-07 15:10:18.618+02	4	1
899	2015-07-08 09:12:43.168+02	2	1
900	2015-07-08 12:48:42.602+02	2	1
901	2015-07-08 13:05:12.925+02	2	1
902	2015-07-08 13:39:20.359+02	2	1
903	2015-07-09 09:24:50.484+02	2	1
904	2015-07-09 09:25:12.563+02	4	1
905	2015-07-09 09:58:26.022+02	4	1
906	2015-07-09 10:45:40.119+02	4	1
907	2015-07-09 11:47:42.603+02	4	1
908	2015-07-09 13:18:43.435+02	2	1
909	2015-07-09 13:18:59.975+02	4	1
910	2015-07-09 13:19:09+02	1	1
911	2015-07-09 15:44:58.857+02	2	1
912	2015-07-09 16:07:11.711+02	2	1
913	2015-07-10 07:13:18.813+02	4	1
914	2015-07-10 08:16:26.177+02	2	1
915	2015-07-10 09:20:48.52+02	2	1
916	2015-07-10 09:44:37.977+02	2	1
917	2015-07-10 09:55:14.186+02	4	1
918	2015-07-10 10:46:27.657+02	2	1
919	2015-07-10 10:47:42.836+02	4	1
920	2015-07-10 11:48:44.665+02	4	1
921	2015-07-10 12:15:05.252+02	2	1
922	2015-07-10 12:38:23.516+02	2	1
923	2015-07-10 12:39:32.874+02	4	1
924	2015-07-10 12:39:35.659+02	4	2
925	2015-07-10 12:41:36.387+02	2	2
926	2015-07-10 12:41:40.868+02	1	1
927	2015-07-10 12:41:45.634+02	1	2
1511	2015-10-08 10:36:13.341+02	2	1
929	2015-07-10 14:00:34.42+02	2	1
930	2015-07-10 14:45:02.546+02	2	1
931	2015-07-13 09:15:44.717+02	2	1
932	2015-07-13 09:24:08.716+02	2	1
933	2015-07-13 10:08:25.91+02	2	1
934	2015-07-13 12:00:54.128+02	2	1
935	2015-07-13 15:07:31.937+02	2	1
936	2015-07-13 16:09:35.377+02	2	1
937	2015-07-15 14:53:00.617+02	3	1
938	2015-07-16 13:52:51.957+02	3	1
939	2015-07-16 14:51:21.448+02	3	1
940	2015-07-16 15:44:24.848+02	3	1
941	2015-07-17 09:29:51.937+02	3	1
942	2015-07-17 12:59:18.34+02	3	1
943	2015-07-17 15:51:06.166+02	3	1
944	2015-07-17 15:51:45.661+02	3	1
945	2015-07-20 08:12:09.738+02	3	1
946	2015-07-20 14:03:21.884+02	3	1
947	2015-07-21 13:37:51.521+02	3	1
948	2015-07-22 13:10:32.059+02	3	1
949	2015-07-23 10:07:37.211+02	3	1
1513	2015-10-08 11:39:15.609+02	4	1
1514	2015-10-08 12:58:51.4+02	4	1
1519	2015-10-08 15:39:12.089+02	4	1
1522	2015-10-09 08:22:11.666+02	4	1
1561	2015-10-12 13:59:28.925+02	1	1
1577	2015-10-14 13:57:14.196+02	4	1
1592	2015-10-21 12:05:39.804+02	7	1
1593	2015-10-21 12:17:37.062+02	1	1
1594	2015-10-21 15:41:53.563+02	7	1
1595	2015-10-21 16:14:51.425+02	1	1
1596	2015-10-22 08:17:20.097+02	7	1
1597	2015-10-22 11:30:54.714+02	7	1
1598	2015-10-22 16:46:44.583+02	1	1
1599	2015-10-23 08:40:10.967+02	7	1
1600	2015-10-23 11:39:06.514+02	7	1
1601	2015-10-23 11:48:57.551+02	1	1
1602	2015-10-25 12:58:02.353+01	1	1
1603	2015-10-26 08:29:10.596+01	7	1
1607	2015-10-27 08:36:50.807+01	4	1
1609	2015-10-27 11:44:43.524+01	4	1
1614	2015-10-28 12:24:38.659+01	1	1
1616	2015-10-28 23:31:00.636+01	1	1
1617	2015-10-29 09:03:33.123+01	4	1
1627	2015-10-30 13:37:41.851+01	4	1
1629	2015-11-01 11:54:17.077+01	4	1
1630	2015-11-02 09:18:05.196+01	7	1
1631	2015-11-02 09:18:21.461+01	4	1
1632	2015-11-02 09:36:18.477+01	4	1
1638	2015-11-02 13:48:42.431+01	4	1
1640	2015-11-03 09:01:47.879+01	7	1
1641	2015-11-03 13:10:21.558+01	7	1
1642	2015-11-03 15:32:08.877+01	4	1
1644	2015-11-03 17:49:48.854+01	4	1
1646	2015-11-04 14:08:12.705+01	1	1
1649	2015-11-06 11:46:35.602+01	4	1
1650	2015-11-06 13:37:00.462+01	4	1
1654	2015-11-06 15:05:11.459+01	4	1
1655	2015-11-06 15:30:43.291+01	4	1
1656	2015-11-06 16:20:23.089+01	2	1
1657	2015-11-09 08:55:13.508+01	4	1
1662	2015-11-09 13:39:36.43+01	2	1
1848	2015-12-08 20:07:25.002+01	1	1
1849	2015-12-08 20:07:27.282+01	1	1
1850	2015-12-08 20:07:29.366+01	1	1
1851	2015-12-08 22:41:11.597+01	1	1
1852	2015-12-08 22:41:25.535+01	1	2
1853	2015-12-09 09:00:57.769+01	4	1
1854	2015-12-09 09:01:00.287+01	4	1
1855	2015-12-09 09:01:01.18+01	4	1
1856	2015-12-09 12:29:34.12+01	4	1
1857	2015-12-09 13:20:06.158+01	4	1
1858	2015-12-09 14:07:18.402+01	4	1
1860	2015-12-09 14:07:53.435+01	2	1
1861	2015-12-09 15:13:13.248+01	3	1
1862	2015-12-10 10:17:13.846+01	4	1
1863	2015-12-10 10:17:28.221+01	4	1
1864	2015-12-10 11:41:35.927+01	4	1
1865	2015-12-10 11:52:23.257+01	2	1
1866	2015-12-10 12:21:41.076+01	1	1
1867	2015-12-10 13:20:16.282+01	4	1
1868	2015-12-10 13:30:43.926+01	3	1
1869	2015-12-10 13:37:30.446+01	4	2
1870	2015-12-10 13:37:43.199+01	2	1
1871	2015-12-10 14:08:10.71+01	1	1
1872	2015-12-10 14:38:09.937+01	2	1
1873	2015-12-10 15:50:18.546+01	2	1
1874	2015-12-10 16:25:39.909+01	2	1
1875	2015-12-10 18:02:16.578+01	1	1
1876	2015-12-11 11:55:18.972+01	4	2
1878	2015-12-11 13:08:40.369+01	4	1
1879	2015-12-11 13:08:42.586+01	4	1
1880	2015-12-11 15:05:59.865+01	3	1
1881	2015-12-14 07:41:46.251+01	4	1
1882	2015-12-14 13:37:49.768+01	4	1
1883	2015-12-14 14:11:01.69+01	3	1
1884	2015-12-14 14:27:25.225+01	2	1
1885	2015-12-14 14:33:44.991+01	4	1
1886	2015-12-14 15:26:44.307+01	2	1
1887	2015-12-14 15:35:41.606+01	1	1
1888	2015-12-15 10:49:45.426+01	2	1
1889	2015-12-15 11:28:42.791+01	4	1
1890	2015-12-15 12:47:48.592+01	2	1
1891	2015-12-15 14:16:54.61+01	4	1
1892	2015-12-15 15:02:06.409+01	3	1
1893	2015-12-16 14:18:10.706+01	2	1
1894	2015-12-16 14:30:25.245+01	1	1
1895	2015-12-16 15:48:24.536+01	2	1
1896	2015-12-17 09:54:34.182+01	2	1
1897	2015-12-17 10:27:10.775+01	2	1
1898	2015-12-17 11:31:29.015+01	4	1
1899	2015-12-17 11:31:30.343+01	4	1
1900	2015-12-17 11:31:36.671+01	4	1
1901	2015-12-17 11:49:17.91+01	2	1
1902	2015-12-17 12:31:20.344+01	4	1
1903	2015-12-17 13:09:50.855+01	2	1
1904	2015-12-17 13:14:06.667+01	3	2
1905	2015-12-17 13:17:36.925+01	1	1
1906	2015-12-17 13:17:43.16+01	2	2
1907	2015-12-17 13:55:36.164+01	4	1
1908	2015-12-17 14:55:15.851+01	1	1
1909	2015-12-17 14:55:24.774+01	2	1
1910	2015-12-18 10:24:22.815+01	2	1
1911	2015-12-18 11:54:39.36+01	2	1
1912	2015-12-18 12:05:21.483+01	2	1
1913	2015-12-18 12:40:19.562+01	4	1
1914	2015-12-18 12:58:25.948+01	1	1
1915	2015-12-18 12:58:32.352+01	2	1
1916	2015-12-18 13:29:08.581+01	2	1
1917	2015-12-18 15:32:56.341+01	4	1
1918	2015-12-18 15:50:57.457+01	4	1
1919	2015-12-19 14:28:00.877+01	3	1
1920	2015-12-21 08:29:48.828+01	2	1
1921	2015-12-21 08:37:18.936+01	4	1
1922	2015-12-21 11:34:41.525+01	4	1
1923	2015-12-21 13:06:06.358+01	4	1
1924	2015-12-21 15:03:16.32+01	2	1
1925	2015-12-22 11:44:40.674+01	4	1
1926	2015-12-22 11:46:34.892+01	4	1
1927	2015-12-22 13:37:00.408+01	1	1
1928	2015-12-22 14:40:31.441+01	2	1
1929	2015-12-22 15:00:06.573+01	4	1
1930	2015-12-22 15:09:25.885+01	1	2
1931	2015-12-22 16:04:18.712+01	4	1
1932	2015-12-22 16:32:25.106+01	1	2
1933	2015-12-23 09:14:50.199+01	4	1
1934	2015-12-23 10:25:02.805+01	4	1
1935	2015-12-23 12:53:21.975+01	4	1
1936	2015-12-28 09:38:16.458+01	4	1
1937	2015-12-28 10:09:48.974+01	4	1
1938	2015-12-28 13:13:09.26+01	4	1
1939	2015-12-28 13:13:11.018+01	4	1
1940	2015-12-28 13:13:15.28+01	4	2
1941	2015-12-28 13:37:00.55+01	4	1
1942	2015-12-28 14:54:02.001+01	4	1
1943	2015-12-29 10:21:42.002+01	4	1
1944	2015-12-29 12:08:30.638+01	4	1
1945	2015-12-29 12:09:08.155+01	1	1
1946	2015-12-29 14:05:04.781+01	4	1
1947	2015-12-30 10:07:35.785+01	4	1
1948	2015-12-30 11:29:50.684+01	4	1
1949	2016-01-04 09:22:37.754+01	2	1
1951	2016-01-04 11:26:56.053+01	2	1
1952	2016-01-04 13:39:11.872+01	4	1
1953	2016-01-05 09:52:01.827+01	4	1
1954	2016-01-05 11:32:56.209+01	4	1
1955	2016-01-05 12:52:53.449+01	4	1
1956	2016-01-05 13:37:00.428+01	4	1
1957	2016-01-05 14:48:17.648+01	2	1
1958	2016-01-06 08:56:27.178+01	4	1
1959	2016-01-06 10:47:32.972+01	2	1
1960	2016-01-06 10:47:50.818+01	4	1
1961	2016-01-06 11:41:50.464+01	4	1
1962	2016-01-06 11:41:41.625+01	2	1
1963	2016-01-06 13:33:38.439+01	4	1
1964	2016-01-06 14:05:13.852+01	2	1
1965	2016-01-06 14:56:06.9+01	2	1
1966	2016-01-07 09:02:21.546+01	4	1
1967	2016-01-07 09:16:42.546+01	2	1
1968	2016-01-07 10:09:57.75+01	2	1
1969	2016-01-07 11:31:00.906+01	2	1
1970	2016-01-07 11:32:14.361+01	4	1
1971	2016-01-07 11:52:00.001+01	2	1
1972	2016-01-07 12:23:33.117+01	2	1
1973	2016-01-07 12:47:11.128+01	2	1
1974	2016-01-07 13:02:41.956+01	4	1
1975	2016-01-07 13:37:00.861+01	4	1
1976	2016-01-07 13:37:50.851+01	2	1
1977	2016-01-07 14:10:49.827+01	2	1
1978	2016-01-08 09:20:51.817+01	2	1
1979	2016-01-08 10:11:23.44+01	2	1
1980	2016-01-08 12:26:17.12+01	2	1
1981	2016-01-08 16:23:22.049+01	3	1
1982	2016-01-11 08:59:19.808+01	2	1
1983	2016-01-11 13:37:40.569+01	2	1
1984	2016-01-11 15:06:49.366+01	2	1
1985	2016-01-11 15:26:33.864+01	2	1
1986	2016-01-12 12:31:12.375+01	2	1
1987	2016-01-12 13:25:14.629+01	2	1
1988	2016-01-12 14:19:18.053+01	2	1
1989	2016-01-12 15:09:37.202+01	3	1
1990	2016-01-12 16:00:50.279+01	2	1
1991	2016-01-12 16:10:00.267+01	2	1
1992	2016-01-13 10:11:12.162+01	2	1
1993	2016-01-13 10:30:20.524+01	2	1
1994	2016-01-13 12:17:52.426+01	2	1
1995	2016-01-13 12:45:22.309+01	2	1
1996	2016-01-13 13:13:24.643+01	2	1
1997	2016-01-13 14:33:04.761+01	2	1
1998	2016-01-13 16:05:19.529+01	3	1
1999	2016-01-14 08:03:17.233+01	2	1
2000	2016-01-14 11:49:58.517+01	2	1
2001	2016-01-14 13:45:10.736+01	2	1
2002	2016-01-14 16:02:18.788+01	3	1
2003	2016-01-15 16:40:46.604+01	3	1
2004	2016-01-18 10:37:17.149+01	2	1
2005	2016-01-18 14:41:47.029+01	2	1
2006	2016-01-18 15:39:57.36+01	2	1
2007	2016-01-19 13:30:05.953+01	2	1
2008	2016-01-20 11:38:10.846+01	2	1
2009	2016-01-20 11:41:05.816+01	2	2
2010	2016-01-20 12:20:52.545+01	2	1
2011	2016-01-20 13:32:00.967+01	3	1
2012	2016-01-20 13:32:04.816+01	3	2
2013	2016-01-20 14:33:36.287+01	2	1
2014	2016-01-20 15:09:45.856+01	2	1
2015	2016-01-21 10:00:05.978+01	2	1
2016	2016-01-21 10:16:00.464+01	2	1
2017	2016-01-21 12:56:16.355+01	2	1
2018	2016-01-21 13:37:53.279+01	2	1
2019	2016-01-21 13:54:10.565+01	2	1
2020	2016-01-21 15:06:25.69+01	2	1
2021	2016-01-22 08:13:05.09+01	2	1
2022	2016-01-22 13:07:09.49+01	3	1
2023	2016-01-25 15:38:43.769+01	2	1
2024	2016-01-26 08:15:28.821+01	2	1
2025	2016-01-26 08:15:34.685+01	2	1
2026	2016-01-26 09:10:02.378+01	2	1
2027	2016-01-26 12:25:19.347+01	2	1
2028	2016-01-26 13:37:10.51+01	2	1
2029	2016-01-26 14:05:50.213+01	2	1
2030	2016-01-26 14:32:13.795+01	2	1
2031	2016-01-26 16:33:13.119+01	2	1
2032	2016-01-28 09:01:54.523+01	4	1
2033	2016-01-29 10:38:57.08+01	2	1
2034	2016-01-29 10:39:02.514+01	2	1
2035	2016-01-29 12:09:01.411+01	4	1
2036	2016-01-29 12:09:10.381+01	4	1
2037	2016-01-29 15:02:19.717+01	4	1
2038	2016-02-01 09:02:55.605+01	4	1
2039	2016-02-01 09:42:35.042+01	4	1
2040	2016-02-02 09:09:46.493+01	4	1
2041	2016-02-02 10:26:28.523+01	4	1
2042	2016-02-02 11:38:50.167+01	4	1
2043	2016-02-02 13:33:25.954+01	3	1
2044	2016-02-02 14:15:38.334+01	4	1
2045	2016-02-02 15:20:12.521+01	3	1
2046	2016-02-03 08:53:16.946+01	4	1
2047	2016-02-03 09:17:56.593+01	2	1
2048	2016-02-03 10:20:40.103+01	4	1
2049	2016-02-03 11:24:35.669+01	4	1
2050	2016-02-03 11:34:46.42+01	2	1
2051	2016-02-03 12:28:50.678+01	4	1
2052	2016-02-03 14:04:27.516+01	4	1
2053	2016-02-03 14:43:56.24+01	2	1
2054	2016-02-03 14:52:10.602+01	3	1
2055	2016-02-03 16:07:23.929+01	6	1
2056	2016-02-03 16:07:51.308+01	2	1
2057	2016-02-03 18:47:16.304+01	3	1
2058	2016-02-04 09:58:59.294+01	4	1
2059	2016-02-04 10:00:10.154+01	4	1
2060	2016-02-04 10:01:05.256+01	2	1
2061	2016-02-04 11:27:17.834+01	4	1
2062	2016-02-04 12:03:58.776+01	2	1
2063	2016-02-04 12:15:28.492+01	4	1
2064	2016-02-04 12:59:50.002+01	3	1
2065	2016-02-04 14:49:58.401+01	3	1
2066	2016-02-04 14:56:37.473+01	2	1
2067	2016-02-04 16:29:21.049+01	2	1
2068	2016-02-05 08:45:10.931+01	2	1
2069	2016-02-05 09:01:20.933+01	4	1
2070	2016-02-05 09:01:29.348+01	2	1
2071	2016-02-05 10:11:32.126+01	2	1
2072	2016-02-05 15:53:06.956+01	3	1
2073	2016-02-08 12:20:08.407+01	4	1
2074	2016-02-08 12:20:08.937+01	2	1
2075	2016-02-08 13:08:12.975+01	2	1
2076	2016-02-08 14:27:14.148+01	2	1
2077	2016-02-08 14:27:49.102+01	4	1
2078	2016-02-08 14:42:23.932+01	2	1
2079	2016-02-09 08:39:49.752+01	4	1
2080	2016-02-09 09:02:17.418+01	4	1
2081	2016-02-09 09:39:05.427+01	4	1
2082	2016-02-09 15:22:28.613+01	4	1
2083	2016-02-09 16:24:58.286+01	4	1
2084	2016-02-10 08:57:19.212+01	4	1
2085	2016-02-10 14:15:13.837+01	2	1
2086	2016-02-10 14:56:57.401+01	4	1
2087	2016-02-10 15:08:14.648+01	2	1
2088	2016-02-10 15:49:41.004+01	2	1
2089	2016-02-11 09:48:30.18+01	2	1
2090	2016-02-11 10:35:18.114+01	2	1
2091	2016-02-11 12:18:36.232+01	2	1
2092	2016-02-11 13:13:09.79+01	2	1
2093	2016-02-11 14:02:24.909+01	2	1
2094	2016-02-11 14:19:44.518+01	2	1
2095	2016-02-11 16:23:13.941+01	4	1
2096	2016-02-11 16:23:16.608+01	4	1
2097	2016-02-12 08:15:21.676+01	2	1
2098	2016-02-12 09:31:51.661+01	2	1
2099	2016-02-12 10:10:39.082+01	4	1
2100	2016-02-12 10:28:18.614+01	6	1
2101	2016-02-12 12:15:01.575+01	4	1
2102	2016-02-12 12:23:37.774+01	2	1
2103	2016-02-12 12:40:39.803+01	4	1
2104	2016-02-12 13:07:46.229+01	2	1
2105	2016-02-12 13:09:57.073+01	6	1
2106	2016-02-12 13:12:22.644+01	6	2
2107	2016-02-12 13:12:29.561+01	4	2
2108	2016-02-12 15:13:13.445+01	3	1
2109	2016-02-15 12:43:24.547+01	2	1
2110	2016-02-15 13:46:02.549+01	2	1
2111	2016-02-15 14:00:51.336+01	2	1
2112	2016-02-15 16:05:10.643+01	2	1
2114	2016-02-17 15:03:24.774+01	4	1
2115	2016-02-18 08:54:39.273+01	4	1
2116	2016-02-18 12:14:53.899+01	4	1
2117	2016-02-18 12:49:46.722+01	4	1
2118	2016-02-19 10:33:26.985+01	4	1
2119	2016-02-19 11:38:59.965+01	4	1
2120	2016-02-19 11:39:25.36+01	4	1
2121	2016-02-19 13:05:25.836+01	4	1
2122	2016-02-19 13:37:00.644+01	4	1
2123	2016-02-19 15:32:47.722+01	4	1
2124	2016-02-22 08:55:35.634+01	4	1
2125	2016-02-22 12:12:17.23+01	4	1
2126	2016-02-23 08:40:51.864+01	4	1
2127	2016-02-23 09:12:22.604+01	4	2
2129	2016-02-23 12:00:45.798+01	4	1
2130	2016-02-23 12:34:29.473+01	8	1
2131	2016-02-23 12:46:33.912+01	2	1
2132	2016-02-23 12:47:15.457+01	8	1
2133	2016-02-23 13:37:06.341+01	2	1
2134	2016-02-23 15:08:16.275+01	2	1
2135	2016-02-23 15:12:35.213+01	4	1
2136	2016-02-23 15:43:41.009+01	8	1
2137	2016-02-24 09:08:57.623+01	4	1
2138	2016-02-24 09:51:17.663+01	2	1
2139	2016-02-24 09:51:55.278+01	8	1
2140	2016-02-24 10:06:46.146+01	4	1
2141	2016-02-24 10:07:17.523+01	2	1
2142	2016-02-24 10:35:03.353+01	2	1
2143	2016-02-24 11:26:34.184+01	4	1
2144	2016-02-24 12:04:24.224+01	2	1
2145	2016-02-24 12:05:01.055+01	8	2
2146	2016-02-24 12:10:45.634+01	8	1
2147	2016-02-24 12:37:54.482+01	4	1
2148	2016-02-24 12:38:06.019+01	2	1
2149	2016-02-24 12:47:50.275+01	8	1
2150	2016-02-24 13:06:48.354+01	8	1
2151	2016-02-24 14:09:24.634+01	2	1
2152	2016-02-24 14:12:25.651+01	8	1
2154	2016-02-24 14:12:33.851+01	4	1
2155	2016-02-24 14:42:22.024+01	8	1
2156	2016-02-24 14:56:25.635+01	2	1
2157	2016-02-24 15:01:35.417+01	4	1
2158	2016-02-24 15:47:11.11+01	2	1
2159	2016-02-24 16:21:47.094+01	4	1
2160	2016-02-25 09:55:27.136+01	8	1
2161	2016-02-25 10:35:04.276+01	4	1
2162	2016-02-25 10:35:21.268+01	4	1
2163	2016-02-25 11:39:31.92+01	4	1
2164	2016-02-25 13:46:35.745+01	4	1
2165	2016-02-25 14:37:09.164+01	4	1
2167	2016-02-25 14:59:04.657+01	8	1
2168	2016-02-25 15:01:42.108+01	8	2
2169	2016-02-25 15:07:12.109+01	8	1
2170	2016-02-26 08:48:39.099+01	4	1
2171	2016-02-26 11:43:16.302+01	8	1
2172	2016-02-26 11:45:12.851+01	8	2
2173	2016-02-26 12:26:39.833+01	4	1
2174	2016-02-26 13:45:39.827+01	4	1
2175	2016-02-29 13:06:49.564+01	8	1
2176	2016-02-29 13:53:38.326+01	8	1
2177	2016-02-29 14:09:59.132+01	8	1
2178	2016-02-29 15:22:32.059+01	6	1
2179	2016-02-29 15:22:35.122+01	6	1
2180	2016-02-29 15:48:06.881+01	8	1
2181	2016-03-01 08:52:37.613+01	8	1
2182	2016-03-01 09:10:57.818+01	4	1
2183	2016-03-01 09:11:02.249+01	4	2
2184	2016-03-01 11:44:22.283+01	4	1
2185	2016-03-01 11:48:40.956+01	8	1
2186	2016-03-01 12:06:46.296+01	6	1
2187	2016-03-01 13:28:43.388+01	8	1
2188	2016-03-01 13:54:09.51+01	4	1
2189	2016-03-01 15:11:04.635+01	8	1
2190	2016-03-01 15:14:45.15+01	8	2
2191	2016-03-01 15:19:17.113+01	8	1
2192	2016-03-02 07:56:08.885+01	2	1
2193	2016-03-02 08:57:31.339+01	4	1
2194	2016-03-02 12:42:51.137+01	6	1
2195	2016-03-02 12:44:01.67+01	4	1
2196	2016-03-02 12:46:03.675+01	6	2
2197	2016-03-02 17:01:09.719+01	2	1
2198	2016-03-03 14:32:11.085+01	8	1
2199	2016-03-03 14:36:01.574+01	8	2
2200	2016-03-03 14:41:05.515+01	8	1
2201	2016-03-03 16:15:04.31+01	6	1
2202	2016-03-04 14:00:27.183+01	8	1
2203	2016-03-04 14:09:37.844+01	8	1
2204	2016-03-07 07:58:30.534+01	4	1
2205	2016-03-07 09:25:06.455+01	6	1
2206	2016-03-07 09:51:03.743+01	4	1
2207	2016-03-07 13:49:35.158+01	6	1
2208	2016-03-07 13:49:45.298+01	6	1
2209	2016-03-07 15:00:52.637+01	4	1
2210	2016-03-08 07:43:58.915+01	4	1
2211	2016-03-09 07:32:24.132+01	4	1
2212	2016-03-09 11:30:36.388+01	4	1
2213	2016-03-09 13:21:08.167+01	6	1
2214	2016-03-10 13:10:17.902+01	8	1
2215	2016-03-10 13:14:46.34+01	8	1
2216	2016-03-10 15:43:19.812+01	4	1
2217	2016-03-11 07:49:42.859+01	8	1
2218	2016-03-11 13:05:06.862+01	4	1
2219	2016-03-11 13:47:55.766+01	2	4
2220	2016-03-11 13:48:00.104+01	2	2
2221	2016-03-14 08:34:46.354+01	6	1
2222	2016-03-14 12:15:19.989+01	4	1
2223	2016-03-14 12:16:12.585+01	8	1
2224	2016-03-14 12:20:21.443+01	8	2
2225	2016-03-14 13:12:38.241+01	8	1
2226	2016-03-14 13:48:14.785+01	4	1
2228	2016-03-14 13:48:51.135+01	2	1
2229	2016-03-14 14:51:22.079+01	8	1
2230	2016-03-14 15:31:52.803+01	8	1
2231	2016-03-15 09:02:13.973+01	4	1
2232	2016-03-15 09:02:43.989+01	2	1
2233	2016-03-15 09:37:54.077+01	8	1
2234	2016-03-15 09:58:42.283+01	4	1
2235	2016-03-15 15:27:05.508+01	8	1
2236	2016-03-15 15:59:39.12+01	2	1
2237	2016-03-16 12:14:52.733+01	8	1
2238	2016-03-16 12:47:46.427+01	2	1
2239	2016-03-16 13:37:59.776+01	2	1
2240	2016-03-16 14:33:25.93+01	8	1
2241	2016-03-16 14:35:35.595+01	8	2
2242	2016-03-17 10:27:20.992+01	8	1
2243	2016-03-17 11:37:41.558+01	8	1
2244	2016-03-17 13:02:06.033+01	8	1
2245	2016-03-17 13:20:46.11+01	8	1
2246	2016-03-17 13:34:36.425+01	4	1
2247	2016-03-17 13:35:01.832+01	8	1
2248	2016-03-18 13:39:11.275+01	4	1
2249	2016-03-18 15:38:25.49+01	2	1
2250	2016-03-21 12:47:59.386+01	8	1
2251	2016-03-21 14:52:41.362+01	2	1
2252	2016-03-23 09:41:11.563+01	8	1
2253	2016-03-23 09:50:23.709+01	8	1
2254	2016-03-23 11:43:05.585+01	8	1
2255	2016-03-23 11:45:11.565+01	8	2
2256	2016-03-29 09:39:15.013+02	8	1
2257	2016-03-29 14:36:53.944+02	8	1
2258	2016-03-29 15:16:48.848+02	8	1
2259	2016-03-29 16:48:13.97+02	4	1
2260	2016-03-29 16:49:08.037+02	8	1
2261	2016-03-29 17:02:59.576+02	4	1
2262	2016-03-29 18:10:03.57+02	4	1
2263	2016-03-29 19:01:19.416+02	4	1
2264	2016-03-30 09:13:05.373+02	4	1
2265	2016-03-30 10:48:03.919+02	4	1
2266	2016-03-30 12:41:51.826+02	4	1
2267	2016-03-30 14:30:43.341+02	4	1
2268	2016-03-30 14:52:18.634+02	8	1
2269	2016-03-31 08:04:50.367+02	2	1
2270	2016-03-31 09:12:38.006+02	4	1
2271	2016-03-31 10:55:31.612+02	4	1
2272	2016-03-31 13:39:28.663+02	8	1
2273	2016-03-31 15:39:00.548+02	8	1
2274	2016-03-31 15:51:14.506+02	8	1
2275	2016-04-01 10:43:37.169+02	8	1
2276	2016-04-01 12:10:00.834+02	4	1
2277	2016-04-01 13:03:16.041+02	2	1
2278	2016-04-01 13:03:18.847+02	4	1
2279	2016-04-01 13:10:14.537+02	8	1
2280	2016-04-01 13:51:23.645+02	4	1
2281	2016-04-01 15:01:23.196+02	4	1
2282	2016-04-04 08:11:57.383+02	4	1
2283	2016-04-04 09:00:25.327+02	4	1
2284	2016-04-04 09:45:08.712+02	4	2
2285	2016-04-04 09:52:38.879+02	8	1
2286	2016-04-04 11:27:07.358+02	4	1
2287	2016-04-05 09:00:08.842+02	4	1
2288	2016-04-05 09:29:45.758+02	4	1
2289	2016-04-06 10:44:18.649+02	8	1
2290	2016-04-06 11:30:22.688+02	4	1
2291	2016-04-06 13:33:38.792+02	4	1
2292	2016-04-07 08:54:47.776+02	4	1
2293	2016-04-07 10:44:49.832+02	4	1
2294	2016-04-07 13:37:37.719+02	2	1
2295	2016-04-07 13:49:37.886+02	4	1
2296	2016-04-07 15:09:36.542+02	4	1
2297	2016-04-08 08:54:58.593+02	4	1
2298	2016-04-08 09:20:09.504+02	4	1
2299	2016-04-08 10:19:19.616+02	2	1
2300	2016-04-08 10:20:47.479+02	4	1
2301	2016-04-08 13:14:15.478+02	4	1
2302	2016-04-08 14:32:35.438+02	2	1
2303	2016-04-08 14:32:39.033+02	4	1
2304	2016-04-08 15:58:08.95+02	2	1
2305	2016-04-11 10:40:36.43+02	4	1
2306	2016-04-11 11:36:05.277+02	4	1
2307	2016-04-11 14:52:47.67+02	4	1
2308	2016-04-11 14:52:58.942+02	2	1
2309	2016-04-13 12:56:16.817+02	4	1
2310	2016-04-13 13:38:31.002+02	4	1
2311	2016-04-13 13:46:08.003+02	4	1
2312	2016-04-14 10:00:47.902+02	4	1
2313	2016-04-14 10:00:49.184+02	2	1
2314	2016-04-14 10:45:48.868+02	4	1
2315	2016-04-14 11:52:07.11+02	4	1
2316	2016-04-14 13:59:49.514+02	4	1
2317	2016-04-18 08:59:05.375+02	4	1
2318	2016-04-18 10:09:40.004+02	4	1
2319	2016-04-18 12:06:42.613+02	4	1
2320	2016-04-18 12:39:01.174+02	2	1
2321	2016-04-18 12:46:37.542+02	8	1
2322	2016-04-18 12:48:56.889+02	8	2
2323	2016-04-18 13:33:30.075+02	4	1
2324	2016-04-18 13:37:43.413+02	2	1
2325	2016-04-20 13:33:09.754+02	2	1
2326	2016-04-22 10:51:32.36+02	4	1
2327	2016-04-22 11:30:53.013+02	4	1
2328	2016-04-22 11:51:35.654+02	4	2
2329	2016-04-22 11:52:26.127+02	8	1
2330	2016-04-22 13:38:07.393+02	2	1
2332	2016-04-25 08:00:55.778+02	4	1
2333	2016-04-25 09:42:57.268+02	3	1
2334	2016-04-25 13:58:07.726+02	3	1
2335	2016-04-26 10:15:39.748+02	3	1
2336	2016-04-26 14:52:25.397+02	3	1
2337	2016-04-27 13:49:06.87+02	2	1
2338	2016-04-27 14:00:59.208+02	3	1
2339	2016-04-28 09:48:00.13+02	2	1
2340	2016-04-28 14:07:49.768+02	4	1
2341	2016-04-28 15:18:59.257+02	4	1
2342	2016-04-29 08:01:13.877+02	4	1
2343	2016-04-29 08:35:15.605+02	4	1
2344	2016-04-29 09:03:43.328+02	2	1
2345	2016-04-29 09:03:47.874+02	4	1
2346	2016-04-29 09:38:20.409+02	2	1
2347	2016-04-29 11:44:33.355+02	4	1
2348	2016-04-29 12:58:36.538+02	2	1
2349	2016-04-29 14:41:01.059+02	4	1
2350	2016-04-30 15:53:46.201+02	3	1
2351	2016-05-02 10:00:53.927+02	4	1
2352	2016-05-02 11:41:23.215+02	4	1
2353	2016-05-02 14:09:32.717+02	4	1
2354	2016-05-03 09:02:41.26+02	4	1
2355	2016-05-03 09:52:22.781+02	4	1
2356	2016-05-03 11:56:11.064+02	4	1
2357	2016-05-03 13:37:00.491+02	4	1
2358	2016-05-03 16:15:43.875+02	3	1
2359	2016-05-04 08:51:12.683+02	4	1
2360	2016-05-06 10:29:55.77+02	3	1
2361	2016-05-06 12:48:39.969+02	8	1
2362	2016-05-09 11:48:05.8+02	4	1
2363	2016-05-09 12:02:20.72+02	4	1
2364	2016-05-09 14:04:17.031+02	4	1
2365	2016-05-10 07:56:35.303+02	4	1
2366	2016-05-10 08:35:22.87+02	4	1
2367	2016-05-10 08:36:51.707+02	2	1
2368	2016-05-10 10:05:29.116+02	4	1
2369	2016-05-10 16:01:15.284+02	4	1
2370	2016-05-10 16:06:23.886+02	2	1
2371	2016-05-11 08:56:35.107+02	4	1
2372	2016-05-11 13:38:13.162+02	4	1
2373	2016-05-11 14:53:29.977+02	4	1
2374	2016-05-12 10:13:02.526+02	4	1
2375	2016-05-12 11:40:37.684+02	4	1
2376	2016-05-12 14:18:40.983+02	4	1
2377	2016-05-12 15:26:11.201+02	4	1
2378	2016-05-12 16:14:26.536+02	3	1
2379	2016-05-13 08:47:16.015+02	4	1
2380	2016-05-13 09:14:10.812+02	4	1
2381	2016-05-13 12:10:10.949+02	4	1
2382	2016-05-13 13:37:00.492+02	4	1
2383	2016-05-13 14:15:29.799+02	4	1
2384	2016-05-18 08:38:09.066+02	4	1
2385	2016-05-18 12:03:01.872+02	4	1
2386	2016-05-19 08:54:31.03+02	4	1
2387	2016-05-19 14:08:09.13+02	4	1
2388	2016-05-19 18:40:49.249+02	3	1
2389	2016-05-20 08:22:47.834+02	2	1
2390	2016-05-20 09:53:37.409+02	4	1
2391	2016-05-20 12:36:37.312+02	2	1
2392	2016-05-20 12:46:37.793+02	4	1
2393	2016-05-20 16:05:36.495+02	2	1
2394	2016-05-20 17:45:58.443+02	3	1
2395	2016-05-23 10:42:25.271+02	3	1
2396	2016-05-23 12:49:01.212+02	2	1
2397	2016-05-23 14:04:58.906+02	3	1
2398	2016-05-24 13:43:21.073+02	3	1
2399	2016-05-24 16:33:37.048+02	4	1
2400	2016-05-24 16:47:57.013+02	3	1
2401	2016-05-24 16:59:08.657+02	4	1
2402	2016-05-24 17:53:35.801+02	4	1
2403	2016-05-25 07:57:38.18+02	4	1
2404	2016-05-25 09:55:30.064+02	4	1
2405	2016-05-25 13:22:31.446+02	4	1
2406	2016-05-25 15:20:56.742+02	3	1
2407	2016-05-25 15:28:55.028+02	4	1
2408	2016-05-25 15:31:16.798+02	2	1
2409	2016-05-26 09:01:51.579+02	4	1
2410	2016-05-26 09:06:38.523+02	4	1
2411	2016-05-26 13:45:51.279+02	4	1
2412	2016-05-26 15:25:08.553+02	2	1
2413	2016-05-26 15:25:23.724+02	8	1
2414	2016-05-26 15:29:17.268+02	3	1
2415	2016-05-26 17:31:01.854+02	4	1
2416	2016-05-27 09:03:37.241+02	4	1
2417	2016-05-27 09:53:16.137+02	2	1
2418	2016-05-27 09:53:21.021+02	4	1
2419	2016-05-27 13:15:12.852+02	4	1
2420	2016-05-27 13:45:21.031+02	4	1
2421	2016-05-27 14:29:56.175+02	2	1
2422	2016-05-27 14:35:07.699+02	3	1
2423	2016-05-30 12:06:56.554+02	4	1
2424	2016-05-30 13:25:53.419+02	4	1
2425	2016-05-30 13:37:36.789+02	2	1
2426	2016-05-30 15:58:19.222+02	2	1
2427	2016-05-31 08:07:05.414+02	2	1
2428	2016-05-31 12:23:15.219+02	4	1
2429	2016-05-31 12:42:23.436+02	4	1
2430	2016-05-31 13:33:35.101+02	4	1
2431	2016-05-31 13:35:05.557+02	2	1
2432	2016-05-31 14:41:50.264+02	4	1
2433	2016-06-01 10:09:10.51+02	4	1
2434	2016-06-01 12:21:42.346+02	4	1
2435	2016-06-02 08:30:32.732+02	2	1
2436	2016-06-02 09:55:41.698+02	3	1
2437	2016-06-02 12:10:43.031+02	4	1
2438	2016-06-02 13:56:33.463+02	2	1
2439	2016-06-02 15:23:30.306+02	4	1
2440	2016-06-03 09:50:29.269+02	2	1
2441	2016-06-06 09:01:51.387+02	4	1
2442	2016-06-06 09:02:15.983+02	4	1
2443	2016-06-06 09:59:00.487+02	4	1
2444	2016-06-06 10:44:20.297+02	4	1
2445	2016-06-06 12:39:29.925+02	4	1
2446	2016-06-06 13:19:01.358+02	4	1
2447	2016-06-06 13:30:29.432+02	2	1
2448	2016-06-06 14:47:41.919+02	4	1
2449	2016-06-06 16:05:25.323+02	4	1
2450	2016-06-07 10:27:21.788+02	2	1
2451	2016-06-07 12:36:47.841+02	2	1
2452	2016-06-07 14:41:45.462+02	2	1
2453	2016-06-07 15:57:18.749+02	2	1
2454	2016-06-08 14:09:27.763+02	2	1
2455	2016-06-08 16:13:56.043+02	2	1
2456	2016-06-09 12:36:51.194+02	2	1
2457	2016-06-09 13:02:44.884+02	2	1
2458	2016-06-10 07:42:01.788+02	4	1
2459	2016-06-10 08:05:35.766+02	4	1
2460	2016-06-10 08:56:40.546+02	4	1
2461	2016-06-10 09:47:43.128+02	4	1
2462	2016-06-10 09:47:43.231+02	2	1
2463	2016-06-10 10:44:13.06+02	2	1
2464	2016-06-10 11:43:31.147+02	4	1
2465	2016-06-10 12:34:56.976+02	4	1
2466	2016-06-10 12:35:01.756+02	2	1
2467	2016-06-10 14:22:15.015+02	4	1
2468	2016-06-10 14:22:15.31+02	2	1
2469	2016-06-10 16:18:07.116+02	2	1
2470	2016-06-13 14:30:40.03+02	2	1
2471	2016-06-13 14:45:04.164+02	2	1
2472	2016-06-14 09:00:25.67+02	2	1
2473	2016-06-14 10:04:22.216+02	2	1
2474	2016-06-14 12:24:48.747+02	2	1
2475	2016-06-14 12:31:41.603+02	4	1
2476	2016-06-14 12:32:49.904+02	8	1
2477	2016-06-14 12:38:05.948+02	8	1
2478	2016-06-14 12:54:00.441+02	4	1
2479	2016-06-14 13:33:46.394+02	4	1
2480	2016-06-14 13:36:36.13+02	2	1
2481	2016-06-14 15:50:31.695+02	2	1
2482	2016-06-15 08:54:10.791+02	4	1
2483	2016-06-15 09:10:05.431+02	2	1
2484	2016-06-15 12:05:12.591+02	4	1
2485	2016-06-15 13:21:25.746+02	8	1
2486	2016-06-15 14:26:35.876+02	2	1
2487	2016-06-15 15:06:15.413+02	2	1
2488	2016-06-16 12:09:01.626+02	4	1
2489	2016-06-16 12:09:03.003+02	4	1
2490	2016-06-16 13:32:53.068+02	4	1
2491	2016-06-16 15:27:20.641+02	2	1
2492	2016-06-17 08:01:33.58+02	4	1
2493	2016-06-17 08:21:21.326+02	2	1
2494	2016-06-17 08:28:52.203+02	4	1
2495	2016-06-17 08:54:04.218+02	4	1
2496	2016-06-17 13:50:25.307+02	4	1
2497	2016-06-20 07:26:38.055+02	4	1
2498	2016-06-20 08:21:37.251+02	4	1
2499	2016-06-20 08:32:26.333+02	2	1
2500	2016-06-20 08:58:40.796+02	4	1
2501	2016-06-20 10:40:35.502+02	4	1
2502	2016-06-20 11:34:38.782+02	4	1
2503	2016-06-20 12:57:38.089+02	4	1
2504	2016-06-20 15:39:53.123+02	2	1
2505	2016-06-21 07:21:23.969+02	4	1
2506	2016-06-21 07:31:19.542+02	2	1
2507	2016-06-21 07:50:55.804+02	4	1
2508	2016-06-21 10:15:59.505+02	2	1
2509	2016-06-21 13:34:49.744+02	2	1
2510	2016-06-22 08:22:24.419+02	4	1
2511	2016-06-22 11:12:42.218+02	4	1
2512	2016-06-22 13:36:39.005+02	2	1
2513	2016-06-22 14:31:13.43+02	2	1
2514	2016-06-22 16:01:58.045+02	2	1
2515	2016-06-23 08:20:30.227+02	4	1
2516	2016-06-23 09:05:45.89+02	2	1
2517	2016-06-23 09:22:23.897+02	4	1
2518	2016-06-23 10:43:57.953+02	4	1
2519	2016-06-23 15:58:38.139+02	2	1
2520	2016-06-27 12:36:01.829+02	4	1
2521	2016-06-27 13:44:04.375+02	4	1
2522	2016-06-29 09:58:25.547+02	4	1
2523	2016-06-29 10:14:05.741+02	4	1
2524	2016-06-29 11:38:08.59+02	4	1
2525	2016-06-29 13:03:39.235+02	4	1
2526	2016-06-29 13:59:58.298+02	4	1
2527	2016-06-30 12:46:01.976+02	4	1
2528	2016-06-30 13:43:26.785+02	4	1
2529	2016-06-30 14:25:45.728+02	4	1
2530	2016-07-11 10:21:08.273+02	2	1
2531	2016-07-14 08:02:43.217+02	2	1
2532	2016-07-18 11:47:47.184+02	4	1
2533	2016-07-18 12:13:24.691+02	4	1
2534	2016-07-18 12:53:52.301+02	4	1
2535	2016-07-18 13:36:15.897+02	2	1
2536	2016-07-18 13:37:00.501+02	4	1
2537	2016-07-18 13:39:15.401+02	8	1
2538	2016-07-18 15:13:26.531+02	2	1
2539	2016-07-20 08:27:18.637+02	2	1
2540	2016-07-20 10:48:53.974+02	8	1
2541	2016-07-20 10:50:08.402+02	4	1
2542	2016-07-20 10:55:02.091+02	2	1
2543	2016-07-20 10:59:11.025+02	1	1
2544	2016-07-20 11:08:08.58+02	4	1
2545	2016-07-20 11:52:06.824+02	4	1
2546	2016-07-20 12:13:16.178+02	4	1
2547	2016-07-20 14:11:23.22+02	4	1
2548	2016-07-20 14:47:51.533+02	4	1
2549	2016-07-20 15:04:26.058+02	2	1
2550	2016-07-21 08:24:54.515+02	2	1
2551	2016-07-21 13:16:14.689+02	2	1
2552	2016-07-21 13:36:27.982+02	2	1
2553	2016-07-21 13:36:39.237+02	1	1
2554	2016-07-21 13:36:40.414+02	1	1
2556	2016-07-21 14:15:11.192+02	2	1
2557	2016-07-21 14:15:49.676+02	1	1
2558	2016-07-21 15:40:43.853+02	2	1
2559	2016-07-22 09:49:55.496+02	2	1
2560	2016-07-22 10:49:31.566+02	2	1
2561	2016-07-22 13:45:57.457+02	1	1
2562	2016-07-22 13:47:16.774+02	8	1
2563	2016-07-22 14:20:32.007+02	2	1
2564	2016-07-22 14:45:38.368+02	2	1
2565	2016-07-22 14:45:43.1+02	1	1
2566	2016-07-22 14:46:27.036+02	8	1
2567	2016-07-25 08:19:32.985+02	4	1
2568	2016-07-25 09:35:31.607+02	4	1
2569	2016-07-26 09:58:44.587+02	4	1
2570	2016-07-26 10:22:36.6+02	4	1
2571	2016-07-26 12:06:10.211+02	4	1
2572	2016-07-26 13:00:41.761+02	4	1
2573	2016-07-26 13:33:45.098+02	4	1
2574	2016-07-26 15:22:23.239+02	4	1
2575	2016-07-26 15:30:13.269+02	4	1
2576	2016-07-26 15:52:21.926+02	4	1
2577	2016-07-26 15:52:50.55+02	8	1
2578	2016-07-27 14:24:41.109+02	8	1
2579	2016-08-02 12:03:38.229+02	4	1
2580	2016-08-07 01:26:06.05+02	4	1
2581	2016-08-07 01:43:16.271+02	4	1
2582	2016-08-08 12:29:51.328+02	4	1
2583	2016-08-08 13:30:41.782+02	4	1
2584	2016-08-08 13:33:47.446+02	4	1
2585	2016-08-09 09:43:33.033+02	4	1
2586	2016-08-09 10:46:29.728+02	4	1
2587	2016-08-09 11:28:35.75+02	4	1
2588	2016-08-09 12:19:39.185+02	2	1
2589	2016-08-09 12:19:41.913+02	4	1
2590	2016-08-09 12:19:47.138+02	1	1
2591	2016-08-09 13:24:09.292+02	4	1
2592	2016-08-09 14:03:20.025+02	4	1
2593	2016-08-09 14:36:12.877+02	2	1
2594	2016-08-10 08:33:06.295+02	2	1
2595	2016-08-10 11:38:00.93+02	4	1
2596	2016-08-10 12:01:53.957+02	4	1
2597	2016-08-10 12:02:10.751+02	2	1
2598	2016-08-10 12:12:28.592+02	2	1
2599	2016-08-10 13:15:18.843+02	2	1
2600	2016-08-10 13:37:00.835+02	4	1
2601	2016-08-10 14:00:13.987+02	2	1
2602	2016-08-10 14:25:25.14+02	2	1
2603	2016-08-11 09:12:03.54+02	4	1
2604	2016-08-11 09:49:12.724+02	4	1
2605	2016-08-11 09:49:27.822+02	2	1
2606	2016-08-11 09:59:21.786+02	2	1
2607	2016-08-11 10:14:57.272+02	2	1
2608	2016-08-11 10:45:50.28+02	4	1
2609	2016-08-11 10:49:26.174+02	2	1
2610	2016-08-11 11:24:31.666+02	1	1
2611	2016-08-11 11:32:18.296+02	2	1
2612	2016-08-11 12:20:43.914+02	2	1
2613	2016-08-11 12:47:45.761+02	2	1
2614	2016-08-11 13:42:22.89+02	2	1
2615	2016-08-11 13:48:21.069+02	4	1
2616	2016-08-12 08:49:25.608+02	2	1
2617	2016-08-12 09:14:53.381+02	2	1
2618	2016-08-12 09:36:07.279+02	2	1
2619	2016-08-12 09:59:04.079+02	2	1
2620	2016-08-12 10:09:11.633+02	4	1
2621	2016-08-12 10:46:05.358+02	4	1
2622	2016-08-12 13:03:36.253+02	2	1
2623	2016-08-12 13:45:57.578+02	2	1
2624	2016-08-12 13:48:54.241+02	4	1
2625	2016-08-12 14:27:04.342+02	4	1
2626	2016-08-12 14:40:44.786+02	4	1
2627	2016-08-12 15:01:30.984+02	2	1
2628	2016-08-15 08:41:46.67436+02	2	1
2629	2016-08-15 09:07:27.649832+02	4	1
2630	2016-08-15 11:37:38.136013+02	1	1
2631	2016-08-15 12:23:12.472052+02	4	1
2632	2016-08-15 12:29:35.634971+02	1	1
2633	2016-08-15 12:30:43.806004+02	4	1
2634	2016-08-15 12:39:07.398124+02	4	1
2635	2016-08-15 13:08:57.824289+02	2	1
2636	2016-08-15 13:34:30.896808+02	4	1
2637	2016-08-15 15:03:03.219964+02	4	1
2638	2016-08-15 15:27:03.137301+02	2	1
2639	2016-08-15 16:48:24.865859+02	1	1
2641	2016-08-16 07:16:17.573027+02	4	1
2642	2016-08-16 07:28:46.565245+02	2	1
2643	2016-08-16 07:48:59.646662+02	4	1
2644	2016-08-16 08:18:44.97414+02	4	1
2646	2016-08-16 08:45:36.626112+02	4	1
2647	2016-08-16 09:00:21.117987+02	1	1
2649	2016-08-16 09:08:17.279864+02	1	2
2650	2016-08-16 10:25:46.104046+02	1	2
2651	2016-08-16 11:55:12.319404+02	4	1
2652	2016-08-16 11:55:44.906878+02	2	1
2653	2016-08-16 12:08:34.849212+02	1	1
2656	2016-08-16 13:39:16.435394+02	4	1
2657	2016-08-16 14:25:44.727095+02	1	1
2658	2016-08-16 15:34:36.472018+02	4	1
2659	2016-08-16 17:02:34.700943+02	1	1
2660	2016-08-17 09:02:30.573201+02	4	1
2661	2016-08-17 09:12:51.25894+02	1	1
2662	2016-08-17 09:13:14.189484+02	4	1
2663	2016-08-17 10:49:13.609319+02	4	1
2664	2016-08-17 12:54:30.595619+02	2	1
2666	2016-08-17 14:02:43.776116+02	1	1
2667	2016-08-17 14:09:43.730848+02	2	1
2668	2016-08-17 14:46:16.876301+02	1	2
2669	2016-08-18 09:35:23.770744+02	2	1
2670	2016-08-18 10:30:40.709487+02	1	1
2671	2016-08-18 12:55:30.796448+02	1	1
2672	2016-08-18 15:42:15.369103+02	1	1
2673	2016-08-18 15:26:15.369927+02	1	2
2675	2016-08-18 13:39:33.060368+02	2	1
2676	2016-08-18 13:29:05.589192+02	1	2
2674	2016-08-18 14:54:05.588174+02	1	1
2678	2016-08-19 09:13:39.076015+02	2	1
2679	2016-08-19 09:14:45.317552+02	1	1
2680	2016-08-19 12:39:50.675892+02	2	1
2681	2016-08-19 13:17:24.284427+02	2	2
2682	2016-08-19 15:54:58.885805+02	1	1
2683	2016-08-22 12:38:49.585832+02	4	1
2684	2016-08-22 12:38:58.022257+02	2	1
2685	2016-08-22 12:43:11.188827+02	2	2
2686	2016-08-22 12:45:52.211115+02	4	1
2687	2016-08-22 13:13:25.312429+02	1	1
2688	2016-08-22 14:03:23.102946+02	4	1
2689	2016-08-22 14:03:30.824796+02	1	2
2690	2016-08-22 15:27:55.39079+02	1	1
\.


--
-- Name: user_id_seq; Type: SEQUENCE SET; Schema: public; Owner: -
--

SELECT pg_catalog.setval('user_id_seq', 9, true);

