--
-- PostgreSQL database dump
--

-- Dumped from database version 9.5.2
-- Dumped by pg_dump version 9.5.3

SET statement_timeout = 0;
SET lock_timeout = 0;
SET client_encoding = 'UTF8';
SET standard_conforming_strings = on;
SET check_function_bodies = false;
SET client_min_messages = warning;
SET row_security = off;

SET search_path = public, pg_catalog;

SET default_tablespace = '';

SET default_with_oids = false;

--
-- Name: log; Type: TABLE; Schema: public; Owner: -
--

CREATE TABLE log (
    id integer NOT NULL,
    date timestamp without time zone NOT NULL,
    user_id integer NOT NULL,
    type_id integer NOT NULL
);


--
-- Name: consume_log_id_seq; Type: SEQUENCE; Schema: public; Owner: -
--

CREATE SEQUENCE consume_log_id_seq
    START WITH 1
    INCREMENT BY 1
    NO MINVALUE
    NO MAXVALUE
    CACHE 1;


--
-- Name: consume_log_id_seq; Type: SEQUENCE OWNED BY; Schema: public; Owner: -
--

ALTER SEQUENCE consume_log_id_seq OWNED BY log.id;


--
-- Name: type; Type: TABLE; Schema: public; Owner: -
--

CREATE TABLE type (
    id integer NOT NULL,
    name character varying(254) NOT NULL,
    amount integer NOT NULL
);


--
-- Name: frisk_consume_type_id_seq; Type: SEQUENCE; Schema: public; Owner: -
--

CREATE SEQUENCE frisk_consume_type_id_seq
    START WITH 1
    INCREMENT BY 1
    NO MINVALUE
    NO MAXVALUE
    CACHE 1;


--
-- Name: frisk_consume_type_id_seq; Type: SEQUENCE OWNED BY; Schema: public; Owner: -
--

ALTER SEQUENCE frisk_consume_type_id_seq OWNED BY type.id;

--
-- Name: user; Type: TABLE; Schema: public; Owner: -
--

CREATE TABLE "user" (
    id integer NOT NULL,
    first_name character varying(254) NOT NULL,
    last_name character varying(254) NOT NULL,
    username character varying(254) NOT NULL,
    email character varying(255)
);


--
-- Name: user_id_seq; Type: SEQUENCE; Schema: public; Owner: -
--

CREATE SEQUENCE user_id_seq
    START WITH 1
    INCREMENT BY 1
    NO MINVALUE
    NO MAXVALUE
    CACHE 1;


--
-- Name: user_id_seq; Type: SEQUENCE OWNED BY; Schema: public; Owner: -
--

ALTER SEQUENCE user_id_seq OWNED BY "user".id;


--
-- Name: id; Type: DEFAULT; Schema: public; Owner: -
--

ALTER TABLE ONLY log ALTER COLUMN id SET DEFAULT nextval('consume_log_id_seq'::regclass);


--
-- Name: id; Type: DEFAULT; Schema: public; Owner: -
--

ALTER TABLE ONLY type ALTER COLUMN id SET DEFAULT nextval('frisk_consume_type_id_seq'::regclass);


--
-- Name: id; Type: DEFAULT; Schema: public; Owner: -
--

ALTER TABLE ONLY "user" ALTER COLUMN id SET DEFAULT nextval('user_id_seq'::regclass);


--
-- Name: consume_log_id_seq; Type: SEQUENCE SET; Schema: public; Owner: -
--

SELECT pg_catalog.setval('consume_log_id_seq', 2671, true);


--
-- Name: frisk_consume_type_id_seq; Type: SEQUENCE SET; Schema: public; Owner: -
--

SELECT pg_catalog.setval('frisk_consume_type_id_seq', 4, true);


--
-- Data for Name: log; Type: TABLE DATA; Schema: public; Owner: -
--

COPY log (id, date, user_id, type_id) FROM stdin;
3	2015-02-24 15:08:35.665	2	1
4	2015-02-24 15:09:02.542	1	1
5	2015-02-24 15:09:06.706	4	1
6	2015-02-24 15:38:58.929	2	1
7	2015-02-25 08:53:20.704	1	2
8	2015-02-25 11:06:31.091	1	1
9	2015-02-25 11:06:36.373	2	1
10	2015-02-25 11:06:44.532	4	1
11	2015-02-25 11:06:59.947	3	1
12	2015-02-25 12:25:00.897	3	2
13	2015-02-25 13:01:04.21	2	1
14	2015-02-25 13:10:53.162	2	2
15	2015-02-25 13:17:21.954	2	1
16	2015-02-25 13:49:53.345	2	1
17	2015-02-25 13:57:00.285	2	2
18	2015-02-25 13:57:08.703	1	1
19	2015-02-25 13:57:47.001	3	1
20	2015-02-25 15:06:06.912	2	1
21	2015-02-25 15:31:17.019	4	2
22	2015-02-25 15:55:37.427	2	2
23	2015-02-26 07:38:14.137	2	1
24	2015-02-26 07:51:49.659	2	1
25	2015-02-26 09:39:09.747	4	1
26	2015-02-26 09:39:23.238	4	1
27	2015-02-26 09:39:57.431	1	1
28	2015-02-26 09:40:41.647	2	1
29	2015-02-26 11:10:16.339	2	1
30	2015-02-26 11:10:32.72	2	1
31	2015-02-26 11:10:34.918	1	1
32	2015-02-26 11:11:08.462	3	1
33	2015-02-26 14:01:35.025	3	2
34	2015-02-27 09:28:25.981	4	1
36	2015-02-27 12:53:35.67	3	1
37	2015-02-27 12:53:52.167	1	1
38	2015-03-02 12:32:05.604	2	1
39	2015-03-02 14:25:35.162	2	1
40	2015-03-02 14:59:33.142	2	1
41	2015-03-03 07:28:47.889	2	1
42	2015-03-03 08:11:29.258	2	1
43	2015-03-03 09:16:09.026	2	1
44	2015-03-03 09:16:24.373	1	1
45	2015-03-03 10:11:35.096	2	2
46	2015-03-03 13:41:28.474	2	1
47	2015-03-03 14:55:58.862	2	1
48	2015-03-03 15:23:46.191	2	2
49	2015-03-04 09:19:55.987	1	1
50	2015-03-04 13:17:57.603	2	1
51	2015-03-04 14:40:49.441	2	1
52	2015-03-04 15:47:04.006	3	1
53	2015-03-04 15:47:05.905	3	1
54	2015-03-04 15:47:07.547	3	1
55	2015-03-04 15:48:13.917	1	1
56	2015-03-04 16:02:23.159	1	2
59	2015-03-04 17:29:52.797	1	1
60	2015-03-05 11:07:50.457	4	1
61	2015-03-05 11:07:56.461	1	1
62	2015-03-05 11:18:55.555	1	2
63	2015-03-05 11:45:59.978	1	1
64	2015-03-05 12:06:54.352	1	2
65	2015-03-05 12:06:58.229	4	2
66	2015-03-05 12:07:25.222	3	1
67	2015-03-05 12:43:18.547	1	2
68	2015-03-05 15:47:59.715	2	1
69	2015-03-05 15:56:58.266	2	1
70	2015-03-05 16:16:28.31	2	1
71	2015-03-06 07:33:07.21	2	1
72	2015-03-06 07:50:40.963	2	2
73	2015-03-06 07:56:16.628	2	2
74	2015-03-06 09:44:44.526	2	1
76	2015-03-06 12:37:16.739	2	1
77	2015-03-06 13:35:42.696	2	1
78	2015-03-08 13:51:53.364	1	1
79	2015-03-08 13:51:55.77	1	1
80	2015-03-08 13:52:14.034	3	1
81	2015-03-09 07:56:45.76	2	1
82	2015-03-09 08:04:26.233	4	1
83	2015-03-09 08:04:28.064	4	1
84	2015-03-09 08:04:29.748	4	1
85	2015-03-09 08:20:11.663	1	1
86	2015-03-09 10:16:56.346	1	1
87	2015-03-09 11:05:12.236	3	1
88	2015-03-09 12:00:20.132	2	1
89	2015-03-09 12:00:25.637	1	1
90	2015-03-09 12:54:19.837	2	1
91	2015-03-09 13:43:10.536	2	1
92	2015-03-09 15:02:37.576	2	1
93	2015-03-09 15:25:52.73	4	2
94	2015-03-10 07:53:43.426	2	1
95	2015-03-10 07:56:31.929	4	1
96	2015-03-10 09:16:13.491	2	1
97	2015-03-10 10:55:47.972	2	1
98	2015-03-10 10:55:51.37	1	1
99	2015-03-10 10:55:52.295	4	1
100	2015-03-10 12:07:54.93	3	1
101	2015-03-10 14:43:54.206	2	1
102	2015-03-11 08:29:04.375	2	1
103	2015-03-12 08:06:21.314	4	1
104	2015-03-12 08:06:42.238	2	1
105	2015-03-12 08:43:39.905	2	1
106	2015-03-12 09:02:30.611	4	2
107	2015-03-12 09:13:48.235	4	1
108	2015-03-12 10:44:52.923	4	1
109	2015-03-12 11:03:04.95	2	1
110	2015-03-12 11:03:11.182	1	1
111	2015-03-12 11:48:38.065	1	2
112	2015-03-12 11:48:40.77	4	2
113	2015-03-12 12:24:16.515	2	1
114	2015-03-12 13:17:19.907	4	1
115	2015-03-12 17:37:49.879	1	1
116	2015-03-13 09:42:33.197	2	1
117	2015-03-13 11:39:28.068	2	1
118	2015-03-13 12:46:07.853	2	1
119	2015-03-13 13:54:27.771	2	1
120	2015-03-13 14:14:55.668	2	1
121	2015-03-16 07:28:52.901	2	1
122	2015-03-16 07:59:18.46	2	1
123	2015-03-16 08:00:33.81	4	1
124	2015-03-16 08:43:56.34	2	1
125	2015-03-16 12:35:40.197	4	1
126	2015-03-16 12:35:42.424	4	1
127	2015-03-17 08:03:01.489	4	1
128	2015-03-17 08:03:23.779	2	1
129	2015-03-17 08:20:06.308	1	1
130	2015-03-17 08:20:09.647	1	2
131	2015-03-17 08:20:13.765	1	2
132	2015-03-17 09:18:42.886	4	1
133	2015-03-17 09:26:08.521	2	1
134	2015-03-17 09:26:10.514	2	1
135	2015-03-17 09:26:51.118	2	1
136	2015-03-17 09:29:54.1	4	2
137	2015-03-17 14:50:12.941	2	1
138	2015-03-17 15:02:35.455	2	1
139	2015-03-18 07:26:03.266	2	1
140	2015-03-18 08:08:01.685	2	1
141	2015-03-18 08:36:13.678	2	1
142	2015-03-18 09:09:09.292	4	1
143	2015-03-18 09:16:10.51	2	1
209	2015-03-30 20:01:22.466	3	1
210	2015-03-31 07:28:28.03	2	1
211	2015-03-31 07:38:17.439	2	1
212	2015-03-31 08:09:17.694	3	1
213	2015-03-31 09:07:30.309	2	1
214	2015-03-31 09:58:23.59	4	1
215	2015-03-31 09:58:27.365	4	1
216	2015-03-31 09:58:38.302	4	1
217	2015-03-31 09:58:43.093	4	1
218	2015-03-31 09:58:53.895	4	1
219	2015-03-31 09:59:26.136	2	1
220	2015-03-31 14:47:53.932	2	1
221	2015-03-31 17:37:17.08	3	1
222	2015-04-01 06:50:27.707	2	1
223	2015-04-01 07:47:43.788	2	1
224	2015-04-01 09:42:38.097	2	1
225	2015-04-01 22:39:26.545	3	1
226	2015-04-03 10:52:10.667	3	1
227	2015-04-06 18:56:51.236	1	1
228	2015-04-07 07:35:31.219	2	1
229	2015-04-07 08:32:17.785	4	1
230	2015-04-07 08:48:21.035	2	1
231	2015-04-07 09:36:45.436	4	1
232	2015-04-07 11:49:04.356	2	1
233	2015-04-07 12:58:25.709	4	1
234	2015-04-07 15:18:54.745	4	1
235	2015-04-08 06:49:03.1	2	1
236	2015-04-08 07:20:43.195	4	1
237	2015-04-08 08:28:08.789	4	1
238	2015-04-08 08:28:11.669	2	1
239	2015-04-08 08:33:48.242	2	1
240	2015-04-08 11:00:33.892	2	1
241	2015-04-08 11:29:00.861	2	1
242	2015-04-08 12:22:50.024	2	1
243	2015-04-08 13:08:43.383	2	1
244	2015-04-08 14:00:54.364	2	1
245	2015-04-09 06:51:40.198	4	1
246	2015-04-09 06:59:43.559	2	1
247	2015-04-09 06:59:44.584	2	1
248	2015-04-09 07:38:30.578	2	1
249	2015-04-09 08:21:14.9	2	1
250	2015-04-09 10:02:22.86	2	1
251	2015-04-09 11:59:55.613	4	1
252	2015-04-09 13:59:37.015	3	1
253	2015-04-09 13:59:40.631	3	2
254	2015-04-10 05:33:13.976	4	1
255	2015-04-10 07:34:21.738	3	1
256	2015-04-10 09:58:27.109	2	1
257	2015-04-10 12:56:45.104	2	1
258	2015-04-11 11:58:09.646	1	1
259	2015-04-12 10:59:02.175	1	1
260	2015-04-13 11:47:34.631	2	1
261	2015-04-13 13:46:46.87	3	1
262	2015-04-14 06:09:31.691	2	2
263	2015-04-14 11:08:29.68	2	1
265	2015-04-14 11:08:50.678	4	1
266	2015-04-14 11:08:52.337	4	1
267	2015-04-14 11:54:42.629	4	1
268	2015-04-14 11:56:05.33	2	1
269	2015-04-14 12:18:58.306	3	1
270	2015-04-15 07:05:19.564	2	1
271	2015-04-15 07:05:37.051	4	1
272	2015-04-15 10:22:16.571	2	1
274	2015-04-15 10:23:32.569	1	1
276	2015-04-15 13:23:48.66	2	1
277	2015-04-16 07:06:31.508	2	1
278	2015-04-16 07:11:34.576	4	1
279	2015-04-16 07:12:30.877	1	1
280	2015-04-16 07:12:50.299	1	1
281	2015-04-16 11:15:14.8	3	1
282	2015-04-16 11:37:52.543	4	1
285	2015-04-16 11:39:54.391	1	1
286	2015-04-16 11:54:02.985	4	2
287	2015-04-16 12:30:59.979	2	1
288	2015-04-16 13:11:31.38	2	1
289	2015-04-17 08:31:49.047	3	1
290	2015-04-17 08:31:56.834	1	1
291	2015-04-17 11:58:30.295	2	1
292	2015-04-17 13:16:09.453	3	1
294	2015-04-17 20:20:49.353	5	1
295	2015-04-18 09:41:52.498	2	1
296	2015-04-18 11:53:16.42	3	1
297	2015-04-20 06:57:40.662	2	1
299	2015-04-20 08:24:25.394	2	1
300	2015-04-20 09:42:24.956	4	1
301	2015-04-20 10:07:15.664	2	1
302	2015-04-20 10:40:21.245	1	1
303	2015-04-20 10:40:24.559	1	1
304	2015-04-20 11:20:00.939	2	1
305	2015-04-20 13:29:21.303	2	1
306	2015-04-20 13:41:29.74	1	2
307	2015-04-21 07:30:10.297	2	1
308	2015-04-21 07:30:19.086	1	1
309	2015-04-21 08:48:18.585	2	1
310	2015-04-21 09:58:08.98	1	1
311	2015-04-21 09:58:17.225	1	1
312	2015-04-21 10:33:25.078	2	1
313	2015-04-21 11:42:34.83	2	1
314	2015-04-21 12:58:29.337	2	1
315	2015-04-21 13:56:54.489	2	1
316	2015-04-22 06:42:46.732	2	1
317	2015-04-22 08:51:12.493	4	1
318	2015-04-22 09:38:05.616	4	1
319	2015-04-22 10:24:02.43	2	1
320	2015-04-22 10:24:06.925	4	1
321	2015-04-22 10:24:26.68	1	1
322	2015-04-22 12:14:11.871	4	1
325	2015-04-22 13:49:01.771	2	1
326	2015-04-22 13:49:07.888	4	1
327	2015-04-23 07:00:51.373	2	1
328	2015-04-23 07:00:52.896	4	1
329	2015-04-23 07:41:49.409	1	1
330	2015-04-23 09:33:25.064	4	1
332	2015-04-23 11:13:12.167	4	1
333	2015-04-23 11:13:16.185	1	1
335	2015-04-23 12:52:17.306	4	1
336	2015-04-23 12:54:57.941	1	1
338	2015-04-23 13:42:27.807	4	1
339	2015-04-24 05:12:51.051	4	1
340	2015-04-24 06:24:25.476	4	1
342	2015-04-24 07:10:45.974	4	1
343	2015-04-24 10:17:47.779	4	1
344	2015-04-24 10:55:06.287	2	1
345	2015-04-24 11:17:18.441	1	1
346	2015-04-24 12:11:21.782	1	1
347	2015-04-24 13:56:17.085	2	1
348	2015-04-24 14:05:08.317	1	1
349	2015-04-27 08:57:06.83	4	1
350	2015-04-27 09:31:07.086	4	1
352	2015-04-27 10:24:15.409	1	2
353	2015-04-27 13:07:16.819	4	1
354	2015-04-27 13:07:52.367	3	1
356	2015-04-27 13:08:45.143	1	1
358	2015-04-28 08:48:15.395	4	1
144	2015-03-18 09:25:59.591	2	1
145	2015-03-18 11:34:40.644	1	1
146	2015-03-18 11:34:46.33	1	2
147	2015-03-18 12:14:34.01	1	1
148	2015-03-18 12:34:09.553	2	1
149	2015-03-18 12:44:23.6	1	1
150	2015-03-18 13:00:38.037	2	1
151	2015-03-18 13:16:30.202	2	1
152	2015-03-18 14:45:03.373	2	1
153	2015-03-19 07:54:51.561	2	1
154	2015-03-19 08:26:15.401	2	1
155	2015-03-19 08:40:11.858	2	1
156	2015-03-19 13:01:13.246	2	1
264	2015-04-14 11:08:42.372	1	1
158	2015-03-20 11:32:42.003	2	1
159	2015-03-20 11:32:42.725	1	1
160	2015-03-20 11:32:43.787	1	1
161	2015-03-20 11:32:43.938	2	1
162	2015-03-20 12:16:56.392	2	1
163	2015-03-22 13:40:20.557	1	1
164	2015-03-23 07:01:22.974	2	1
165	2015-03-23 07:30:08.455	2	1
166	2015-03-23 08:30:21.058	4	1
167	2015-03-23 08:31:31.013	2	1
168	2015-03-23 09:25:14.687	2	1
169	2015-03-23 11:27:25.694	2	1
170	2015-03-23 11:27:37.422	1	1
171	2015-03-23 11:29:06.597	4	1
172	2015-03-23 12:37:05.056	2	1
173	2015-03-23 12:37:54.835	4	1
174	2015-03-23 13:52:18.798	2	1
175	2015-03-23 13:52:49.599	4	2
176	2015-03-23 14:31:07.673	1	1
177	2015-03-23 14:40:47.016	2	1
178	2015-03-24 06:49:17.989	1	1
179	2015-03-24 07:54:32.443	2	1
180	2015-03-24 08:31:13.438	2	1
181	2015-03-24 09:42:35.653	2	1
182	2015-03-24 11:03:46.316	4	1
183	2015-03-24 11:03:54.045	4	1
184	2015-03-24 11:41:14.333	2	1
185	2015-03-24 11:55:42.713	1	1
186	2015-03-24 12:48:32.872	2	1
187	2015-03-24 13:39:04.468	2	1
188	2015-03-24 14:24:44.717	2	1
189	2015-03-25 07:11:02.019	2	2
273	2015-04-15 10:22:24.198	4	1
191	2015-03-26 11:39:29.952	2	1
192	2015-03-26 12:20:15.303	2	1
193	2015-03-26 12:20:47.263	4	1
194	2015-03-26 13:43:37.893	2	1
195	2015-03-26 14:14:46.507	2	1
196	2015-03-27 07:52:32.141	2	1
197	2015-03-27 11:44:37.462	2	1
198	2015-03-27 12:53:26.865	2	1
199	2015-03-27 16:24:28.648	1	1
200	2015-03-27 16:24:42.696	3	1
201	2015-03-27 21:01:51.209	1	1
202	2015-03-27 21:02:37.632	3	1
203	2015-03-30 06:58:03.92	2	1
204	2015-03-30 07:19:50.86	2	1
205	2015-03-30 07:59:09.463	2	1
206	2015-03-30 09:00:07.403	2	1
207	2015-03-30 10:27:55.467	2	1
208	2015-03-30 12:17:53.408	2	1
275	2015-04-15 10:23:37.698	1	1
283	2015-04-16 11:39:48.076	2	1
284	2015-04-16 11:39:52.794	1	1
293	2015-04-17 13:16:26.255	2	1
298	2015-04-20 06:59:43.952	4	1
323	2015-04-22 12:14:29.132	2	1
324	2015-04-22 12:14:31.659	1	1
331	2015-04-23 09:55:44.464	2	1
334	2015-04-23 11:20:25.099	2	1
337	2015-04-23 12:54:58.82	2	1
341	2015-04-24 06:25:54.259	2	1
351	2015-04-27 09:40:07.632	1	1
355	2015-04-27 13:07:55.463	3	1
357	2015-04-27 14:26:01.99	4	1
359	2015-04-28 09:44:17.861	4	1
360	2015-04-28 09:44:48.615	1	1
361	2015-04-28 10:17:23.859	4	1
362	2015-04-28 11:32:41.99	4	1
363	2015-04-28 13:56:37.275	4	1
364	2015-04-29 08:30:34.246	4	1
365	2015-04-29 08:31:05.479	1	1
366	2015-04-29 09:33:22.104	4	1
367	2015-04-29 09:33:30.866	1	1
368	2015-04-29 10:09:18.436	3	1
369	2015-04-29 10:09:21.728	3	2
370	2015-04-29 11:30:05.32	4	1
371	2015-04-29 12:51:57.405	4	1
372	2015-04-29 12:52:07.983	1	1
373	2015-05-01 20:17:33.328	3	2
374	2015-05-01 20:17:35.912	3	2
375	2015-05-01 20:17:39.232	3	1
376	2015-05-02 18:17:21.616	3	1
377	2015-05-05 08:07:00.196	4	1
378	2015-05-05 08:07:46.21	2	1
379	2015-05-05 11:55:05.376	2	1
380	2015-05-05 12:14:19.685	4	1
381	2015-05-05 12:44:51.464	4	1
382	2015-05-05 13:41:01.845	2	1
383	2015-05-05 13:42:56.462	4	1
384	2015-05-06 07:09:34.689	4	1
385	2015-05-06 07:09:52.191	2	1
386	2015-05-06 07:39:25.245	4	1
387	2015-05-06 07:39:27.891	4	2
390	2015-05-06 08:12:42.852	4	1
391	2015-05-06 08:12:56.623	2	1
392	2015-05-06 09:42:02.13	4	1
393	2015-05-06 09:42:07.191	2	1
394	2015-05-06 09:42:16.887	1	1
395	2015-05-06 11:46:19.08	4	1
396	2015-05-06 13:37:01.409	5	2
397	2015-05-06 13:41:45.44	4	1
398	2015-05-06 14:07:59.625	2	1
399	2015-05-06 15:02:52.77	2	1
400	2015-05-07 07:47:19.085	2	1
401	2015-05-07 08:07:00.093	4	1
402	2015-05-07 08:22:30.729	2	1
403	2015-05-07 10:44:17.905	4	1
404	2015-05-07 10:44:25.301	1	1
405	2015-05-07 11:03:56.023	1	2
407	2015-05-07 11:12:26.651	4	1
408	2015-05-07 11:12:29.048	4	2
409	2015-05-07 11:13:04.289	1	2
411	2015-05-07 11:43:17.81	1	1
412	2015-05-07 12:43:22.961	4	1
413	2015-05-07 13:34:50.95	1	1
414	2015-05-07 14:25:15.963	2	1
415	2015-05-08 05:11:03.395	4	1
416	2015-05-08 05:44:20.161	4	1
417	2015-05-08 06:25:13.751	2	1
418	2015-05-08 06:41:22.118	2	1
419	2015-05-08 07:00:45.951	4	1
420	2015-05-08 07:01:01.031	4	1
950	2015-07-23 11:51:02.259	3	1
951	2015-07-24 14:26:47.221	3	1
952	2015-07-28 13:41:33.517	3	1
953	2015-07-29 12:08:20.397	3	1
954	2015-07-29 13:41:48.784	3	1
955	2015-07-30 11:33:12.629	3	1
956	2015-07-31 14:13:47.221	3	1
957	2015-08-05 06:24:29.545	4	1
958	2015-08-05 07:52:44.46	4	1
959	2015-08-05 13:32:56.369	4	1
960	2015-08-06 07:07:52.403	2	1
961	2015-08-06 07:10:14.145	4	1
962	2015-08-06 07:38:06.59	4	1
963	2015-08-06 07:38:23.798	2	1
964	2015-08-06 08:07:16.4	2	1
965	2015-08-06 09:50:07.572	2	1
968	2015-08-06 11:09:08.012	4	1
969	2015-08-06 11:37:42.023	4	1
970	2015-08-06 13:42:20.739	2	1
971	2015-08-07 07:32:35.085	2	1
972	2015-08-07 08:01:03.402	2	1
973	2015-08-07 09:21:33.755	4	1
976	2015-08-07 10:49:44.943	2	1
981	2015-08-07 13:05:53.711	2	1
982	2015-08-10 05:28:50.202	2	1
984	2015-08-10 06:08:52.484	2	1
985	2015-08-10 10:03:01.123	2	1
986	2015-08-10 10:03:02.163	2	1
992	2015-08-11 06:49:03.086	2	1
993	2015-08-11 07:05:43.11	2	1
995	2015-08-11 08:18:40.733	2	1
996	2015-08-11 10:30:02.515	2	1
999	2015-08-11 11:01:49.573	2	1
1001	2015-08-11 11:02:52.648	1	1
1003	2015-08-11 11:48:10.848	4	1
1005	2015-08-11 12:15:39.988	2	1
1008	2015-08-11 13:42:36.714	2	1
1009	2015-08-12 06:44:38.469	2	1
1010	2015-08-12 07:23:48.014	4	1
1011	2015-08-12 07:51:26.068	4	1
1013	2015-08-12 09:55:41.362	4	1
1015	2015-08-12 11:00:01.081	2	1
1016	2015-08-12 11:45:26.272	2	1
1017	2015-08-12 12:07:52.101	4	1
1018	2015-08-12 13:37:06.562	2	1
1019	2015-08-13 06:32:28.508	2	1
1020	2015-08-13 07:33:06.009	2	1
1021	2015-08-13 08:22:56.603	2	1
1022	2015-08-13 10:46:51.054	4	1
1025	2015-08-13 10:58:45.211	1	1
1026	2015-08-13 12:08:48.377	2	1
1027	2015-08-13 12:20:42.492	4	1
1030	2015-08-13 12:27:54.379	1	1
1032	2015-08-13 13:21:35.212	2	1
1033	2015-08-13 14:50:32.83	1	2
1034	2015-08-14 06:09:26.555	4	1
1035	2015-08-14 07:04:16.945	4	1
1037	2015-08-14 08:22:21.209	2	1
1038	2015-08-14 09:55:23.104	4	1
1040	2015-08-14 10:18:26.102	2	1
1041	2015-08-14 11:25:17.483	2	1
1042	2015-08-14 13:39:19.994	2	1
1043	2015-08-14 14:04:44.323	4	1
1044	2015-08-17 06:32:16.277	4	1
1045	2015-08-17 06:48:18.603	2	1
1046	2015-08-17 07:10:10.584	2	1
1047	2015-08-17 07:14:34.358	4	1
1048	2015-08-17 07:16:54.098	2	1
1049	2015-08-17 10:33:29.551	2	1
1050	2015-08-17 11:23:49.192	4	1
1051	2015-08-17 11:36:33.658	2	1
1052	2015-08-17 11:37:27.218	1	1
1053	2015-08-17 11:50:52.782	4	1
1054	2015-08-17 12:34:49.807	2	1
1055	2015-08-17 12:35:13.83	4	1
1056	2015-08-18 07:48:32.543	4	1
1057	2015-08-18 08:41:17.042	2	1
1058	2015-08-18 08:41:30.328	4	1
1059	2015-08-18 09:27:45.206	4	1
1060	2015-08-18 14:32:27.434	2	1
1061	2015-08-18 14:48:39.391	4	1
1063	2015-08-18 14:49:53.151	1	1
1064	2015-08-18 14:50:09.238	1	1
1066	2015-08-18 15:10:35.841	4	1
1067	2015-08-18 15:10:39.135	4	2
1068	2015-08-19 07:00:28.474	2	1
1069	2015-08-19 08:13:30.159	2	1
1070	2015-08-19 11:39:37.691	2	1
1071	2015-08-19 11:39:41.058	1	1
1072	2015-08-20 07:34:57.177	2	1
1073	2015-08-20 10:06:32.965	2	1
1079	2015-08-21 06:18:21.049	2	1
1081	2015-08-21 07:08:19.911	2	1
1083	2015-08-21 07:27:48.386	2	1
1084	2015-08-21 07:54:04.834	4	1
1088	2015-08-21 11:37:48.233	2	1
1089	2015-08-21 12:18:40.597	2	1
1091	2015-08-24 07:02:56.199	2	1
1095	2015-08-24 07:45:21.432	2	1
1099	2015-08-24 11:30:55.132	2	1
1101	2015-08-24 13:39:38.774	2	1
1105	2015-08-25 07:18:09.923	4	1
1110	2015-08-25 09:51:30.82	4	1
1111	2015-08-25 09:51:42.116	4	2
1115	2015-08-25 11:32:16.207	2	1
1116	2015-08-25 11:47:48.629	4	1
1119	2015-08-25 13:44:29.655	2	1
1120	2015-08-26 09:29:19.274	4	1
1121	2015-08-26 09:51:32.697	2	1
1122	2015-08-26 10:02:02.646	2	1
1127	2015-08-26 11:30:06.275	4	1
1129	2015-08-27 07:16:43.503	4	1
1131	2015-08-27 11:01:50.236	2	1
1132	2015-08-27 11:35:12.841	4	1
1133	2015-08-27 11:37:47.428	2	1
1134	2015-08-27 11:37:51.833	4	2
1135	2015-08-27 12:07:45.306	4	2
1137	2015-08-27 13:11:27.178	4	1
1138	2015-08-27 13:40:27.68	2	2
1139	2015-08-28 06:31:33.231	4	1
1140	2015-08-28 07:28:11.228	6	1
1147	2015-08-28 11:47:39.405	4	1
1149	2015-08-31 07:52:01.597	2	1
1152	2015-08-31 10:57:03.285	4	1
1153	2015-08-31 10:57:07.722	2	1
1155	2015-08-31 12:28:16.797	4	1
1156	2015-08-31 12:31:20.032	2	1
1157	2015-08-31 12:50:26.474	2	1
1159	2015-09-01 07:00:37.524	4	1
1160	2015-09-01 07:52:50.147	2	1
1161	2015-09-01 08:05:18.746	4	1
1163	2015-09-01 09:26:21.244	4	1
1164	2015-09-01 10:38:52.759	2	1
1165	2015-09-01 10:59:01.893	2	1
421	2015-05-08 08:02:57.126	4	1
966	2015-08-06 09:51:17.119	4	1
967	2015-08-06 10:58:02.2	2	1
974	2015-08-07 09:22:02.68	2	1
979	2015-08-07 11:38:00.985	4	1
980	2015-08-07 12:16:52.47	2	1
983	2015-08-10 05:33:25.537	4	1
987	2015-08-10 10:03:07.538	4	1
991	2015-08-10 12:43:08.656	4	1
994	2015-08-11 07:28:58.32	4	1
997	2015-08-11 10:33:33.402	4	1
998	2015-08-11 10:33:40.326	4	1
1000	2015-08-11 11:02:01.67	4	1
1002	2015-08-11 11:35:11.557	2	1
1004	2015-08-11 11:49:35.843	2	1
1006	2015-08-11 12:29:21.518	4	1
1007	2015-08-11 12:29:29.267	1	1
1012	2015-08-12 08:18:17.035	2	1
1014	2015-08-12 10:29:02.661	2	1
1023	2015-08-13 10:50:21.301	2	1
1024	2015-08-13 10:58:36.007	4	1
1031	2015-08-13 13:13:55.727	4	1
1036	2015-08-14 07:50:08.152	4	1
1039	2015-08-14 09:57:37.518	2	1
1062	2015-08-18 14:48:40.316	4	1
1065	2015-08-18 15:09:55.02	2	1
1074	2015-08-20 10:27:58.15	2	1
1077	2015-08-20 12:00:19.15	2	1
1082	2015-08-21 07:08:19.915	4	1
1086	2015-08-21 08:34:19.329	4	1
1090	2015-08-21 12:46:15.812	1	1
1092	2015-08-24 07:03:28.56	4	1
1098	2015-08-24 10:42:49.784	1	1
1102	2015-08-24 13:40:04.401	4	1
1103	2015-08-24 13:57:13.833	2	1
1104	2015-08-24 14:58:31.42	4	1
1106	2015-08-25 07:28:50.512	2	1
1107	2015-08-25 07:29:20.204	1	1
1112	2015-08-25 09:52:13.496	2	1
1113	2015-08-25 10:57:03.108	2	1
1117	2015-08-25 12:10:05.506	2	1
1123	2015-08-26 10:13:43.876	2	1
1124	2015-08-26 10:21:32.312	4	1
1125	2015-08-26 10:25:30.422	2	1
1126	2015-08-26 10:34:40.186	2	2
1128	2015-08-26 11:30:40.315	2	1
1130	2015-08-27 07:58:30.317	2	1
1136	2015-08-27 13:11:18.669	1	1
1141	2015-08-28 07:28:54.062	2	1
1142	2015-08-28 07:29:03.594	1	1
1150	2015-08-31 07:52:04.295	4	1
1151	2015-08-31 07:52:11.504	4	1
1158	2015-08-31 13:55:22.625	2	1
1162	2015-09-01 08:31:48.005	2	1
1166	2015-09-01 11:12:09.584	4	1
1167	2015-09-01 11:12:14.704	1	1
1168	2015-09-01 11:12:22.069	2	1
1169	2015-09-01 11:39:21.054	2	1
1173	2015-09-01 13:26:59.226	2	1
1507	2015-10-08 07:32:48.896	2	1
1508	2015-10-08 07:55:27.411	4	1
1509	2015-10-08 07:59:03.027	2	1
1510	2015-10-08 08:34:03.133	4	1
1518	2015-10-08 13:38:46.856	2	1
1524	2015-10-09 06:44:47.313	7	1
1527	2015-10-09 07:37:33.97	4	1
1528	2015-10-09 07:58:44.662	1	1
1531	2015-10-09 09:55:50.399	2	1
1536	2015-10-09 11:00:21.356	2	1
1562	2015-10-12 12:41:18.332	4	1
1604	2015-10-26 09:45:18.741	4	1
1608	2015-10-27 08:42:52.217	7	1
1610	2015-10-27 11:56:28.411	7	1
1611	2015-10-27 12:11:45.549	4	1
1612	2015-10-27 12:31:25.464	4	1
1615	2015-10-28 13:23:35.591	1	1
1618	2015-10-29 08:35:52.76	4	1
1619	2015-10-29 09:02:15.169	4	1
1622	2015-10-29 10:51:01	7	1
1623	2015-10-29 11:18:06.102	4	1
1624	2015-10-29 12:38:27.249	4	1
1625	2015-10-29 13:33:44.806	7	1
1626	2015-10-29 14:47:49.696	1	1
1628	2015-10-30 12:47:16.529	4	1
1633	2015-11-02 08:51:07.535	4	1
1643	2015-11-03 15:19:52.48	4	1
1647	2015-11-04 13:26:07.233	1	1
1651	2015-11-06 12:37:32.484	1	1
1652	2015-11-06 12:39:09.55	2	1
1658	2015-11-09 07:55:15.245	4	1
1659	2015-11-09 08:41:42.676	2	1
1660	2015-11-09 09:36:29.391	4	1
1661	2015-11-09 10:59:01.797	1	1
1663	2015-11-10 07:49:10.507	2	1
1665	2015-11-10 12:24:44.788	2	1
1666	2015-11-10 12:44:12.597	2	1
1670	2015-11-10 13:31:21.136	2	1
1671	2015-11-10 13:44:38.83	1	1
1681	2015-11-12 08:32:00.73	1	1
1684	2015-11-12 09:59:35.065	2	1
1688	2015-11-12 11:54:16.159	4	1
1696	2015-11-13 09:46:31.845	4	1
1702	2015-11-13 11:54:37.62	4	1
1703	2015-11-13 11:55:28.547	2	1
1705	2015-11-13 13:36:56.37	2	1
1709	2015-11-16 08:13:39.353	4	1
1722	2015-11-17 08:38:57.403	2	1
1727	2015-11-17 12:56:18.783	2	1
1731	2015-11-18 08:35:28.033	2	1
1732	2015-11-18 09:19:29.595	2	1
1734	2015-11-18 09:30:03.111	3	1
1735	2015-11-18 10:27:23.017	2	1
1762	2015-11-20 09:36:18.086	4	1
1763	2015-11-20 11:04:33.708	2	1
1764	2015-11-20 11:04:50.267	4	1
1765	2015-11-20 11:37:31.066	4	1
1766	2015-11-20 11:59:51.091	1	1
1769	2015-11-20 14:57:51.233	4	1
1770	2015-11-20 14:58:01.908	1	1
1778	2015-11-24 09:58:00.766	3	1
1779	2015-11-24 11:56:40.277	4	1
1790	2015-11-25 10:01:09.082	4	1
1794	2015-11-26 07:54:51.319	4	1
1795	2015-11-26 07:59:46.046	2	1
1796	2015-11-26 08:33:10.624	2	1
1798	2015-11-26 10:34:33.788	4	1
1801	2015-11-26 12:50:16.257	4	2
1806	2015-11-27 09:21:38.686	4	1
1808	2015-11-27 10:43:28.968	4	1
1815	2015-11-30 09:13:13.415	3	1
1821	2015-11-30 12:09:14.3	2	1
1827	2015-12-01 10:49:11.946	4	1
1829	2015-12-01 14:34:59.338	3	1
1837	2015-12-03 14:36:39.489	3	1
1842	2015-12-07 06:53:54.15	4	1
422	2015-05-08 09:31:59.783	2	1
426	2015-05-08 11:23:04.872	1	2
427	2015-05-08 13:02:24.957	2	1
975	2015-08-07 09:47:47.386	2	1
977	2015-08-07 10:49:57.256	4	1
978	2015-08-07 11:17:31.411	2	1
988	2015-08-10 10:40:10.44	2	1
989	2015-08-10 11:43:49.231	2	1
990	2015-08-10 12:12:31.285	2	1
1075	2015-08-20 11:02:17.688	2	1
1076	2015-08-20 11:46:08.493	2	1
1078	2015-08-20 12:55:29.28	1	1
1085	2015-08-21 07:56:14.23	2	1
1087	2015-08-21 10:24:27.525	2	1
1093	2015-08-24 07:14:38.581	4	1
1094	2015-08-24 07:22:15.468	2	1
1108	2015-08-25 08:21:07.229	2	1
1109	2015-08-25 08:23:13.892	4	1
1114	2015-08-25 10:59:01.86	4	1
1118	2015-08-25 12:42:54.594	4	1
1143	2015-08-28 08:00:30.41	2	1
1144	2015-08-28 09:42:12.007	4	1
1145	2015-08-28 09:42:14.487	2	1
1146	2015-08-28 10:42:04.11	2	1
1148	2015-08-28 13:00:20.985	4	1
1171	2015-09-01 11:53:52.436	4	1
1172	2015-09-01 12:48:04.766	2	1
1174	2015-09-02 06:56:10.777	2	1
1175	2015-09-02 07:24:55.206	4	1
1176	2015-09-02 07:25:03.066	4	1
1177	2015-09-02 09:51:15.556	4	1
1178	2015-09-02 10:57:19.864	1	1
1179	2015-09-02 11:29:56.547	2	1
1181	2015-09-02 13:43:22.13	2	1
1182	2015-09-03 06:55:53.671	4	1
1183	2015-09-03 07:54:27.16	2	1
1184	2015-09-03 09:29:45.592	4	1
1185	2015-09-03 10:46:06.22	4	1
1186	2015-09-03 11:34:40.784	2	1
1187	2015-09-03 11:45:54.297	2	1
1188	2015-09-03 12:17:20.382	2	1
1189	2015-09-03 12:51:17.487	2	1
1190	2015-09-03 14:10:08.074	2	1
1191	2015-09-04 07:36:29.18	4	1
1192	2015-09-04 08:38:10.848	4	1
1193	2015-09-04 09:30:57.673	4	1
1194	2015-09-04 10:31:19.253	4	1
1195	2015-09-04 10:31:48.86	2	1
1196	2015-09-04 12:44:19.107	4	1
1197	2015-09-07 06:42:06.501	2	1
1199	2015-09-07 09:41:32.48	4	1
1200	2015-09-07 09:41:34.256	4	1
1201	2015-09-07 09:43:05.972	2	1
1203	2015-09-07 10:33:47.638	4	1
1205	2015-09-07 10:40:37.219	2	1
1206	2015-09-07 11:17:36.651	2	1
1208	2015-09-08 08:39:03.887	2	1
1211	2015-09-08 09:47:22.389	2	1
1215	2015-09-08 13:38:00.955	2	1
1216	2015-09-08 14:04:48.902	2	1
1222	2015-09-11 09:56:42.25	2	1
1228	2015-09-11 10:42:25.243	4	1
1229	2015-09-11 10:42:26.287	4	1
1232	2015-09-11 12:04:58.852	2	1
1233	2015-09-11 13:17:01.796	2	1
1235	2015-09-11 13:41:50.243	4	1
1236	2015-09-14 07:02:43.544	2	1
1239	2015-09-14 07:28:45.67	2	1
1240	2015-09-14 09:51:59.804	4	1
1242	2015-09-14 11:09:27.025	4	1
1243	2015-09-14 11:23:04.193	2	1
1244	2015-09-14 12:26:57.405	2	1
1246	2015-09-15 08:00:19.926	2	1
1249	2015-09-15 11:01:10.003	4	1
1253	2015-09-15 11:42:39.342	2	1
1254	2015-09-16 09:47:51.186	4	1
1256	2015-09-16 10:33:16.5	1	1
1257	2015-09-16 10:58:44.756	2	1
1258	2015-09-16 10:58:51.178	4	1
1259	2015-09-16 12:45:42.663	1	1
1261	2015-09-18 08:43:36.099	4	1
1262	2015-09-18 08:43:43.302	4	1
1263	2015-09-18 09:49:50.121	4	1
1264	2015-09-18 10:31:36.677	4	1
1266	2015-09-18 14:28:14.637	2	1
1267	2015-09-18 14:28:15.656	2	1
1268	2015-09-21 06:20:00.799	4	1
1269	2015-09-21 06:45:07.829	4	1
1271	2015-09-21 07:30:51.709	2	1
1272	2015-09-21 07:32:14.15	4	1
1273	2015-09-21 07:32:17.274	2	1
1274	2015-09-21 10:30:14.847	4	1
1276	2015-09-21 11:37:00.706	4	1
1278	2015-09-21 12:48:14.974	4	1
1279	2015-09-22 07:35:10.644	4	1
1280	2015-09-22 09:33:21.11	2	1
1284	2015-09-23 08:11:38.836	4	1
1285	2015-09-23 10:26:48.43	4	1
1287	2015-09-23 10:29:11.291	1	1
1288	2015-09-23 11:40:17.805	4	1
1290	2015-09-23 12:25:48.364	4	1
1291	2015-09-23 12:45:41.334	2	1
1292	2015-09-23 13:06:09.997	2	1
1293	2015-09-23 13:29:15.092	2	1
1294	2015-09-23 14:12:15.851	2	1
1295	2015-09-23 15:42:07.733	4	1
1296	2015-09-23 15:43:49.492	4	1
1297	2015-09-23 16:05:49.6	4	1
1298	2015-09-23 16:30:15.859	1	1
1299	2015-09-23 16:30:21.583	1	1
1300	2015-09-23 16:30:47.993	1	1
1302	2015-09-24 06:31:55.895	2	1
1303	2015-09-24 07:06:42.869	2	1
1306	2015-09-24 07:49:06.445	2	1
1313	2015-09-24 12:12:44.874	7	1
1315	2015-09-24 15:48:40.849	4	1
1317	2015-09-25 06:11:39.738	4	1
1326	2015-09-25 09:28:08.632	4	1
1331	2015-09-25 10:43:11.01	2	1
1338	2015-09-26 18:30:03.377	1	1
1339	2015-09-28 06:19:23.275	4	1
1340	2015-09-28 06:59:59.591	2	1
1343	2015-09-28 07:12:58.465	4	1
1344	2015-09-28 07:51:47.419	4	1
1346	2015-09-28 08:17:04.065	2	1
1349	2015-09-28 10:01:43.25	2	1
1350	2015-09-28 10:02:52.701	1	1
1352	2015-09-28 10:03:58.687	4	1
1355	2015-09-28 11:23:45.625	4	1
1357	2015-09-28 12:33:20.131	2	1
1359	2015-09-28 13:19:36.179	2	1
1364	2015-09-29 06:16:16.482	7	1
1366	2015-09-29 07:18:58.371	2	1
423	2015-05-08 09:42:00.64	4	1
424	2015-05-08 10:48:05.862	1	1
425	2015-05-08 11:03:33.239	2	1
428	2015-05-11 07:58:40.484	2	1
429	2015-05-11 07:58:42.961	2	1
430	2015-05-11 10:28:24.351	2	1
431	2015-05-11 10:33:43.859	1	1
432	2015-05-11 10:33:54.066	2	1
433	2015-05-11 13:29:30.668	2	1
434	2015-05-12 06:50:08.625	2	1
435	2015-05-12 07:51:45.977	2	1
436	2015-05-12 12:59:13.972	4	1
437	2015-05-12 13:32:30.682	2	1
438	2015-05-12 14:00:45.956	2	1
439	2015-05-12 15:26:44.604	1	1
440	2015-05-12 17:28:41.099	1	1
441	2015-05-12 17:57:43.777	4	1
442	2015-05-12 18:25:58.015	4	1
444	2015-05-12 19:47:40.216	4	1
445	2015-05-12 19:47:42.274	4	1
446	2015-05-13 06:13:12.748	4	1
447	2015-05-13 07:01:50.129	2	1
448	2015-05-13 07:43:53.441	2	1
449	2015-05-13 08:16:56.939	4	1
450	2015-05-13 08:17:18.253	2	1
451	2015-05-13 09:31:37.008	4	1
452	2015-05-13 09:51:42.225	2	1
453	2015-05-13 10:05:57.527	1	1
454	2015-05-13 10:06:01.094	1	1
455	2015-05-13 10:55:41.352	4	1
456	2015-05-13 12:07:29.911	2	1
457	2015-05-13 13:01:54.179	2	1
458	2015-05-15 06:50:36.638	2	1
459	2015-05-15 09:33:36.651	1	1
460	2015-05-15 09:34:05.836	2	1
461	2015-05-15 10:20:59.034	2	1
462	2015-05-15 10:34:31.008	1	1
463	2015-05-15 11:05:21.792	1	2
464	2015-05-15 11:09:05.757	2	1
465	2015-05-15 12:05:19.156	2	1
466	2015-05-15 13:28:04.849	2	1
467	2015-05-18 07:08:57.665	2	1
468	2015-05-18 07:09:05.495	2	1
469	2015-05-18 07:17:09.905	4	1
470	2015-05-18 07:17:11.342	4	1
471	2015-05-18 07:17:12.288	4	1
472	2015-05-18 07:17:13.262	4	1
473	2015-05-18 07:17:22.026	4	1
474	2015-05-18 08:40:06.691	4	1
475	2015-05-18 09:35:13.915	4	1
476	2015-05-18 10:44:14.256	4	1
477	2015-05-18 10:58:58.52	2	1
478	2015-05-18 11:36:54.93	2	1
479	2015-05-18 11:42:20.193	4	1
480	2015-05-18 11:42:20.215	1	1
481	2015-05-18 11:42:23.229	4	2
483	2015-05-18 14:30:19.444	4	1
484	2015-05-19 06:30:11.537	2	1
485	2015-05-19 06:51:29.825	2	1
486	2015-05-19 07:26:33.3	2	1
487	2015-05-19 09:28:10.71	4	1
488	2015-05-19 09:47:13.658	4	1
489	2015-05-19 10:16:43.635	2	1
490	2015-05-19 10:52:10.251	4	1
491	2015-05-19 11:10:24.901	2	1
492	2015-05-19 11:52:23.804	4	1
493	2015-05-19 12:52:06.207	4	1
494	2015-05-19 13:11:31.54	2	1
495	2015-05-19 14:25:30.264	1	1
496	2015-05-19 14:25:37.666	2	1
497	2015-05-19 14:25:41.782	4	1
498	2015-05-19 16:09:33.869	4	1
499	2015-05-20 06:30:28.65	4	1
500	2015-05-20 06:45:15.965	2	1
501	2015-05-20 07:07:56.192	2	1
502	2015-05-20 07:26:02.757	4	1
503	2015-05-20 09:42:44.983	4	1
504	2015-05-20 10:00:40.592	1	1
505	2015-05-20 10:50:20.556	2	1
506	2015-05-20 10:50:44.124	4	1
507	2015-05-20 11:17:47.615	2	1
508	2015-05-20 11:36:47.035	4	1
509	2015-05-20 11:49:13.365	2	1
510	2015-05-20 12:01:58.655	1	1
511	2015-05-20 13:01:30.069	2	1
512	2015-05-20 13:04:32.265	5	1
513	2015-05-20 13:54:08.211	2	1
514	2015-05-20 14:01:51.72	4	1
515	2015-05-21 09:53:23.244	1	1
516	2015-05-21 09:55:14.414	2	1
517	2015-05-21 10:17:23.76	2	1
518	2015-05-21 11:19:08.726	1	1
520	2015-05-21 11:19:44.838	1	1
521	2015-05-21 11:27:58.252	2	1
522	2015-05-21 12:21:51.499	2	1
523	2015-05-21 13:29:49.701	1	1
524	2015-05-21 13:54:39.316	2	1
525	2015-05-22 05:55:59.96	4	1
526	2015-05-22 06:50:29.287	4	1
527	2015-05-22 07:56:06.649	4	1
528	2015-05-22 08:50:07.49	2	1
529	2015-05-22 08:50:07.64	4	1
530	2015-05-22 10:50:25.561	4	1
531	2015-05-22 11:19:10.894	2	1
532	2015-05-22 11:42:04.27	2	1
533	2015-05-22 11:42:07.132	1	1
534	2015-05-22 11:42:40.876	4	1
535	2015-05-22 11:42:50.293	1	1
536	2015-05-22 11:42:51.437	1	1
537	2015-05-22 12:03:40.139	4	2
538	2015-05-22 12:08:20.575	2	1
539	2015-05-22 13:04:56.325	5	2
540	2015-05-22 13:04:58.488	5	2
541	2015-05-22 13:04:59.59	5	2
542	2015-05-22 13:05:01.402	5	2
543	2015-05-22 13:05:12.304	5	2
544	2015-05-22 13:05:24.003	5	1
545	2015-05-22 13:10:32.637	2	1
546	2015-05-26 06:49:13.259	4	1
547	2015-05-26 06:49:20.68	2	1
548	2015-05-26 07:16:47.246	2	1
551	2015-05-26 07:55:36.551	4	1
552	2015-05-26 07:56:39.764	2	1
553	2015-05-26 07:57:10.289	1	1
554	2015-05-26 08:35:46.749	4	1
555	2015-05-26 10:03:44.408	2	1
556	2015-05-26 10:04:06.048	4	1
557	2015-05-26 10:04:06.859	1	1
558	2015-05-26 10:33:28.738	1	2
559	2015-05-26 10:45:07.67	4	1
560	2015-05-26 11:11:05.545	1	1
561	2015-05-26 11:23:27.71	2	1
562	2015-05-26 11:23:29.032	4	1
563	2015-05-26 12:49:52.621	2	1
564	2015-05-26 13:05:54.139	2	1
565	2015-05-26 13:46:42.782	2	1
566	2015-05-26 14:18:48.435	2	1
1096	2015-08-24 08:17:56.413	2	1
1097	2015-08-24 08:43:30.82	4	1
1100	2015-08-24 11:37:13.34	2	2
1180	2015-09-02 12:17:12.542	4	1
1198	2015-09-07 07:15:05.295	2	1
1202	2015-09-07 10:25:11.63	2	1
1204	2015-09-07 10:40:32.955	1	1
1207	2015-09-07 12:47:25.713	4	1
1209	2015-09-08 08:54:57.609	4	1
1210	2015-09-08 09:00:13.717	2	1
1219	2015-09-11 06:56:31.2	2	1
1224	2015-09-11 10:41:22.633	2	1
1226	2015-09-11 10:42:23.261	4	1
1230	2015-09-11 11:12:02.104	4	1
1231	2015-09-11 11:12:05.773	2	1
1237	2015-09-14 07:02:43.838	4	1
1238	2015-09-14 07:28:44.991	4	1
1241	2015-09-14 10:40:41.523	4	1
1245	2015-09-14 12:27:03.108	2	1
1247	2015-09-15 08:46:02.875	4	1
1252	2015-09-15 11:42:38.536	4	1
1255	2015-09-16 09:47:52.436	4	1
1260	2015-09-16 12:45:52.779	2	2
1270	2015-09-21 06:45:19.168	2	1
1275	2015-09-21 10:31:03.92	2	1
1277	2015-09-21 11:37:19.107	2	1
1281	2015-09-22 09:39:18.388	4	1
1286	2015-09-23 10:26:55.08	2	1
1301	2015-09-23 16:30:58.406	1	2
1304	2015-09-24 07:29:27.49	4	1
1307	2015-09-24 08:34:39.641	2	1
1310	2015-09-24 10:17:03.81	1	1
1311	2015-09-24 10:40:24.702	2	1
1314	2015-09-24 12:39:51.112	2	1
1318	2015-09-25 06:11:44.759	4	1
1320	2015-09-25 06:54:39.365	2	1
1328	2015-09-25 10:12:07.699	2	1
1332	2015-09-25 10:59:25.212	4	1
1333	2015-09-25 10:59:52.248	2	1
1341	2015-09-28 07:00:10.119	1	1
1345	2015-09-28 07:53:35.965	2	1
1356	2015-09-28 11:32:18.597	2	1
1358	2015-09-28 12:45:17.674	4	1
1360	2015-09-28 13:33:39.157	4	1
1361	2015-09-28 13:46:51.891	1	1
1362	2015-09-28 13:46:57.478	2	1
1363	2015-09-28 14:57:26.238	4	1
1365	2015-09-29 06:16:17.154	2	1
1367	2015-09-29 07:39:52.799	4	1
1368	2015-09-29 08:52:52.473	4	1
1369	2015-09-29 09:24:51.255	4	1
1371	2015-09-29 09:26:20.887	1	1
1372	2015-09-29 09:26:24.323	2	1
1525	2015-10-09 07:02:09.015	2	1
1526	2015-10-09 07:32:38.123	2	1
1529	2015-10-09 07:58:49.781	2	1
1530	2015-10-09 09:55:25.223	4	1
1532	2015-10-09 10:07:28.151	4	1
1533	2015-10-09 10:19:48.046	2	1
1534	2015-10-09 10:54:19.231	4	1
1535	2015-10-09 10:55:15.42	1	1
1563	2015-10-12 12:43:48.465	7	1
1605	2015-10-26 10:43:45.483	4	1
1613	2015-10-27 13:40:49.269	4	1
1620	2015-10-29 09:52:07.714	4	1
1621	2015-10-29 09:54:09.731	7	1
1634	2015-11-02 09:46:42.818	4	1
1636	2015-11-02 10:41:17.533	4	1
1645	2015-11-03 18:11:33.454	4	1
1664	2015-11-10 11:28:54.595	2	1
1667	2015-11-10 13:27:12.953	4	1
1668	2015-11-10 13:27:14.874	4	1
1669	2015-11-10 13:27:19.228	4	1
1672	2015-11-10 14:10:46.277	2	1
1673	2015-11-11 07:25:30.287	2	1
1675	2015-11-11 11:29:16.106	2	1
1677	2015-11-11 13:10:28.3	2	1
1678	2015-11-11 14:25:58.143	1	1
1213	2015-09-08 11:08:50.34	4	1
1214	2015-09-08 13:28:20.825	4	1
1212	2015-09-08 09:47:56.414	4	1
1683	2015-11-12 09:59:02.042	4	1
1685	2015-11-12 10:43:35.826	2	1
1686	2015-11-12 10:47:19.417	4	1
1690	2015-11-12 12:50:23.801	2	1
1691	2015-11-13 08:02:38.922	4	1
1693	2015-11-13 08:58:44.664	2	1
1694	2015-11-13 09:18:26.984	4	1
1695	2015-11-13 09:35:44.073	2	1
1699	2015-11-13 11:17:31.586	4	2
1704	2015-11-13 13:19:12.678	2	1
1706	2015-11-13 14:03:46.022	2	1
1707	2015-11-16 07:14:02.875	2	1
1711	2015-11-16 10:29:27.26	4	1
1714	2015-11-16 12:29:34.161	2	1
1715	2015-11-16 12:54:44.013	4	1
1716	2015-11-16 13:09:51.179	2	1
1717	2015-11-16 14:09:05.705	4	1
1718	2015-11-16 14:59:52.085	2	1
1719	2015-11-17 07:48:40.492	4	1
1720	2015-11-17 07:56:00.601	2	1
1724	2015-11-17 12:00:29.551	4	1
1725	2015-11-17 12:27:58.147	2	1
1726	2015-11-17 12:50:13.049	4	1
1728	2015-11-17 13:31:40.466	2	1
1729	2015-11-18 07:18:25.33	4	1
1736	2015-11-18 10:34:41.212	4	1
1737	2015-11-18 11:38:20.323	4	1
1738	2015-11-18 11:41:19.25	2	1
1739	2015-11-18 12:56:10.552	1	1
1741	2015-11-18 13:29:53.963	2	1
1742	2015-11-18 14:36:43.666	2	1
1743	2015-11-18 15:26:15.649	2	1
1744	2015-11-19 09:40:49.339	2	1
1748	2015-11-19 12:12:27.934	2	1
1749	2015-11-19 12:37:27.315	4	1
1752	2015-11-19 12:38:23.188	1	1
1753	2015-11-19 12:38:27.377	2	1
1756	2015-11-19 13:53:44.239	6	1
1759	2015-11-20 08:53:27.598	3	1
1768	2015-11-20 13:28:57.166	4	1
1771	2015-11-23 11:22:39.463	2	1
1772	2015-11-23 14:11:39.256	2	1
1773	2015-11-23 15:50:11.102	6	1
1774	2015-11-23 15:50:15.571	1	1
1775	2015-11-24 08:12:26.298	4	1
1780	2015-11-24 11:56:46.34	4	1
1781	2015-11-24 12:28:29.3	3	1
1782	2015-11-24 12:37:00.406	3	1
1784	2015-11-24 15:08:40.696	2	1
1786	2015-11-25 07:51:38.218	4	1
1787	2015-11-25 07:51:44.067	4	1
1788	2015-11-25 08:35:13.161	4	1
567	2015-05-26 14:39:31.292	4	1
568	2015-05-27 05:07:33.596	4	1
569	2015-05-27 06:28:28.58	4	1
570	2015-05-27 06:49:56.081	2	1
571	2015-05-27 07:22:39.024	2	1
572	2015-05-27 08:17:30.91	2	1
573	2015-05-27 10:25:42.441	4	1
574	2015-05-27 10:38:31.054	2	1
575	2015-05-27 10:52:32.601	1	1
576	2015-05-27 10:54:44.667	2	1
577	2015-05-27 10:59:24.847	4	1
578	2015-05-27 11:27:56.694	2	1
579	2015-05-27 11:33:34.958	4	1
580	2015-05-27 11:37:13.262	4	2
581	2015-05-27 11:37:17.431	1	2
582	2015-05-27 11:37:33.489	2	1
583	2015-05-27 12:00:21.301	2	1
584	2015-05-27 14:45:25.043	2	1
585	2015-05-28 06:55:43.76	4	1
586	2015-05-28 06:56:24.163	2	1
587	2015-05-28 07:10:12.084	2	1
588	2015-05-28 07:10:50.439	4	1
589	2015-05-28 07:22:56.451	2	1
590	2015-05-28 08:01:34.346	4	1
591	2015-05-28 08:17:30.895	2	1
592	2015-05-28 10:02:11.603	4	1
593	2015-05-28 11:21:39.148	2	1
594	2015-05-28 12:05:05.214	1	1
595	2015-05-28 12:07:24.562	2	1
596	2015-05-28 12:12:04.776	4	1
597	2015-05-28 12:34:10.549	4	1
598	2015-05-28 12:47:33.981	2	1
599	2015-05-28 12:57:55.02	4	1
600	2015-05-28 13:23:30.094	2	1
601	2015-05-29 05:11:53.278	4	1
602	2015-05-29 05:37:59.928	4	1
603	2015-05-29 06:05:13.202	2	1
604	2015-05-29 06:08:51.448	4	1
605	2015-05-29 06:12:58.519	2	1
606	2015-05-29 06:47:23.654	2	1
607	2015-05-29 08:19:42.182	2	1
608	2015-05-29 11:06:44.667	2	1
609	2015-05-29 12:28:40.784	4	1
610	2015-05-29 12:29:10.129	4	1
611	2015-06-01 06:05:27.836	2	1
612	2015-06-01 07:03:09.826	2	1
613	2015-06-01 07:21:41.206	2	1
614	2015-06-01 08:26:47.474	4	1
615	2015-06-01 08:26:48.79	4	1
616	2015-06-01 08:28:41.505	1	1
617	2015-06-01 08:28:43.273	1	1
618	2015-06-01 08:43:40.926	4	1
619	2015-06-01 09:38:11.591	4	1
620	2015-06-01 09:42:57.234	2	1
621	2015-06-01 10:30:52.481	2	1
622	2015-06-01 11:37:37.989	2	1
623	2015-06-01 11:38:11.114	4	1
624	2015-06-01 12:35:26.087	4	1
625	2015-06-01 13:59:37.074	1	1
626	2015-06-01 15:30:06.994	1	1
627	2015-06-02 06:39:30.8	2	1
628	2015-06-02 07:59:02.384	4	1
629	2015-06-02 07:59:03.494	4	1
630	2015-06-02 07:59:35.046	2	1
631	2015-06-02 08:30:37.264	4	1
632	2015-06-02 09:39:23.19	4	1
633	2015-06-02 10:07:51.3	2	1
634	2015-06-02 10:07:58.16	4	1
635	2015-06-02 10:45:58.938	1	1
636	2015-06-02 11:34:05	4	2
637	2015-06-02 11:37:02.824	4	1
638	2015-06-02 11:37:20.004	2	1
639	2015-06-02 11:37:26.536	1	1
640	2015-06-02 18:38:58.664	2	1
641	2015-06-04 08:12:13.087	1	1
642	2015-06-04 08:12:22.26	4	1
643	2015-06-04 08:17:16.901	2	1
644	2015-06-04 08:17:24.022	2	1
645	2015-06-04 11:33:14.794	4	1
646	2015-06-04 11:33:21.774	4	1
647	2015-06-04 11:34:50.888	1	1
648	2015-06-04 11:35:03.285	2	1
649	2015-06-04 11:35:05.824	2	1
650	2015-06-04 19:24:21.91	4	1
651	2015-06-05 06:21:26.975	2	1
652	2015-06-05 06:21:29.239	2	1
653	2015-06-05 06:21:30.442	2	1
654	2015-06-05 06:48:50.314	2	1
655	2015-06-05 09:46:38.281	4	1
656	2015-06-05 11:03:25.954	2	1
657	2015-06-05 11:30:59.39	4	1
658	2015-06-05 11:37:00.394	4	2
659	2015-06-05 11:41:13.586	2	1
660	2015-06-05 12:41:46.112	4	1
661	2015-06-05 14:19:33.283	4	2
662	2015-06-08 06:44:01.595	2	1
663	2015-06-08 07:33:26.939	2	1
664	2015-06-08 07:34:29.998	4	1
665	2015-06-08 09:49:06.838	4	1
666	2015-06-08 09:50:21.29	2	1
667	2015-06-08 11:28:23.515	2	1
668	2015-06-08 11:35:56.095	1	1
669	2015-06-08 11:35:58.075	1	1
670	2015-06-08 11:37:01.032	4	1
671	2015-06-08 12:05:21.42	2	1
672	2015-06-08 12:05:27.963	1	1
673	2015-06-08 12:44:22.522	4	1
679	2015-06-08 13:25:07.948	2	1
680	2015-06-08 13:25:13.261	4	1
681	2015-06-08 15:07:31.689	4	1
682	2015-06-09 07:21:55.239	4	1
683	2015-06-09 08:33:16.193	4	1
684	2015-06-09 09:32:37.256	4	2
685	2015-06-09 12:32:35.288	4	1
686	2015-06-09 12:32:51.698	2	1
687	2015-06-11 10:30:16.767	3	1
688	2015-06-11 10:34:30.193	2	1
689	2015-06-11 10:40:08.217	4	1
690	2015-06-11 11:26:10.888	2	1
691	2015-06-11 11:37:00.385	4	1
692	2015-06-11 11:37:23.471	2	1
693	2015-06-11 11:37:26.581	1	1
694	2015-06-11 12:32:39.733	2	1
695	2015-06-11 13:05:46.73	2	1
697	2015-06-11 13:15:22.04	4	1
698	2015-06-11 13:29:40.77	4	1
699	2015-06-11 14:02:35.018	2	1
700	2015-06-11 14:21:37.647	4	1
701	2015-06-11 14:27:50.477	4	2
702	2015-06-12 05:18:49.665	4	1
703	2015-06-12 05:57:01.436	4	1
704	2015-06-12 08:14:28.893	2	1
705	2015-06-12 08:14:41.996	4	1
706	2015-06-12 08:14:45.424	1	1
707	2015-06-12 09:48:22.883	4	1
708	2015-06-12 09:48:58.659	2	1
709	2015-06-12 10:39:28.083	2	1
711	2015-06-12 10:41:32.719	1	1
713	2015-06-12 11:39:10.842	2	1
1225	2015-09-11 10:42:21.928	4	1
1227	2015-09-11 10:42:24.345	4	1
1248	2015-09-15 08:46:16.249	4	1
1250	2015-09-15 11:01:16.873	1	1
1251	2015-09-15 11:01:21.114	2	1
1282	2015-09-22 10:34:27.779	4	1
1305	2015-09-24 07:33:07.197	2	1
1308	2015-09-24 09:36:38.703	4	1
1309	2015-09-24 09:56:31.803	4	1
1312	2015-09-24 11:31:40.292	2	1
1316	2015-09-24 16:05:49.701	4	1
1319	2015-09-25 06:40:26.137	4	1
1324	2015-09-25 07:54:37.209	4	1
1325	2015-09-25 08:40:49.197	2	1
1330	2015-09-25 10:25:52.327	4	1
1334	2015-09-25 12:34:48.894	4	1
1335	2015-09-25 12:34:51.198	4	1
1336	2015-09-25 13:24:11.663	2	1
1337	2015-09-25 13:44:12.284	2	1
1342	2015-09-28 07:00:27.048	7	1
1347	2015-09-28 08:25:56.608	4	1
1348	2015-09-28 09:26:27.657	4	1
1353	2015-09-28 10:05:01.85	7	1
1354	2015-09-28 10:11:01.772	2	1
1370	2015-09-29 09:26:20.838	7	1
1373	2015-09-29 09:57:44.651	2	1
1374	2015-09-29 10:17:20.568	4	1
1375	2015-09-29 10:19:42.908	2	1
1376	2015-09-29 10:26:08.786	4	1
1380	2015-09-29 12:18:32.607	4	1
1381	2015-09-29 12:19:02.721	7	1
1382	2015-09-29 12:19:07.736	2	1
1383	2015-09-29 13:16:23.841	4	1
1384	2015-09-29 13:58:45.619	4	1
1385	2015-09-29 14:00:22.549	2	1
1386	2015-09-30 09:19:50.398	1	1
1387	2015-09-30 09:19:54.423	2	1
1388	2015-09-30 09:20:10.227	7	1
1389	2015-09-30 09:59:10.143	1	1
1390	2015-09-30 10:36:28.317	2	2
1391	2015-09-30 10:36:31.409	1	2
1392	2015-09-30 12:39:18.54	7	1
1393	2015-09-30 12:41:19.586	2	1
1394	2015-09-30 13:02:23.652	2	1
1395	2015-09-30 13:04:41.104	7	1
1396	2015-09-30 13:44:25.792	2	1
1397	2015-09-30 14:05:47.067	2	1
1398	2015-09-30 14:19:39.048	2	1
1399	2015-10-01 06:15:20.785	7	1
1400	2015-10-01 06:59:37.966	2	1
1401	2015-10-01 07:14:54.524	1	1
1405	2015-10-01 09:52:20.512	1	1
1406	2015-10-01 09:52:20.928	2	1
1407	2015-10-01 11:02:41.979	2	1
1409	2015-10-01 11:46:55.417	2	1
1410	2015-10-01 12:02:07.531	7	1
1411	2015-10-01 12:57:13.806	2	1
1413	2015-10-01 13:14:20.941	1	1
1414	2015-10-01 13:54:41.291	2	1
1415	2015-10-02 06:22:21.143	7	1
1416	2015-10-02 07:02:47.971	7	1
1417	2015-10-02 07:03:59.17	2	1
1418	2015-10-02 08:57:24.08	2	1
1419	2015-10-02 09:39:49.647	2	1
1420	2015-10-02 10:59:11.009	2	1
1421	2015-10-02 13:10:23.96	2	1
1422	2015-10-02 13:47:16.259	7	1
1455	2015-10-05 06:29:41.228	7	1
1457	2015-10-05 08:30:14.376	4	1
1458	2015-10-05 08:39:43.976	2	1
1459	2015-10-05 09:20:08.985	7	1
1461	2015-10-05 09:54:19.105	2	1
1463	2015-10-05 10:24:13.682	2	1
1464	2015-10-05 10:36:57.275	4	1
1465	2015-10-05 10:50:50.124	7	1
1467	2015-10-05 11:58:45.996	4	1
1470	2015-10-05 12:34:32.298	4	1
1471	2015-10-05 12:54:15.713	4	1
1472	2015-10-05 13:19:12.559	2	1
1473	2015-10-06 06:35:12.017	7	1
1475	2015-10-06 08:26:43.732	2	1
1477	2015-10-06 09:41:18.356	2	1
1478	2015-10-06 10:12:49.458	1	1
1480	2015-10-06 10:55:05.712	7	1
1481	2015-10-06 12:37:40.516	2	1
1482	2015-10-06 13:37:54.946	7	1
1483	2015-10-06 14:00:37.22	2	1
1484	2015-10-06 15:49:06.936	1	1
1485	2015-10-07 06:03:25.779	2	1
1491	2015-10-07 10:41:54.582	2	1
1496	2015-10-07 11:22:26.888	1	2
1500	2015-10-07 12:54:59.163	2	2
1502	2015-10-08 05:14:01.816	4	1
1505	2015-10-08 07:07:50.18	4	1
1516	2015-10-08 12:59:13.295	2	1
1517	2015-10-08 13:17:04.633	2	1
1520	2015-10-09 05:07:14.432	4	1
1537	2015-10-09 11:20:53.505	2	1
1539	2015-10-09 12:32:33.828	4	1
1540	2015-10-09 12:35:49.33	2	1
1541	2015-10-11 14:09:08.422	1	1
1542	2015-10-11 14:09:11.574	1	1
1543	2015-10-11 19:40:57.055	1	1
1544	2015-10-12 07:13:57.78	4	1
1545	2015-10-12 07:14:03.581	2	1
1546	2015-10-12 07:14:13.647	4	1
1549	2015-10-12 07:28:04.252	2	1
1550	2015-10-12 07:56:23.885	4	1
1553	2015-10-12 09:35:01.042	7	1
1554	2015-10-12 09:54:04.027	1	1
1555	2015-10-12 09:56:10.234	4	1
1556	2015-10-12 09:57:49.453	2	1
1558	2015-10-12 11:21:23.947	4	1
1559	2015-10-12 11:22:34.065	2	1
1564	2015-10-12 13:22:44.68	2	1
1565	2015-10-12 14:12:11.11	2	1
1566	2015-10-12 14:26:13.054	2	2
1568	2015-10-13 05:59:48.803	4	1
1570	2015-10-13 06:33:29.682	7	2
1571	2015-10-13 07:49:45.725	7	2
1573	2015-10-13 10:01:15.972	7	1
1574	2015-10-13 14:04:46.397	7	1
1575	2015-10-14 11:08:49.161	4	1
1578	2015-10-14 18:54:55.108	4	1
1579	2015-10-15 04:08:06.925	4	1
1580	2015-10-15 04:50:55.555	4	1
1581	2015-10-15 06:50:25.634	4	1
1583	2015-10-15 08:45:43.723	4	1
1584	2015-10-15 09:30:47.991	4	1
1585	2015-10-15 10:08:04.214	4	1
1587	2015-10-15 16:55:50.987	1	1
1588	2015-10-20 15:26:15.55	1	1
710	2015-06-12 10:41:26.387	1	1
712	2015-06-12 10:46:14.398	4	1
714	2015-06-12 13:53:16.068	2	1
715	2015-06-15 07:36:19.01	4	1
717	2015-06-15 07:42:34.8	2	1
718	2015-06-15 08:00:06.762	2	2
719	2015-06-15 08:11:07.849	4	1
720	2015-06-15 08:11:53.659	1	2
721	2015-06-15 08:12:27.725	2	1
722	2015-06-15 08:12:34	2	2
723	2015-06-15 08:12:48.855	1	2
724	2015-06-15 08:12:51.924	4	2
725	2015-06-15 09:55:10.178	4	1
726	2015-06-15 09:57:52.994	2	1
727	2015-06-15 12:17:28.917	2	1
728	2015-06-15 12:18:03.435	4	1
729	2015-06-16 07:27:10.548	2	1
730	2015-06-16 07:59:44.513	2	1
731	2015-06-16 08:07:21.782	4	1
732	2015-06-16 09:53:41.969	1	1
733	2015-06-16 10:59:31.855	4	1
734	2015-06-16 11:26:18.873	2	1
735	2015-06-16 12:07:13.361	4	1
736	2015-06-16 12:08:13.962	2	1
737	2015-06-17 06:55:01.951	2	1
738	2015-06-17 08:25:08.705	2	1
739	2015-06-17 09:34:51.808	1	1
740	2015-06-17 09:52:05.819	4	1
741	2015-06-17 13:27:54.733	2	1
742	2015-06-17 14:02:03.953	4	1
743	2015-06-17 14:19:45.318	2	1
744	2015-06-17 14:37:30.539	4	1
746	2015-06-18 06:44:24.757	2	1
747	2015-06-18 07:46:43.093	2	1
748	2015-06-18 08:21:01.016	2	1
749	2015-06-18 09:58:05.736	2	1
750	2015-06-18 10:47:38.408	2	1
751	2015-06-18 10:49:40.999	1	1
752	2015-06-18 12:04:54.201	1	1
753	2015-06-18 12:14:48.332	2	1
754	2015-06-18 12:51:49.153	3	1
755	2015-06-18 13:35:21.638	2	1
756	2015-06-18 13:35:41.745	1	1
757	2015-06-19 11:12:05.494	1	1
758	2015-06-19 11:55:52.95	3	1
760	2015-06-22 07:32:52.554	4	1
761	2015-06-22 08:09:48.226	4	1
763	2015-06-22 08:10:20.682	2	1
764	2015-06-22 08:10:23.763	2	1
765	2015-06-22 08:10:25.125	1	1
766	2015-06-22 09:39:58.514	4	1
767	2015-06-22 09:56:38.652	1	1
768	2015-06-22 10:38:07.382	2	1
769	2015-06-22 11:28:34.634	2	1
770	2015-06-22 11:33:52.699	4	1
771	2015-06-22 13:13:58.669	3	1
772	2015-06-22 13:14:00.463	3	1
773	2015-06-22 13:47:02.862	4	1
774	2015-06-22 13:47:19.633	2	1
775	2015-06-23 07:14:53.875	4	1
776	2015-06-23 07:32:32.449	4	1
777	2015-06-23 07:33:16.794	2	1
778	2015-06-23 07:52:32.961	2	1
779	2015-06-23 08:17:38.151	2	1
780	2015-06-23 09:31:52.593	1	1
781	2015-06-23 09:45:07.566	4	1
782	2015-06-23 10:15:18.156	3	1
783	2015-06-23 10:36:40.402	4	1
784	2015-06-23 10:40:04.223	2	1
785	2015-06-23 11:21:58.182	4	1
786	2015-06-23 11:47:36.895	2	1
787	2015-06-23 12:15:06.611	4	1
788	2015-06-23 13:25:27.891	4	1
790	2015-06-24 07:15:51.491	4	1
791	2015-06-24 10:06:38.608	4	1
792	2015-06-24 10:07:03.837	2	1
793	2015-06-24 11:05:42.694	2	1
794	2015-06-24 11:06:09.658	4	1
795	2015-06-24 11:47:07.35	2	1
796	2015-06-24 12:05:13.68	4	1
797	2015-06-24 13:19:45.619	1	1
798	2015-06-24 13:19:49.277	4	1
799	2015-06-24 13:22:10.061	2	1
800	2015-06-24 13:48:27.985	2	1
801	2015-06-25 07:05:38.017	4	1
802	2015-06-25 07:10:42.914	2	1
803	2015-06-25 08:10:05.697	2	1
804	2015-06-25 08:42:50.163	3	1
805	2015-06-25 09:25:15.851	4	1
806	2015-06-25 09:38:41.135	2	1
807	2015-06-25 09:41:06.785	4	2
808	2015-06-25 10:20:09.511	2	1
809	2015-06-25 11:00:06.683	4	1
810	2015-06-25 11:00:34.945	2	1
811	2015-06-25 13:33:47.264	2	1
812	2015-06-25 14:50:08.08	3	1
813	2015-06-26 06:50:14.32	2	1
814	2015-06-26 07:04:51.651	2	1
815	2015-06-26 07:29:31.894	2	1
816	2015-06-26 08:34:05.89	2	1
817	2015-06-26 08:46:20.287	4	1
818	2015-06-26 10:34:13.929	4	1
819	2015-06-26 10:34:43.122	2	1
820	2015-06-26 10:59:37.533	2	1
821	2015-06-26 11:20:49.987	3	1
822	2015-06-26 11:33:54.161	4	1
823	2015-06-26 12:12:50.02	2	1
824	2015-06-29 07:07:35.992	2	1
825	2015-06-29 07:29:02.49	2	1
826	2015-06-29 07:29:35.084	4	1
827	2015-06-29 08:11:02.536	4	1
828	2015-06-29 08:26:15.378	2	1
829	2015-06-29 09:49:52.377	4	1
830	2015-06-29 12:01:51.433	2	1
831	2015-06-29 12:02:27.674	4	1
832	2015-06-29 12:31:31.197	2	1
833	2015-06-29 12:31:39.67	4	1
834	2015-06-29 13:06:00.624	4	1
835	2015-06-29 13:21:37.395	2	1
836	2015-06-29 13:42:47.476	2	1
837	2015-06-30 07:07:40.877	2	1
838	2015-06-30 07:10:26.816	4	1
839	2015-06-30 07:41:03.103	2	1
840	2015-06-30 08:36:51.936	2	1
841	2015-06-30 09:46:33.411	4	1
842	2015-06-30 10:53:04.671	4	1
843	2015-06-30 11:01:47.116	2	1
844	2015-06-30 11:37:00.494	2	1
845	2015-06-30 13:00:14.242	2	1
846	2015-06-30 13:54:55.748	4	1
847	2015-07-01 06:00:45.725	2	1
848	2015-07-01 07:39:29.946	2	1
849	2015-07-01 08:14:34.272	2	1
850	2015-07-01 08:16:35.916	4	1
851	2015-07-01 09:12:14.021	3	1
852	2015-07-01 10:13:55.583	4	1
855	2015-07-01 12:28:10.488	4	1
857	2015-07-01 14:01:07.646	2	1
1283	2015-09-22 10:37:49.266	2	1
1321	2015-09-25 07:16:45.764	4	1
1322	2015-09-25 07:16:51.16	2	1
1323	2015-09-25 07:38:14.165	2	1
1327	2015-09-25 09:28:22.864	2	1
1329	2015-09-25 10:22:27.811	1	1
1378	2015-09-29 10:56:22.2	2	1
1379	2015-09-29 11:38:35.795	4	1
1402	2015-10-01 07:40:39.983	7	1
1403	2015-10-01 08:02:17.727	2	1
1404	2015-10-01 09:51:32.451	7	1
1408	2015-10-01 11:04:13.94	1	1
1412	2015-10-01 13:13:29.737	2	1
1456	2015-10-05 07:26:13.807	2	1
1460	2015-10-05 09:28:48.397	4	1
1462	2015-10-05 10:11:54.99	4	1
1466	2015-10-05 10:52:42.255	4	1
1468	2015-10-05 11:59:44.108	2	1
1469	2015-10-05 12:22:56.393	2	1
1474	2015-10-06 07:39:07.23	1	1
1476	2015-10-06 09:41:17.787	4	1
1479	2015-10-06 10:50:29.242	2	1
1486	2015-10-07 06:48:19.373	7	1
1487	2015-10-07 07:22:59.423	2	1
1488	2015-10-07 08:17:13.757	7	1
1489	2015-10-07 09:45:12.469	2	1
1490	2015-10-07 09:56:02.531	1	1
1492	2015-10-07 11:17:14.027	2	1
1493	2015-10-07 11:17:23.862	4	1
1494	2015-10-07 11:17:37.594	1	1
1497	2015-10-07 11:22:30.834	4	1
1498	2015-10-07 11:22:45.277	7	1
1499	2015-10-07 12:48:16.109	2	1
1501	2015-10-07 13:47:37.332	2	1
1503	2015-10-08 05:33:13.765	4	1
1512	2015-10-08 09:37:23.973	2	1
1515	2015-10-08 12:13:22.113	4	1
1521	2015-10-09 06:19:45.631	2	1
1523	2015-10-09 06:44:17.876	4	1
1538	2015-10-09 11:25:42.364	7	1
1548	2015-10-12 07:15:17.972	7	1
1551	2015-10-12 08:49:26.002	4	1
1552	2015-10-12 09:33:13.062	4	1
1557	2015-10-12 10:23:13.922	2	1
1560	2015-10-12 11:59:14.428	4	1
1567	2015-10-12 15:35:06.099	4	1
1569	2015-10-13 06:25:27.865	7	1
1572	2015-10-13 08:34:58.636	4	1
1576	2015-10-14 11:09:07.55	4	1
1582	2015-10-15 07:42:44.788	4	1
1586	2015-10-15 11:12:59.605	4	1
1589	2015-10-21 07:12:15.587	7	1
1590	2015-10-21 09:30:02.67	7	1
1591	2015-10-21 09:41:15.365	1	1
1606	2015-10-26 13:05:33.914	4	1
1635	2015-11-02 10:26:20.867	7	1
1637	2015-11-02 11:23:20.448	4	1
1639	2015-11-02 13:59:49.002	7	1
1674	2015-11-11 07:58:38.328	2	1
1676	2015-11-11 12:41:03.312	2	1
1679	2015-11-12 07:52:58.102	4	1
1680	2015-11-12 08:14:32.354	4	1
1682	2015-11-12 09:00:49.817	2	1
1687	2015-11-12 11:10:37.514	2	1
1689	2015-11-12 12:31:53.667	1	1
1692	2015-11-13 08:52:57.346	4	1
1697	2015-11-13 10:27:57.487	4	1
1698	2015-11-13 11:11:49.778	2	1
1700	2015-11-13 11:19:02.508	1	1
1708	2015-11-16 07:48:48.305	4	1
1710	2015-11-16 10:27:09.291	2	1
1712	2015-11-16 11:27:48.432	4	1
1721	2015-11-17 08:21:09.085	4	1
1723	2015-11-17 09:09:33.619	4	1
1730	2015-11-18 08:33:00.109	4	1
1733	2015-11-18 09:24:36.399	4	1
1740	2015-11-18 12:56:13.376	1	1
1745	2015-11-19 09:40:51.668	2	1
1746	2015-11-19 10:51:38.764	4	1
1747	2015-11-19 11:21:00.114	4	1
1754	2015-11-19 13:09:54.639	2	1
1755	2015-11-19 13:33:03.673	2	1
1758	2015-11-19 13:54:10.083	4	1
1760	2015-11-20 09:10:31.217	2	1
1761	2015-11-20 09:14:46.616	4	1
1767	2015-11-20 12:37:00.499	4	1
1776	2015-11-24 08:12:41.857	4	1
1777	2015-11-24 09:34:51.248	2	1
1783	2015-11-24 14:27:20.544	2	1
1785	2015-11-24 16:13:24.716	2	1
1789	2015-11-25 09:26:52.192	2	1
1791	2015-11-25 11:37:13.827	4	1
1792	2015-11-25 13:01:33.594	3	1
1793	2015-11-26 07:18:43.976	2	1
1797	2015-11-26 09:36:06.241	2	1
1799	2015-11-26 11:26:50.077	2	1
1800	2015-11-26 11:27:14.645	4	1
1802	2015-11-26 15:02:22.94	2	1
1803	2015-11-26 15:51:06.543	2	1
1807	2015-11-27 09:21:39.834	4	1
1809	2015-11-27 15:07:25.663	2	1
1810	2015-11-27 15:21:19.093	3	1
1811	2015-11-27 23:04:29.798	1	2
1812	2015-11-30 07:58:30.537	2	1
1813	2015-11-30 08:01:11.584	4	1
1814	2015-11-30 08:02:03.952	4	1
1816	2015-11-30 09:41:39.262	2	1
1817	2015-11-30 11:01:49.745	2	1
1818	2015-11-30 11:20:39.171	2	1
1819	2015-11-30 12:06:58.485	1	1
1820	2015-11-30 12:08:34.665	4	1
1822	2015-11-30 12:58:24.849	2	1
1823	2015-11-30 14:26:43.724	2	1
1824	2015-11-30 14:49:29.304	4	1
1825	2015-11-30 15:56:58.442	4	1
1826	2015-12-01 09:08:47.089	2	1
1828	2015-12-01 13:36:01.588	4	1
1830	2015-12-02 12:37:49.589	2	1
1831	2015-12-02 12:37:59.312	1	1
1832	2015-12-02 13:38:09.344	2	1
1833	2015-12-02 13:38:11.415	1	1
1834	2015-12-03 11:14:03.399	1	1
1835	2015-12-03 11:15:48.52	2	1
1836	2015-12-03 12:10:38.335	2	1
1838	2015-12-03 15:18:43.407	1	2
1839	2015-12-04 07:51:41.924	2	1
1840	2015-12-04 14:42:01.331	3	1
1841	2015-12-07 06:53:49.363	4	1
1843	2015-12-07 06:53:56.678	4	1
1844	2015-12-07 13:46:41.914	4	1
1845	2015-12-07 16:27:11.366	3	1
1846	2015-12-08 07:00:32.336	2	1
1847	2015-12-08 07:04:37.484	2	2
853	2015-07-01 10:18:25.369	2	1
1504	2015-10-08 06:11:25.263	4	1
856	2015-07-01 12:43:38.1	2	1
858	2015-07-02 06:58:25.777	2	1
859	2015-07-02 07:21:45.565	4	1
860	2015-07-02 07:21:59.966	2	1
861	2015-07-02 07:24:54.784	4	1
862	2015-07-02 08:26:47.69	4	1
863	2015-07-02 09:56:39.571	4	1
864	2015-07-02 09:56:40.091	2	1
865	2015-07-02 10:45:11.439	4	1
866	2015-07-02 10:45:27.74	2	1
867	2015-07-02 11:33:37.133	4	1
868	2015-07-02 11:35:24.795	2	1
869	2015-07-02 12:22:43.171	4	1
870	2015-07-02 13:03:23.831	2	1
871	2015-07-02 14:27:41.636	3	1
872	2015-07-02 14:30:21.763	5	1
873	2015-07-03 07:01:13.046	4	2
874	2015-07-03 08:32:13.915	2	1
875	2015-07-03 08:32:22.796	2	1
876	2015-07-03 09:34:19.464	2	1
877	2015-07-03 10:25:29.098	2	1
878	2015-07-03 10:47:17.906	3	1
879	2015-07-03 12:07:39.199	2	1
880	2015-07-06 08:39:01.244	4	1
881	2015-07-06 09:48:39.208	4	1
882	2015-07-06 11:19:47.377	3	1
883	2015-07-06 13:57:04.285	4	1
884	2015-07-06 13:57:11.855	1	1
885	2015-07-07 07:01:13.375	3	1
886	2015-07-07 07:08:23.075	4	1
887	2015-07-07 07:40:39.248	4	1
888	2015-07-07 07:58:57.758	2	1
889	2015-07-07 08:46:01.954	2	1
890	2015-07-07 10:04:32.291	4	1
891	2015-07-07 10:55:05.95	2	1
892	2015-07-07 11:39:10.574	4	1
893	2015-07-07 11:40:04.087	1	1
894	2015-07-07 11:44:33.316	2	1
895	2015-07-07 12:36:38.283	2	1
896	2015-07-07 13:10:10.264	2	1
1506	2015-10-08 07:25:27.768	4	1
898	2015-07-07 13:10:18.618	4	1
899	2015-07-08 07:12:43.168	2	1
900	2015-07-08 10:48:42.602	2	1
901	2015-07-08 11:05:12.925	2	1
902	2015-07-08 11:39:20.359	2	1
903	2015-07-09 07:24:50.484	2	1
904	2015-07-09 07:25:12.563	4	1
905	2015-07-09 07:58:26.022	4	1
906	2015-07-09 08:45:40.119	4	1
907	2015-07-09 09:47:42.603	4	1
908	2015-07-09 11:18:43.435	2	1
909	2015-07-09 11:18:59.975	4	1
910	2015-07-09 11:19:09	1	1
911	2015-07-09 13:44:58.857	2	1
912	2015-07-09 14:07:11.711	2	1
913	2015-07-10 05:13:18.813	4	1
914	2015-07-10 06:16:26.177	2	1
915	2015-07-10 07:20:48.52	2	1
916	2015-07-10 07:44:37.977	2	1
917	2015-07-10 07:55:14.186	4	1
918	2015-07-10 08:46:27.657	2	1
919	2015-07-10 08:47:42.836	4	1
920	2015-07-10 09:48:44.665	4	1
921	2015-07-10 10:15:05.252	2	1
922	2015-07-10 10:38:23.516	2	1
923	2015-07-10 10:39:32.874	4	1
924	2015-07-10 10:39:35.659	4	2
925	2015-07-10 10:41:36.387	2	2
926	2015-07-10 10:41:40.868	1	1
927	2015-07-10 10:41:45.634	1	2
1511	2015-10-08 08:36:13.341	2	1
929	2015-07-10 12:00:34.42	2	1
930	2015-07-10 12:45:02.546	2	1
931	2015-07-13 07:15:44.717	2	1
932	2015-07-13 07:24:08.716	2	1
933	2015-07-13 08:08:25.91	2	1
934	2015-07-13 10:00:54.128	2	1
935	2015-07-13 13:07:31.937	2	1
936	2015-07-13 14:09:35.377	2	1
937	2015-07-15 12:53:00.617	3	1
938	2015-07-16 11:52:51.957	3	1
939	2015-07-16 12:51:21.448	3	1
940	2015-07-16 13:44:24.848	3	1
941	2015-07-17 07:29:51.937	3	1
942	2015-07-17 10:59:18.34	3	1
943	2015-07-17 13:51:06.166	3	1
944	2015-07-17 13:51:45.661	3	1
945	2015-07-20 06:12:09.738	3	1
946	2015-07-20 12:03:21.884	3	1
947	2015-07-21 11:37:51.521	3	1
948	2015-07-22 11:10:32.059	3	1
949	2015-07-23 08:07:37.211	3	1
1513	2015-10-08 09:39:15.609	4	1
1514	2015-10-08 10:58:51.4	4	1
1519	2015-10-08 13:39:12.089	4	1
1522	2015-10-09 06:22:11.666	4	1
1561	2015-10-12 11:59:28.925	1	1
1577	2015-10-14 11:57:14.196	4	1
1592	2015-10-21 10:05:39.804	7	1
1593	2015-10-21 10:17:37.062	1	1
1594	2015-10-21 13:41:53.563	7	1
1595	2015-10-21 14:14:51.425	1	1
1596	2015-10-22 06:17:20.097	7	1
1597	2015-10-22 09:30:54.714	7	1
1598	2015-10-22 14:46:44.583	1	1
1599	2015-10-23 06:40:10.967	7	1
1600	2015-10-23 09:39:06.514	7	1
1601	2015-10-23 09:48:57.551	1	1
1602	2015-10-25 11:58:02.353	1	1
1603	2015-10-26 07:29:10.596	7	1
1607	2015-10-27 07:36:50.807	4	1
1609	2015-10-27 10:44:43.524	4	1
1614	2015-10-28 11:24:38.659	1	1
1616	2015-10-28 22:31:00.636	1	1
1617	2015-10-29 08:03:33.123	4	1
1627	2015-10-30 12:37:41.851	4	1
1629	2015-11-01 10:54:17.077	4	1
1630	2015-11-02 08:18:05.196	7	1
1631	2015-11-02 08:18:21.461	4	1
1632	2015-11-02 08:36:18.477	4	1
1638	2015-11-02 12:48:42.431	4	1
1640	2015-11-03 08:01:47.879	7	1
1641	2015-11-03 12:10:21.558	7	1
1642	2015-11-03 14:32:08.877	4	1
1644	2015-11-03 16:49:48.854	4	1
1646	2015-11-04 13:08:12.705	1	1
1649	2015-11-06 10:46:35.602	4	1
1650	2015-11-06 12:37:00.462	4	1
1654	2015-11-06 14:05:11.459	4	1
1655	2015-11-06 14:30:43.291	4	1
1656	2015-11-06 15:20:23.089	2	1
1657	2015-11-09 07:55:13.508	4	1
1662	2015-11-09 12:39:36.43	2	1
1848	2015-12-08 19:07:25.002	1	1
1849	2015-12-08 19:07:27.282	1	1
1850	2015-12-08 19:07:29.366	1	1
1851	2015-12-08 21:41:11.597	1	1
1852	2015-12-08 21:41:25.535	1	2
1853	2015-12-09 08:00:57.769	4	1
1854	2015-12-09 08:01:00.287	4	1
1855	2015-12-09 08:01:01.18	4	1
1856	2015-12-09 11:29:34.12	4	1
1857	2015-12-09 12:20:06.158	4	1
1858	2015-12-09 13:07:18.402	4	1
1860	2015-12-09 13:07:53.435	2	1
1861	2015-12-09 14:13:13.248	3	1
1862	2015-12-10 09:17:13.846	4	1
1863	2015-12-10 09:17:28.221	4	1
1864	2015-12-10 10:41:35.927	4	1
1865	2015-12-10 10:52:23.257	2	1
1866	2015-12-10 11:21:41.076	1	1
1867	2015-12-10 12:20:16.282	4	1
1868	2015-12-10 12:30:43.926	3	1
1869	2015-12-10 12:37:30.446	4	2
1870	2015-12-10 12:37:43.199	2	1
1871	2015-12-10 13:08:10.71	1	1
1872	2015-12-10 13:38:09.937	2	1
1873	2015-12-10 14:50:18.546	2	1
1874	2015-12-10 15:25:39.909	2	1
1875	2015-12-10 17:02:16.578	1	1
1876	2015-12-11 10:55:18.972	4	2
1878	2015-12-11 12:08:40.369	4	1
1879	2015-12-11 12:08:42.586	4	1
1880	2015-12-11 14:05:59.865	3	1
1881	2015-12-14 06:41:46.251	4	1
1882	2015-12-14 12:37:49.768	4	1
1883	2015-12-14 13:11:01.69	3	1
1884	2015-12-14 13:27:25.225	2	1
1885	2015-12-14 13:33:44.991	4	1
1886	2015-12-14 14:26:44.307	2	1
1887	2015-12-14 14:35:41.606	1	1
1888	2015-12-15 09:49:45.426	2	1
1889	2015-12-15 10:28:42.791	4	1
1890	2015-12-15 11:47:48.592	2	1
1891	2015-12-15 13:16:54.61	4	1
1892	2015-12-15 14:02:06.409	3	1
1893	2015-12-16 13:18:10.706	2	1
1894	2015-12-16 13:30:25.245	1	1
1895	2015-12-16 14:48:24.536	2	1
1896	2015-12-17 08:54:34.182	2	1
1897	2015-12-17 09:27:10.775	2	1
1898	2015-12-17 10:31:29.015	4	1
1899	2015-12-17 10:31:30.343	4	1
1900	2015-12-17 10:31:36.671	4	1
1901	2015-12-17 10:49:17.91	2	1
1902	2015-12-17 11:31:20.344	4	1
1903	2015-12-17 12:09:50.855	2	1
1904	2015-12-17 12:14:06.667	3	2
1905	2015-12-17 12:17:36.925	1	1
1906	2015-12-17 12:17:43.16	2	2
1907	2015-12-17 12:55:36.164	4	1
1908	2015-12-17 13:55:15.851	1	1
1909	2015-12-17 13:55:24.774	2	1
1910	2015-12-18 09:24:22.815	2	1
1911	2015-12-18 10:54:39.36	2	1
1912	2015-12-18 11:05:21.483	2	1
1913	2015-12-18 11:40:19.562	4	1
1914	2015-12-18 11:58:25.948	1	1
1915	2015-12-18 11:58:32.352	2	1
1916	2015-12-18 12:29:08.581	2	1
1917	2015-12-18 14:32:56.341	4	1
1918	2015-12-18 14:50:57.457	4	1
1919	2015-12-19 13:28:00.877	3	1
1920	2015-12-21 07:29:48.828	2	1
1921	2015-12-21 07:37:18.936	4	1
1922	2015-12-21 10:34:41.525	4	1
1923	2015-12-21 12:06:06.358	4	1
1924	2015-12-21 14:03:16.32	2	1
1925	2015-12-22 10:44:40.674	4	1
1926	2015-12-22 10:46:34.892	4	1
1927	2015-12-22 12:37:00.408	1	1
1928	2015-12-22 13:40:31.441	2	1
1929	2015-12-22 14:00:06.573	4	1
1930	2015-12-22 14:09:25.885	1	2
1931	2015-12-22 15:04:18.712	4	1
1932	2015-12-22 15:32:25.106	1	2
1933	2015-12-23 08:14:50.199	4	1
1934	2015-12-23 09:25:02.805	4	1
1935	2015-12-23 11:53:21.975	4	1
1936	2015-12-28 08:38:16.458	4	1
1937	2015-12-28 09:09:48.974	4	1
1938	2015-12-28 12:13:09.26	4	1
1939	2015-12-28 12:13:11.018	4	1
1940	2015-12-28 12:13:15.28	4	2
1941	2015-12-28 12:37:00.55	4	1
1942	2015-12-28 13:54:02.001	4	1
1943	2015-12-29 09:21:42.002	4	1
1944	2015-12-29 11:08:30.638	4	1
1945	2015-12-29 11:09:08.155	1	1
1946	2015-12-29 13:05:04.781	4	1
1947	2015-12-30 09:07:35.785	4	1
1948	2015-12-30 10:29:50.684	4	1
1949	2016-01-04 08:22:37.754	2	1
1951	2016-01-04 10:26:56.053	2	1
1952	2016-01-04 12:39:11.872	4	1
1953	2016-01-05 08:52:01.827	4	1
1954	2016-01-05 10:32:56.209	4	1
1955	2016-01-05 11:52:53.449	4	1
1956	2016-01-05 12:37:00.428	4	1
1957	2016-01-05 13:48:17.648	2	1
1958	2016-01-06 07:56:27.178	4	1
1959	2016-01-06 09:47:32.972	2	1
1960	2016-01-06 09:47:50.818	4	1
1961	2016-01-06 10:41:50.464	4	1
1962	2016-01-06 10:41:41.625	2	1
1963	2016-01-06 12:33:38.439	4	1
1964	2016-01-06 13:05:13.852	2	1
1965	2016-01-06 13:56:06.9	2	1
1966	2016-01-07 08:02:21.546	4	1
1967	2016-01-07 08:16:42.546	2	1
1968	2016-01-07 09:09:57.75	2	1
1969	2016-01-07 10:31:00.906	2	1
1970	2016-01-07 10:32:14.361	4	1
1971	2016-01-07 10:52:00.001	2	1
1972	2016-01-07 11:23:33.117	2	1
1973	2016-01-07 11:47:11.128	2	1
1974	2016-01-07 12:02:41.956	4	1
1975	2016-01-07 12:37:00.861	4	1
1976	2016-01-07 12:37:50.851	2	1
1977	2016-01-07 13:10:49.827	2	1
1978	2016-01-08 08:20:51.817	2	1
1979	2016-01-08 09:11:23.44	2	1
1980	2016-01-08 11:26:17.12	2	1
1981	2016-01-08 15:23:22.049	3	1
1982	2016-01-11 07:59:19.808	2	1
1983	2016-01-11 12:37:40.569	2	1
1984	2016-01-11 14:06:49.366	2	1
1985	2016-01-11 14:26:33.864	2	1
1986	2016-01-12 11:31:12.375	2	1
1987	2016-01-12 12:25:14.629	2	1
1988	2016-01-12 13:19:18.053	2	1
1989	2016-01-12 14:09:37.202	3	1
1990	2016-01-12 15:00:50.279	2	1
1991	2016-01-12 15:10:00.267	2	1
1992	2016-01-13 09:11:12.162	2	1
1993	2016-01-13 09:30:20.524	2	1
1994	2016-01-13 11:17:52.426	2	1
1995	2016-01-13 11:45:22.309	2	1
1996	2016-01-13 12:13:24.643	2	1
1997	2016-01-13 13:33:04.761	2	1
1998	2016-01-13 15:05:19.529	3	1
1999	2016-01-14 07:03:17.233	2	1
2000	2016-01-14 10:49:58.517	2	1
2001	2016-01-14 12:45:10.736	2	1
2002	2016-01-14 15:02:18.788	3	1
2003	2016-01-15 15:40:46.604	3	1
2004	2016-01-18 09:37:17.149	2	1
2005	2016-01-18 13:41:47.029	2	1
2006	2016-01-18 14:39:57.36	2	1
2007	2016-01-19 12:30:05.953	2	1
2008	2016-01-20 10:38:10.846	2	1
2009	2016-01-20 10:41:05.816	2	2
2010	2016-01-20 11:20:52.545	2	1
2011	2016-01-20 12:32:00.967	3	1
2012	2016-01-20 12:32:04.816	3	2
2013	2016-01-20 13:33:36.287	2	1
2014	2016-01-20 14:09:45.856	2	1
2015	2016-01-21 09:00:05.978	2	1
2016	2016-01-21 09:16:00.464	2	1
2017	2016-01-21 11:56:16.355	2	1
2018	2016-01-21 12:37:53.279	2	1
2019	2016-01-21 12:54:10.565	2	1
2020	2016-01-21 14:06:25.69	2	1
2021	2016-01-22 07:13:05.09	2	1
2022	2016-01-22 12:07:09.49	3	1
2023	2016-01-25 14:38:43.769	2	1
2024	2016-01-26 07:15:28.821	2	1
2025	2016-01-26 07:15:34.685	2	1
2026	2016-01-26 08:10:02.378	2	1
2027	2016-01-26 11:25:19.347	2	1
2028	2016-01-26 12:37:10.51	2	1
2029	2016-01-26 13:05:50.213	2	1
2030	2016-01-26 13:32:13.795	2	1
2031	2016-01-26 15:33:13.119	2	1
2032	2016-01-28 08:01:54.523	4	1
2033	2016-01-29 09:38:57.08	2	1
2034	2016-01-29 09:39:02.514	2	1
2035	2016-01-29 11:09:01.411	4	1
2036	2016-01-29 11:09:10.381	4	1
2037	2016-01-29 14:02:19.717	4	1
2038	2016-02-01 08:02:55.605	4	1
2039	2016-02-01 08:42:35.042	4	1
2040	2016-02-02 08:09:46.493	4	1
2041	2016-02-02 09:26:28.523	4	1
2042	2016-02-02 10:38:50.167	4	1
2043	2016-02-02 12:33:25.954	3	1
2044	2016-02-02 13:15:38.334	4	1
2045	2016-02-02 14:20:12.521	3	1
2046	2016-02-03 07:53:16.946	4	1
2047	2016-02-03 08:17:56.593	2	1
2048	2016-02-03 09:20:40.103	4	1
2049	2016-02-03 10:24:35.669	4	1
2050	2016-02-03 10:34:46.42	2	1
2051	2016-02-03 11:28:50.678	4	1
2052	2016-02-03 13:04:27.516	4	1
2053	2016-02-03 13:43:56.24	2	1
2054	2016-02-03 13:52:10.602	3	1
2055	2016-02-03 15:07:23.929	6	1
2056	2016-02-03 15:07:51.308	2	1
2057	2016-02-03 17:47:16.304	3	1
2058	2016-02-04 08:58:59.294	4	1
2059	2016-02-04 09:00:10.154	4	1
2060	2016-02-04 09:01:05.256	2	1
2061	2016-02-04 10:27:17.834	4	1
2062	2016-02-04 11:03:58.776	2	1
2063	2016-02-04 11:15:28.492	4	1
2064	2016-02-04 11:59:50.002	3	1
2065	2016-02-04 13:49:58.401	3	1
2066	2016-02-04 13:56:37.473	2	1
2067	2016-02-04 15:29:21.049	2	1
2068	2016-02-05 07:45:10.931	2	1
2069	2016-02-05 08:01:20.933	4	1
2070	2016-02-05 08:01:29.348	2	1
2071	2016-02-05 09:11:32.126	2	1
2072	2016-02-05 14:53:06.956	3	1
2073	2016-02-08 11:20:08.407	4	1
2074	2016-02-08 11:20:08.937	2	1
2075	2016-02-08 12:08:12.975	2	1
2076	2016-02-08 13:27:14.148	2	1
2077	2016-02-08 13:27:49.102	4	1
2078	2016-02-08 13:42:23.932	2	1
2079	2016-02-09 07:39:49.752	4	1
2080	2016-02-09 08:02:17.418	4	1
2081	2016-02-09 08:39:05.427	4	1
2082	2016-02-09 14:22:28.613	4	1
2083	2016-02-09 15:24:58.286	4	1
2084	2016-02-10 07:57:19.212	4	1
2085	2016-02-10 13:15:13.837	2	1
2086	2016-02-10 13:56:57.401	4	1
2087	2016-02-10 14:08:14.648	2	1
2088	2016-02-10 14:49:41.004	2	1
2089	2016-02-11 08:48:30.18	2	1
2090	2016-02-11 09:35:18.114	2	1
2091	2016-02-11 11:18:36.232	2	1
2092	2016-02-11 12:13:09.79	2	1
2093	2016-02-11 13:02:24.909	2	1
2094	2016-02-11 13:19:44.518	2	1
2095	2016-02-11 15:23:13.941	4	1
2096	2016-02-11 15:23:16.608	4	1
2097	2016-02-12 07:15:21.676	2	1
2098	2016-02-12 08:31:51.661	2	1
2099	2016-02-12 09:10:39.082	4	1
2100	2016-02-12 09:28:18.614	6	1
2101	2016-02-12 11:15:01.575	4	1
2102	2016-02-12 11:23:37.774	2	1
2103	2016-02-12 11:40:39.803	4	1
2104	2016-02-12 12:07:46.229	2	1
2105	2016-02-12 12:09:57.073	6	1
2106	2016-02-12 12:12:22.644	6	2
2107	2016-02-12 12:12:29.561	4	2
2108	2016-02-12 14:13:13.445	3	1
2109	2016-02-15 11:43:24.547	2	1
2110	2016-02-15 12:46:02.549	2	1
2111	2016-02-15 13:00:51.336	2	1
2112	2016-02-15 15:05:10.643	2	1
2114	2016-02-17 14:03:24.774	4	1
2115	2016-02-18 07:54:39.273	4	1
2116	2016-02-18 11:14:53.899	4	1
2117	2016-02-18 11:49:46.722	4	1
2118	2016-02-19 09:33:26.985	4	1
2119	2016-02-19 10:38:59.965	4	1
2120	2016-02-19 10:39:25.36	4	1
2121	2016-02-19 12:05:25.836	4	1
2122	2016-02-19 12:37:00.644	4	1
2123	2016-02-19 14:32:47.722	4	1
2124	2016-02-22 07:55:35.634	4	1
2125	2016-02-22 11:12:17.23	4	1
2126	2016-02-23 07:40:51.864	4	1
2127	2016-02-23 08:12:22.604	4	2
2129	2016-02-23 11:00:45.798	4	1
2130	2016-02-23 11:34:29.473	8	1
2131	2016-02-23 11:46:33.912	2	1
2132	2016-02-23 11:47:15.457	8	1
2133	2016-02-23 12:37:06.341	2	1
2134	2016-02-23 14:08:16.275	2	1
2135	2016-02-23 14:12:35.213	4	1
2136	2016-02-23 14:43:41.009	8	1
2137	2016-02-24 08:08:57.623	4	1
2138	2016-02-24 08:51:17.663	2	1
2139	2016-02-24 08:51:55.278	8	1
2140	2016-02-24 09:06:46.146	4	1
2141	2016-02-24 09:07:17.523	2	1
2142	2016-02-24 09:35:03.353	2	1
2143	2016-02-24 10:26:34.184	4	1
2144	2016-02-24 11:04:24.224	2	1
2145	2016-02-24 11:05:01.055	8	2
2146	2016-02-24 11:10:45.634	8	1
2147	2016-02-24 11:37:54.482	4	1
2148	2016-02-24 11:38:06.019	2	1
2149	2016-02-24 11:47:50.275	8	1
2150	2016-02-24 12:06:48.354	8	1
2151	2016-02-24 13:09:24.634	2	1
2152	2016-02-24 13:12:25.651	8	1
2154	2016-02-24 13:12:33.851	4	1
2155	2016-02-24 13:42:22.024	8	1
2156	2016-02-24 13:56:25.635	2	1
2157	2016-02-24 14:01:35.417	4	1
2158	2016-02-24 14:47:11.11	2	1
2159	2016-02-24 15:21:47.094	4	1
2160	2016-02-25 08:55:27.136	8	1
2161	2016-02-25 09:35:04.276	4	1
2162	2016-02-25 09:35:21.268	4	1
2163	2016-02-25 10:39:31.92	4	1
2164	2016-02-25 12:46:35.745	4	1
2165	2016-02-25 13:37:09.164	4	1
2167	2016-02-25 13:59:04.657	8	1
2168	2016-02-25 14:01:42.108	8	2
2169	2016-02-25 14:07:12.109	8	1
2170	2016-02-26 07:48:39.099	4	1
2171	2016-02-26 10:43:16.302	8	1
2172	2016-02-26 10:45:12.851	8	2
2173	2016-02-26 11:26:39.833	4	1
2174	2016-02-26 12:45:39.827	4	1
2175	2016-02-29 12:06:49.564	8	1
2176	2016-02-29 12:53:38.326	8	1
2177	2016-02-29 13:09:59.132	8	1
2178	2016-02-29 14:22:32.059	6	1
2179	2016-02-29 14:22:35.122	6	1
2180	2016-02-29 14:48:06.881	8	1
2181	2016-03-01 07:52:37.613	8	1
2182	2016-03-01 08:10:57.818	4	1
2183	2016-03-01 08:11:02.249	4	2
2184	2016-03-01 10:44:22.283	4	1
2185	2016-03-01 10:48:40.956	8	1
2186	2016-03-01 11:06:46.296	6	1
2187	2016-03-01 12:28:43.388	8	1
2188	2016-03-01 12:54:09.51	4	1
2189	2016-03-01 14:11:04.635	8	1
2190	2016-03-01 14:14:45.15	8	2
2191	2016-03-01 14:19:17.113	8	1
2192	2016-03-02 06:56:08.885	2	1
2193	2016-03-02 07:57:31.339	4	1
2194	2016-03-02 11:42:51.137	6	1
2195	2016-03-02 11:44:01.67	4	1
2196	2016-03-02 11:46:03.675	6	2
2197	2016-03-02 16:01:09.719	2	1
2198	2016-03-03 13:32:11.085	8	1
2199	2016-03-03 13:36:01.574	8	2
2200	2016-03-03 13:41:05.515	8	1
2201	2016-03-03 15:15:04.31	6	1
2202	2016-03-04 13:00:27.183	8	1
2203	2016-03-04 13:09:37.844	8	1
2204	2016-03-07 06:58:30.534	4	1
2205	2016-03-07 08:25:06.455	6	1
2206	2016-03-07 08:51:03.743	4	1
2207	2016-03-07 12:49:35.158	6	1
2208	2016-03-07 12:49:45.298	6	1
2209	2016-03-07 14:00:52.637	4	1
2210	2016-03-08 06:43:58.915	4	1
2211	2016-03-09 06:32:24.132	4	1
2212	2016-03-09 10:30:36.388	4	1
2213	2016-03-09 12:21:08.167	6	1
2214	2016-03-10 12:10:17.902	8	1
2215	2016-03-10 12:14:46.34	8	1
2216	2016-03-10 14:43:19.812	4	1
2217	2016-03-11 06:49:42.859	8	1
2218	2016-03-11 12:05:06.862	4	1
2219	2016-03-11 12:47:55.766	2	4
2220	2016-03-11 12:48:00.104	2	2
2221	2016-03-14 07:34:46.354	6	1
2222	2016-03-14 11:15:19.989	4	1
2223	2016-03-14 11:16:12.585	8	1
2224	2016-03-14 11:20:21.443	8	2
2225	2016-03-14 12:12:38.241	8	1
2226	2016-03-14 12:48:14.785	4	1
2228	2016-03-14 12:48:51.135	2	1
2229	2016-03-14 13:51:22.079	8	1
2230	2016-03-14 14:31:52.803	8	1
2231	2016-03-15 08:02:13.973	4	1
2232	2016-03-15 08:02:43.989	2	1
2233	2016-03-15 08:37:54.077	8	1
2234	2016-03-15 08:58:42.283	4	1
2235	2016-03-15 14:27:05.508	8	1
2236	2016-03-15 14:59:39.12	2	1
2237	2016-03-16 11:14:52.733	8	1
2238	2016-03-16 11:47:46.427	2	1
2239	2016-03-16 12:37:59.776	2	1
2240	2016-03-16 13:33:25.93	8	1
2241	2016-03-16 13:35:35.595	8	2
2242	2016-03-17 09:27:20.992	8	1
2243	2016-03-17 10:37:41.558	8	1
2244	2016-03-17 12:02:06.033	8	1
2245	2016-03-17 12:20:46.11	8	1
2246	2016-03-17 12:34:36.425	4	1
2247	2016-03-17 12:35:01.832	8	1
2248	2016-03-18 12:39:11.275	4	1
2249	2016-03-18 14:38:25.49	2	1
2250	2016-03-21 11:47:59.386	8	1
2251	2016-03-21 13:52:41.362	2	1
2252	2016-03-23 08:41:11.563	8	1
2253	2016-03-23 08:50:23.709	8	1
2254	2016-03-23 10:43:05.585	8	1
2255	2016-03-23 10:45:11.565	8	2
2256	2016-03-29 07:39:15.013	8	1
2257	2016-03-29 12:36:53.944	8	1
2258	2016-03-29 13:16:48.848	8	1
2259	2016-03-29 14:48:13.97	4	1
2260	2016-03-29 14:49:08.037	8	1
2261	2016-03-29 15:02:59.576	4	1
2262	2016-03-29 16:10:03.57	4	1
2263	2016-03-29 17:01:19.416	4	1
2264	2016-03-30 07:13:05.373	4	1
2265	2016-03-30 08:48:03.919	4	1
2266	2016-03-30 10:41:51.826	4	1
2267	2016-03-30 12:30:43.341	4	1
2268	2016-03-30 12:52:18.634	8	1
2269	2016-03-31 06:04:50.367	2	1
2270	2016-03-31 07:12:38.006	4	1
2271	2016-03-31 08:55:31.612	4	1
2272	2016-03-31 11:39:28.663	8	1
2273	2016-03-31 13:39:00.548	8	1
2274	2016-03-31 13:51:14.506	8	1
2275	2016-04-01 08:43:37.169	8	1
2276	2016-04-01 10:10:00.834	4	1
2277	2016-04-01 11:03:16.041	2	1
2278	2016-04-01 11:03:18.847	4	1
2279	2016-04-01 11:10:14.537	8	1
2280	2016-04-01 11:51:23.645	4	1
2281	2016-04-01 13:01:23.196	4	1
2282	2016-04-04 06:11:57.383	4	1
2283	2016-04-04 07:00:25.327	4	1
2284	2016-04-04 07:45:08.712	4	2
2285	2016-04-04 07:52:38.879	8	1
2286	2016-04-04 09:27:07.358	4	1
2287	2016-04-05 07:00:08.842	4	1
2288	2016-04-05 07:29:45.758	4	1
2289	2016-04-06 08:44:18.649	8	1
2290	2016-04-06 09:30:22.688	4	1
2291	2016-04-06 11:33:38.792	4	1
2292	2016-04-07 06:54:47.776	4	1
2293	2016-04-07 08:44:49.832	4	1
2294	2016-04-07 11:37:37.719	2	1
2295	2016-04-07 11:49:37.886	4	1
2296	2016-04-07 13:09:36.542	4	1
2297	2016-04-08 06:54:58.593	4	1
2298	2016-04-08 07:20:09.504	4	1
2299	2016-04-08 08:19:19.616	2	1
2300	2016-04-08 08:20:47.479	4	1
2301	2016-04-08 11:14:15.478	4	1
2302	2016-04-08 12:32:35.438	2	1
2303	2016-04-08 12:32:39.033	4	1
2304	2016-04-08 13:58:08.95	2	1
2305	2016-04-11 08:40:36.43	4	1
2306	2016-04-11 09:36:05.277	4	1
2307	2016-04-11 12:52:47.67	4	1
2308	2016-04-11 12:52:58.942	2	1
2309	2016-04-13 10:56:16.817	4	1
2310	2016-04-13 11:38:31.002	4	1
2311	2016-04-13 11:46:08.003	4	1
2312	2016-04-14 08:00:47.902	4	1
2313	2016-04-14 08:00:49.184	2	1
2314	2016-04-14 08:45:48.868	4	1
2315	2016-04-14 09:52:07.11	4	1
2316	2016-04-14 11:59:49.514	4	1
2317	2016-04-18 06:59:05.375	4	1
2318	2016-04-18 08:09:40.004	4	1
2319	2016-04-18 10:06:42.613	4	1
2320	2016-04-18 10:39:01.174	2	1
2321	2016-04-18 10:46:37.542	8	1
2322	2016-04-18 10:48:56.889	8	2
2323	2016-04-18 11:33:30.075	4	1
2324	2016-04-18 11:37:43.413	2	1
2325	2016-04-20 11:33:09.754	2	1
2326	2016-04-22 08:51:32.36	4	1
2327	2016-04-22 09:30:53.013	4	1
2328	2016-04-22 09:51:35.654	4	2
2329	2016-04-22 09:52:26.127	8	1
2330	2016-04-22 11:38:07.393	2	1
2332	2016-04-25 06:00:55.778	4	1
2333	2016-04-25 07:42:57.268	3	1
2334	2016-04-25 11:58:07.726	3	1
2335	2016-04-26 08:15:39.748	3	1
2336	2016-04-26 12:52:25.397	3	1
2337	2016-04-27 11:49:06.87	2	1
2338	2016-04-27 12:00:59.208	3	1
2339	2016-04-28 07:48:00.13	2	1
2340	2016-04-28 12:07:49.768	4	1
2341	2016-04-28 13:18:59.257	4	1
2342	2016-04-29 06:01:13.877	4	1
2343	2016-04-29 06:35:15.605	4	1
2344	2016-04-29 07:03:43.328	2	1
2345	2016-04-29 07:03:47.874	4	1
2346	2016-04-29 07:38:20.409	2	1
2347	2016-04-29 09:44:33.355	4	1
2348	2016-04-29 10:58:36.538	2	1
2349	2016-04-29 12:41:01.059	4	1
2350	2016-04-30 13:53:46.201	3	1
2351	2016-05-02 08:00:53.927	4	1
2352	2016-05-02 09:41:23.215	4	1
2353	2016-05-02 12:09:32.717	4	1
2354	2016-05-03 07:02:41.26	4	1
2355	2016-05-03 07:52:22.781	4	1
2356	2016-05-03 09:56:11.064	4	1
2357	2016-05-03 11:37:00.491	4	1
2358	2016-05-03 14:15:43.875	3	1
2359	2016-05-04 06:51:12.683	4	1
2360	2016-05-06 08:29:55.77	3	1
2361	2016-05-06 10:48:39.969	8	1
2362	2016-05-09 09:48:05.8	4	1
2363	2016-05-09 10:02:20.72	4	1
2364	2016-05-09 12:04:17.031	4	1
2365	2016-05-10 05:56:35.303	4	1
2366	2016-05-10 06:35:22.87	4	1
2367	2016-05-10 06:36:51.707	2	1
2368	2016-05-10 08:05:29.116	4	1
2369	2016-05-10 14:01:15.284	4	1
2370	2016-05-10 14:06:23.886	2	1
2371	2016-05-11 06:56:35.107	4	1
2372	2016-05-11 11:38:13.162	4	1
2373	2016-05-11 12:53:29.977	4	1
2374	2016-05-12 08:13:02.526	4	1
2375	2016-05-12 09:40:37.684	4	1
2376	2016-05-12 12:18:40.983	4	1
2377	2016-05-12 13:26:11.201	4	1
2378	2016-05-12 14:14:26.536	3	1
2379	2016-05-13 06:47:16.015	4	1
2380	2016-05-13 07:14:10.812	4	1
2381	2016-05-13 10:10:10.949	4	1
2382	2016-05-13 11:37:00.492	4	1
2383	2016-05-13 12:15:29.799	4	1
2384	2016-05-18 06:38:09.066	4	1
2385	2016-05-18 10:03:01.872	4	1
2386	2016-05-19 06:54:31.03	4	1
2387	2016-05-19 12:08:09.13	4	1
2388	2016-05-19 16:40:49.249	3	1
2389	2016-05-20 06:22:47.834	2	1
2390	2016-05-20 07:53:37.409	4	1
2391	2016-05-20 10:36:37.312	2	1
2392	2016-05-20 10:46:37.793	4	1
2393	2016-05-20 14:05:36.495	2	1
2394	2016-05-20 15:45:58.443	3	1
2395	2016-05-23 08:42:25.271	3	1
2396	2016-05-23 10:49:01.212	2	1
2397	2016-05-23 12:04:58.906	3	1
2398	2016-05-24 11:43:21.073	3	1
2399	2016-05-24 14:33:37.048	4	1
2400	2016-05-24 14:47:57.013	3	1
2401	2016-05-24 14:59:08.657	4	1
2402	2016-05-24 15:53:35.801	4	1
2403	2016-05-25 05:57:38.18	4	1
2404	2016-05-25 07:55:30.064	4	1
2405	2016-05-25 11:22:31.446	4	1
2406	2016-05-25 13:20:56.742	3	1
2407	2016-05-25 13:28:55.028	4	1
2408	2016-05-25 13:31:16.798	2	1
2409	2016-05-26 07:01:51.579	4	1
2410	2016-05-26 07:06:38.523	4	1
2411	2016-05-26 11:45:51.279	4	1
2412	2016-05-26 13:25:08.553	2	1
2413	2016-05-26 13:25:23.724	8	1
2414	2016-05-26 13:29:17.268	3	1
2415	2016-05-26 15:31:01.854	4	1
2416	2016-05-27 07:03:37.241	4	1
2417	2016-05-27 07:53:16.137	2	1
2418	2016-05-27 07:53:21.021	4	1
2419	2016-05-27 11:15:12.852	4	1
2420	2016-05-27 11:45:21.031	4	1
2421	2016-05-27 12:29:56.175	2	1
2422	2016-05-27 12:35:07.699	3	1
2423	2016-05-30 10:06:56.554	4	1
2424	2016-05-30 11:25:53.419	4	1
2425	2016-05-30 11:37:36.789	2	1
2426	2016-05-30 13:58:19.222	2	1
2427	2016-05-31 06:07:05.414	2	1
2428	2016-05-31 10:23:15.219	4	1
2429	2016-05-31 10:42:23.436	4	1
2430	2016-05-31 11:33:35.101	4	1
2431	2016-05-31 11:35:05.557	2	1
2432	2016-05-31 12:41:50.264	4	1
2433	2016-06-01 08:09:10.51	4	1
2434	2016-06-01 10:21:42.346	4	1
2435	2016-06-02 06:30:32.732	2	1
2436	2016-06-02 07:55:41.698	3	1
2437	2016-06-02 10:10:43.031	4	1
2438	2016-06-02 11:56:33.463	2	1
2439	2016-06-02 13:23:30.306	4	1
2440	2016-06-03 07:50:29.269	2	1
2441	2016-06-06 07:01:51.387	4	1
2442	2016-06-06 07:02:15.983	4	1
2443	2016-06-06 07:59:00.487	4	1
2444	2016-06-06 08:44:20.297	4	1
2445	2016-06-06 10:39:29.925	4	1
2446	2016-06-06 11:19:01.358	4	1
2447	2016-06-06 11:30:29.432	2	1
2448	2016-06-06 12:47:41.919	4	1
2449	2016-06-06 14:05:25.323	4	1
2450	2016-06-07 08:27:21.788	2	1
2451	2016-06-07 10:36:47.841	2	1
2452	2016-06-07 12:41:45.462	2	1
2453	2016-06-07 13:57:18.749	2	1
2454	2016-06-08 12:09:27.763	2	1
2455	2016-06-08 14:13:56.043	2	1
2456	2016-06-09 10:36:51.194	2	1
2457	2016-06-09 11:02:44.884	2	1
2458	2016-06-10 05:42:01.788	4	1
2459	2016-06-10 06:05:35.766	4	1
2460	2016-06-10 06:56:40.546	4	1
2461	2016-06-10 07:47:43.128	4	1
2462	2016-06-10 07:47:43.231	2	1
2463	2016-06-10 08:44:13.06	2	1
2464	2016-06-10 09:43:31.147	4	1
2465	2016-06-10 10:34:56.976	4	1
2466	2016-06-10 10:35:01.756	2	1
2467	2016-06-10 12:22:15.015	4	1
2468	2016-06-10 12:22:15.31	2	1
2469	2016-06-10 14:18:07.116	2	1
2470	2016-06-13 12:30:40.03	2	1
2471	2016-06-13 12:45:04.164	2	1
2472	2016-06-14 07:00:25.67	2	1
2473	2016-06-14 08:04:22.216	2	1
2474	2016-06-14 10:24:48.747	2	1
2475	2016-06-14 10:31:41.603	4	1
2476	2016-06-14 10:32:49.904	8	1
2477	2016-06-14 10:38:05.948	8	1
2478	2016-06-14 10:54:00.441	4	1
2479	2016-06-14 11:33:46.394	4	1
2480	2016-06-14 11:36:36.13	2	1
2481	2016-06-14 13:50:31.695	2	1
2482	2016-06-15 06:54:10.791	4	1
2483	2016-06-15 07:10:05.431	2	1
2484	2016-06-15 10:05:12.591	4	1
2485	2016-06-15 11:21:25.746	8	1
2486	2016-06-15 12:26:35.876	2	1
2487	2016-06-15 13:06:15.413	2	1
2488	2016-06-16 10:09:01.626	4	1
2489	2016-06-16 10:09:03.003	4	1
2490	2016-06-16 11:32:53.068	4	1
2491	2016-06-16 13:27:20.641	2	1
2492	2016-06-17 06:01:33.58	4	1
2493	2016-06-17 06:21:21.326	2	1
2494	2016-06-17 06:28:52.203	4	1
2495	2016-06-17 06:54:04.218	4	1
2496	2016-06-17 11:50:25.307	4	1
2497	2016-06-20 05:26:38.055	4	1
2498	2016-06-20 06:21:37.251	4	1
2499	2016-06-20 06:32:26.333	2	1
2500	2016-06-20 06:58:40.796	4	1
2501	2016-06-20 08:40:35.502	4	1
2502	2016-06-20 09:34:38.782	4	1
2503	2016-06-20 10:57:38.089	4	1
2504	2016-06-20 13:39:53.123	2	1
2505	2016-06-21 05:21:23.969	4	1
2506	2016-06-21 05:31:19.542	2	1
2507	2016-06-21 05:50:55.804	4	1
2508	2016-06-21 08:15:59.505	2	1
2509	2016-06-21 11:34:49.744	2	1
2510	2016-06-22 06:22:24.419	4	1
2511	2016-06-22 09:12:42.218	4	1
2512	2016-06-22 11:36:39.005	2	1
2513	2016-06-22 12:31:13.43	2	1
2514	2016-06-22 14:01:58.045	2	1
2515	2016-06-23 06:20:30.227	4	1
2516	2016-06-23 07:05:45.89	2	1
2517	2016-06-23 07:22:23.897	4	1
2518	2016-06-23 08:43:57.953	4	1
2519	2016-06-23 13:58:38.139	2	1
2520	2016-06-27 10:36:01.829	4	1
2521	2016-06-27 11:44:04.375	4	1
2522	2016-06-29 07:58:25.547	4	1
2523	2016-06-29 08:14:05.741	4	1
2524	2016-06-29 09:38:08.59	4	1
2525	2016-06-29 11:03:39.235	4	1
2526	2016-06-29 11:59:58.298	4	1
2527	2016-06-30 10:46:01.976	4	1
2528	2016-06-30 11:43:26.785	4	1
2529	2016-06-30 12:25:45.728	4	1
2530	2016-07-11 08:21:08.273	2	1
2531	2016-07-14 06:02:43.217	2	1
2532	2016-07-18 09:47:47.184	4	1
2533	2016-07-18 10:13:24.691	4	1
2534	2016-07-18 10:53:52.301	4	1
2535	2016-07-18 11:36:15.897	2	1
2536	2016-07-18 11:37:00.501	4	1
2537	2016-07-18 11:39:15.401	8	1
2538	2016-07-18 13:13:26.531	2	1
2539	2016-07-20 06:27:18.637	2	1
2540	2016-07-20 08:48:53.974	8	1
2541	2016-07-20 08:50:08.402	4	1
2542	2016-07-20 08:55:02.091	2	1
2543	2016-07-20 08:59:11.025	1	1
2544	2016-07-20 09:08:08.58	4	1
2545	2016-07-20 09:52:06.824	4	1
2546	2016-07-20 10:13:16.178	4	1
2547	2016-07-20 12:11:23.22	4	1
2548	2016-07-20 12:47:51.533	4	1
2549	2016-07-20 13:04:26.058	2	1
2550	2016-07-21 06:24:54.515	2	1
2551	2016-07-21 11:16:14.689	2	1
2552	2016-07-21 11:36:27.982	2	1
2553	2016-07-21 11:36:39.237	1	1
2554	2016-07-21 11:36:40.414	1	1
2556	2016-07-21 12:15:11.192	2	1
2557	2016-07-21 12:15:49.676	1	1
2558	2016-07-21 13:40:43.853	2	1
2559	2016-07-22 07:49:55.496	2	1
2560	2016-07-22 08:49:31.566	2	1
2561	2016-07-22 11:45:57.457	1	1
2562	2016-07-22 11:47:16.774	8	1
2563	2016-07-22 12:20:32.007	2	1
2564	2016-07-22 12:45:38.368	2	1
2565	2016-07-22 12:45:43.1	1	1
2566	2016-07-22 12:46:27.036	8	1
2567	2016-07-25 06:19:32.985	4	1
2568	2016-07-25 07:35:31.607	4	1
2569	2016-07-26 07:58:44.587	4	1
2570	2016-07-26 08:22:36.6	4	1
2571	2016-07-26 10:06:10.211	4	1
2572	2016-07-26 11:00:41.761	4	1
2573	2016-07-26 11:33:45.098	4	1
2574	2016-07-26 13:22:23.239	4	1
2575	2016-07-26 13:30:13.269	4	1
2576	2016-07-26 13:52:21.926	4	1
2577	2016-07-26 13:52:50.55	8	1
2578	2016-07-27 12:24:41.109	8	1
2579	2016-08-02 10:03:38.229	4	1
2580	2016-08-06 23:26:06.05	4	1
2581	2016-08-06 23:43:16.271	4	1
2582	2016-08-08 10:29:51.328	4	1
2583	2016-08-08 11:30:41.782	4	1
2584	2016-08-08 11:33:47.446	4	1
2585	2016-08-09 07:43:33.033	4	1
2586	2016-08-09 08:46:29.728	4	1
2587	2016-08-09 09:28:35.75	4	1
2588	2016-08-09 10:19:39.185	2	1
2589	2016-08-09 10:19:41.913	4	1
2590	2016-08-09 10:19:47.138	1	1
2591	2016-08-09 11:24:09.292	4	1
2592	2016-08-09 12:03:20.025	4	1
2593	2016-08-09 12:36:12.877	2	1
2594	2016-08-10 06:33:06.295	2	1
2595	2016-08-10 09:38:00.93	4	1
2596	2016-08-10 10:01:53.957	4	1
2597	2016-08-10 10:02:10.751	2	1
2598	2016-08-10 10:12:28.592	2	1
2599	2016-08-10 11:15:18.843	2	1
2600	2016-08-10 11:37:00.835	4	1
2601	2016-08-10 12:00:13.987	2	1
2602	2016-08-10 12:25:25.14	2	1
2603	2016-08-11 07:12:03.54	4	1
2604	2016-08-11 07:49:12.724	4	1
2605	2016-08-11 07:49:27.822	2	1
2606	2016-08-11 07:59:21.786	2	1
2607	2016-08-11 08:14:57.272	2	1
2608	2016-08-11 08:45:50.28	4	1
2609	2016-08-11 08:49:26.174	2	1
2610	2016-08-11 09:24:31.666	1	1
2611	2016-08-11 09:32:18.296	2	1
2612	2016-08-11 10:20:43.914	2	1
2613	2016-08-11 10:47:45.761	2	1
2614	2016-08-11 11:42:22.89	2	1
2615	2016-08-11 11:48:21.069	4	1
2616	2016-08-12 06:49:25.608	2	1
2617	2016-08-12 07:14:53.381	2	1
2618	2016-08-12 07:36:07.279	2	1
2619	2016-08-12 07:59:04.079	2	1
2620	2016-08-12 08:09:11.633	4	1
2621	2016-08-12 08:46:05.358	4	1
2622	2016-08-12 11:03:36.253	2	1
2623	2016-08-12 11:45:57.578	2	1
2624	2016-08-12 11:48:54.241	4	1
2625	2016-08-12 12:27:04.342	4	1
2626	2016-08-12 12:40:44.786	4	1
2627	2016-08-12 13:01:30.984	2	1
2628	2016-08-15 06:41:46.67436	2	1
2629	2016-08-15 07:07:27.649832	4	1
2630	2016-08-15 09:37:38.136013	1	1
2631	2016-08-15 10:23:12.472052	4	1
2632	2016-08-15 10:29:35.634971	1	1
2633	2016-08-15 10:30:43.806004	4	1
2634	2016-08-15 10:39:07.398124	4	1
2635	2016-08-15 11:08:57.824289	2	1
2636	2016-08-15 11:34:30.896808	4	1
2637	2016-08-15 13:03:03.219964	4	1
2638	2016-08-15 13:27:03.137301	2	1
2639	2016-08-15 14:48:24.865859	1	1
2641	2016-08-16 05:16:17.573027	4	1
2642	2016-08-16 05:28:46.565245	2	1
2643	2016-08-16 05:48:59.646662	4	1
2644	2016-08-16 06:18:44.97414	4	1
2646	2016-08-16 06:45:36.626112	4	1
2647	2016-08-16 07:00:21.117987	1	1
2649	2016-08-16 07:08:17.279864	1	2
2650	2016-08-16 08:25:46.104046	1	2
2651	2016-08-16 09:55:12.319404	4	1
2652	2016-08-16 09:55:44.906878	2	1
2653	2016-08-16 10:08:34.849212	1	1
2656	2016-08-16 11:39:16.435394	4	1
2657	2016-08-16 12:25:44.727095	1	1
2658	2016-08-16 13:34:36.472018	4	1
2659	2016-08-16 15:02:34.700943	1	1
2660	2016-08-17 07:02:30.573201	4	1
2661	2016-08-17 07:12:51.25894	1	1
2662	2016-08-17 07:13:14.189484	4	1
2663	2016-08-17 08:49:13.609319	4	1
2664	2016-08-17 10:54:30.595619	2	1
2666	2016-08-17 12:02:43.776116	1	1
2667	2016-08-17 12:09:43.730848	2	1
2668	2016-08-17 12:46:16.876301	1	2
2669	2016-08-18 07:35:23.770744	2	1
2670	2016-08-18 08:30:40.709487	1	1
2671	2016-08-18 10:55:30.796448	1	1
\.

--
-- Data for Name: type; Type: TABLE DATA; Schema: public; Owner: -
--

COPY type (id, name, amount) FROM stdin;
1	Ordinr	2
2	Singel bonusfrisk	1
4	Flygefrisk	1
\.


--
-- Data for Name: user; Type: TABLE DATA; Schema: public; Owner: -
--

COPY "user" (id, first_name, last_name, username, email) FROM stdin;
5	Dag Einar	Kjakan	kjakan	\N
6	David	Kristensen	daWeed	\N
7	Christian	Gjerde Jensen	blanco	\N
8	Aleksi Miikkael	Luukkonen	barbee	\N
1	Knut	Knuffern	knuffern	knut.neksa@gmail.com
3	Simen	Drusern	drusern	simenw.anderson@gmail.com
2	Anders	Playboy	playboy	anders.moe@gmail.com
4	Mikkel	Mikkelback	mikkelback	deepskygazer@gmail.com
\.


--
-- Name: user_id_seq; Type: SEQUENCE SET; Schema: public; Owner: -
--

SELECT pg_catalog.setval('user_id_seq', 7, true);


--
-- Name: consume_log_pkey; Type: CONSTRAINT; Schema: public; Owner: -
--

ALTER TABLE ONLY log
    ADD CONSTRAINT consume_log_pkey PRIMARY KEY (id);


--
-- Name: frisk_consume_type_pkey; Type: CONSTRAINT; Schema: public; Owner: -
--

ALTER TABLE ONLY type
    ADD CONSTRAINT frisk_consume_type_pkey PRIMARY KEY (id);

--
-- Name: user_email_key; Type: CONSTRAINT; Schema: public; Owner: -
--

ALTER TABLE ONLY "user"
    ADD CONSTRAINT user_email_key UNIQUE (email);


--
-- Name: user_pkey; Type: CONSTRAINT; Schema: public; Owner: -
--

ALTER TABLE ONLY "user"
    ADD CONSTRAINT user_pkey PRIMARY KEY (id);

--
-- Name: consume_type_id_fk; Type: FK CONSTRAINT; Schema: public; Owner: -
--

ALTER TABLE ONLY log
    ADD CONSTRAINT consume_type_id_fk FOREIGN KEY (type_id) REFERENCES type(id);


--
-- Name: user_id_fk; Type: FK CONSTRAINT; Schema: public; Owner: -
--

ALTER TABLE ONLY log
    ADD CONSTRAINT user_id_fk FOREIGN KEY (user_id) REFERENCES "user"(id);


--
-- PostgreSQL database dump complete
--

