--
-- PostgreSQL database dump
--

-- Dumped from database version 9.3.9
-- Dumped by pg_dump version 9.5.3

SET statement_timeout = 0;
SET lock_timeout = 0;
SET client_encoding = 'UTF8';
SET standard_conforming_strings = on;
SET check_function_bodies = false;
SET client_min_messages = warning;
SET row_security = off;

SET search_path = public, pg_catalog;

SET default_tablespace = '';

SET default_with_oids = false;

--
-- Name: consume_log; Type: TABLE; Schema: public; Owner: -
--

CREATE TABLE consume_log (
    id integer NOT NULL,
    date timestamp without time zone NOT NULL,
    user_id integer NOT NULL,
    flavour_id integer NOT NULL,
    consume_type_id integer NOT NULL,
    project_id integer NOT NULL
);


--
-- Name: consume_log_id_seq; Type: SEQUENCE; Schema: public; Owner: -
--

CREATE SEQUENCE consume_log_id_seq
    START WITH 1
    INCREMENT BY 1
    NO MINVALUE
    NO MAXVALUE
    CACHE 1;


--
-- Name: consume_log_id_seq; Type: SEQUENCE OWNED BY; Schema: public; Owner: -
--

ALTER SEQUENCE consume_log_id_seq OWNED BY consume_log.id;


--
-- Name: flavour; Type: TABLE; Schema: public; Owner: -
--

CREATE TABLE flavour (
    id integer NOT NULL,
    flavour character varying(254) NOT NULL,
    description character varying(254) NOT NULL
);


--
-- Name: flavour_id_seq; Type: SEQUENCE; Schema: public; Owner: -
--

CREATE SEQUENCE flavour_id_seq
    START WITH 1
    INCREMENT BY 1
    NO MINVALUE
    NO MAXVALUE
    CACHE 1;


--
-- Name: flavour_id_seq; Type: SEQUENCE OWNED BY; Schema: public; Owner: -
--

ALTER SEQUENCE flavour_id_seq OWNED BY flavour.id;


--
-- Name: frisk_consume_type; Type: TABLE; Schema: public; Owner: -
--

CREATE TABLE frisk_consume_type (
    id integer NOT NULL,
    name character varying(254) NOT NULL,
    amount integer NOT NULL
);


--
-- Name: frisk_consume_type_id_seq; Type: SEQUENCE; Schema: public; Owner: -
--

CREATE SEQUENCE frisk_consume_type_id_seq
    START WITH 1
    INCREMENT BY 1
    NO MINVALUE
    NO MAXVALUE
    CACHE 1;


--
-- Name: frisk_consume_type_id_seq; Type: SEQUENCE OWNED BY; Schema: public; Owner: -
--

ALTER SEQUENCE frisk_consume_type_id_seq OWNED BY frisk_consume_type.id;


--
-- Name: project; Type: TABLE; Schema: public; Owner: -
--

CREATE TABLE project (
    id integer NOT NULL,
    name character varying(254) NOT NULL,
    start_time timestamp without time zone NOT NULL,
    end_time timestamp without time zone NOT NULL,
    description character varying(254) NOT NULL
);


--
-- Name: project_id_seq; Type: SEQUENCE; Schema: public; Owner: -
--

CREATE SEQUENCE project_id_seq
    START WITH 1
    INCREMENT BY 1
    NO MINVALUE
    NO MAXVALUE
    CACHE 1;


--
-- Name: project_id_seq; Type: SEQUENCE OWNED BY; Schema: public; Owner: -
--

ALTER SEQUENCE project_id_seq OWNED BY project.id;


--
-- Name: user; Type: TABLE; Schema: public; Owner: -
--

CREATE TABLE "user" (
    id integer NOT NULL,
    first_name character varying(254) NOT NULL,
    last_name character varying(254) NOT NULL,
    password character varying(254) NOT NULL,
    username character varying(254) NOT NULL
);


--
-- Name: user_id_seq; Type: SEQUENCE; Schema: public; Owner: -
--

CREATE SEQUENCE user_id_seq
    START WITH 1
    INCREMENT BY 1
    NO MINVALUE
    NO MAXVALUE
    CACHE 1;


--
-- Name: user_id_seq; Type: SEQUENCE OWNED BY; Schema: public; Owner: -
--

ALTER SEQUENCE user_id_seq OWNED BY "user".id;


--
-- Name: user_project; Type: TABLE; Schema: public; Owner: -
--

CREATE TABLE user_project (
    user_id integer NOT NULL,
    project_id integer NOT NULL
);


--
-- Name: id; Type: DEFAULT; Schema: public; Owner: -
--

ALTER TABLE ONLY consume_log ALTER COLUMN id SET DEFAULT nextval('consume_log_id_seq'::regclass);


--
-- Name: id; Type: DEFAULT; Schema: public; Owner: -
--

ALTER TABLE ONLY flavour ALTER COLUMN id SET DEFAULT nextval('flavour_id_seq'::regclass);


--
-- Name: id; Type: DEFAULT; Schema: public; Owner: -
--

ALTER TABLE ONLY frisk_consume_type ALTER COLUMN id SET DEFAULT nextval('frisk_consume_type_id_seq'::regclass);


--
-- Name: id; Type: DEFAULT; Schema: public; Owner: -
--

ALTER TABLE ONLY project ALTER COLUMN id SET DEFAULT nextval('project_id_seq'::regclass);


--
-- Name: id; Type: DEFAULT; Schema: public; Owner: -
--

ALTER TABLE ONLY "user" ALTER COLUMN id SET DEFAULT nextval('user_id_seq'::regclass);


--
-- Data for Name: consume_log; Type: TABLE DATA; Schema: public; Owner: -
--

COPY consume_log (id, date, user_id, flavour_id, consume_type_id, project_id) FROM stdin;
3	2015-02-24 15:08:35.665	2	3	1	2
4	2015-02-24 15:09:02.542	1	3	1	2
5	2015-02-24 15:09:06.706	4	3	1	2
6	2015-02-24 15:38:58.929	2	3	1	2
7	2015-02-25 08:53:20.704	1	3	2	2
8	2015-02-25 11:06:31.091	1	3	1	2
9	2015-02-25 11:06:36.373	2	3	1	2
10	2015-02-25 11:06:44.532	4	3	1	2
11	2015-02-25 11:06:59.947	3	3	1	2
12	2015-02-25 12:25:00.897	3	3	2	2
13	2015-02-25 13:01:04.21	2	3	1	2
14	2015-02-25 13:10:53.162	2	3	2	2
15	2015-02-25 13:17:21.954	2	3	1	2
16	2015-02-25 13:49:53.345	2	3	1	2
17	2015-02-25 13:57:00.285	2	3	2	2
18	2015-02-25 13:57:08.703	1	3	1	2
19	2015-02-25 13:57:47.001	3	3	1	2
20	2015-02-25 15:06:06.912	2	3	1	2
21	2015-02-25 15:31:17.019	4	3	2	2
22	2015-02-25 15:55:37.427	2	3	2	2
23	2015-02-26 07:38:14.137	2	3	1	2
24	2015-02-26 07:51:49.659	2	3	1	2
25	2015-02-26 09:39:09.747	4	3	1	2
26	2015-02-26 09:39:23.238	4	3	1	2
27	2015-02-26 09:39:57.431	1	3	1	2
28	2015-02-26 09:40:41.647	2	3	1	2
29	2015-02-26 11:10:16.339	2	3	1	2
30	2015-02-26 11:10:32.72	2	3	1	2
31	2015-02-26 11:10:34.918	1	3	1	2
32	2015-02-26 11:11:08.462	3	3	1	2
33	2015-02-26 14:01:35.025	3	3	2	2
34	2015-02-27 09:28:25.981	4	3	1	2
36	2015-02-27 12:53:35.67	3	3	1	2
37	2015-02-27 12:53:52.167	1	3	1	2
38	2015-03-02 12:32:05.604	2	3	1	2
39	2015-03-02 14:25:35.162	2	3	1	2
40	2015-03-02 14:59:33.142	2	3	1	2
41	2015-03-03 07:28:47.889	2	3	1	2
42	2015-03-03 08:11:29.258	2	3	1	2
43	2015-03-03 09:16:09.026	2	3	1	2
44	2015-03-03 09:16:24.373	1	3	1	2
45	2015-03-03 10:11:35.096	2	3	2	2
46	2015-03-03 13:41:28.474	2	3	1	2
47	2015-03-03 14:55:58.862	2	3	1	2
48	2015-03-03 15:23:46.191	2	3	2	2
49	2015-03-04 09:19:55.987	1	3	1	2
50	2015-03-04 13:17:57.603	2	3	1	2
51	2015-03-04 14:40:49.441	2	3	1	2
52	2015-03-04 15:47:04.006	3	3	1	2
53	2015-03-04 15:47:05.905	3	3	1	2
54	2015-03-04 15:47:07.547	3	3	1	2
55	2015-03-04 15:48:13.917	1	3	1	2
56	2015-03-04 16:02:23.159	1	3	2	2
59	2015-03-04 17:29:52.797	1	3	1	2
60	2015-03-05 11:07:50.457	4	3	1	2
61	2015-03-05 11:07:56.461	1	3	1	2
62	2015-03-05 11:18:55.555	1	3	2	2
63	2015-03-05 11:45:59.978	1	3	1	2
64	2015-03-05 12:06:54.352	1	3	2	2
65	2015-03-05 12:06:58.229	4	3	2	2
66	2015-03-05 12:07:25.222	3	3	1	2
67	2015-03-05 12:43:18.547	1	3	2	2
68	2015-03-05 15:47:59.715	2	3	1	2
69	2015-03-05 15:56:58.266	2	3	1	2
70	2015-03-05 16:16:28.31	2	3	1	2
71	2015-03-06 07:33:07.21	2	3	1	2
72	2015-03-06 07:50:40.963	2	3	2	2
73	2015-03-06 07:56:16.628	2	3	2	2
74	2015-03-06 09:44:44.526	2	3	1	2
76	2015-03-06 12:37:16.739	2	3	1	2
77	2015-03-06 13:35:42.696	2	3	1	2
78	2015-03-08 13:51:53.364	1	3	1	2
79	2015-03-08 13:51:55.77	1	3	1	2
80	2015-03-08 13:52:14.034	3	3	1	2
81	2015-03-09 07:56:45.76	2	3	1	2
82	2015-03-09 08:04:26.233	4	3	1	2
83	2015-03-09 08:04:28.064	4	3	1	2
84	2015-03-09 08:04:29.748	4	3	1	2
85	2015-03-09 08:20:11.663	1	3	1	2
86	2015-03-09 10:16:56.346	1	3	1	2
87	2015-03-09 11:05:12.236	3	3	1	2
88	2015-03-09 12:00:20.132	2	3	1	2
89	2015-03-09 12:00:25.637	1	3	1	2
90	2015-03-09 12:54:19.837	2	3	1	2
91	2015-03-09 13:43:10.536	2	3	1	2
92	2015-03-09 15:02:37.576	2	3	1	2
93	2015-03-09 15:25:52.73	4	3	2	2
94	2015-03-10 07:53:43.426	2	3	1	2
95	2015-03-10 07:56:31.929	4	3	1	2
96	2015-03-10 09:16:13.491	2	3	1	2
97	2015-03-10 10:55:47.972	2	3	1	2
98	2015-03-10 10:55:51.37	1	3	1	2
99	2015-03-10 10:55:52.295	4	3	1	2
100	2015-03-10 12:07:54.93	3	3	1	2
101	2015-03-10 14:43:54.206	2	3	1	2
102	2015-03-11 08:29:04.375	2	3	1	2
103	2015-03-12 08:06:21.314	4	3	1	2
104	2015-03-12 08:06:42.238	2	3	1	2
105	2015-03-12 08:43:39.905	2	3	1	2
106	2015-03-12 09:02:30.611	4	3	2	2
107	2015-03-12 09:13:48.235	4	3	1	2
108	2015-03-12 10:44:52.923	4	3	1	2
109	2015-03-12 11:03:04.95	2	3	1	2
110	2015-03-12 11:03:11.182	1	3	1	2
111	2015-03-12 11:48:38.065	1	3	2	2
112	2015-03-12 11:48:40.77	4	3	2	2
113	2015-03-12 12:24:16.515	2	3	1	2
114	2015-03-12 13:17:19.907	4	3	1	2
115	2015-03-12 17:37:49.879	1	3	1	2
116	2015-03-13 09:42:33.197	2	3	1	2
117	2015-03-13 11:39:28.068	2	3	1	2
118	2015-03-13 12:46:07.853	2	3	1	2
119	2015-03-13 13:54:27.771	2	3	1	2
120	2015-03-13 14:14:55.668	2	3	1	2
121	2015-03-16 07:28:52.901	2	3	1	2
122	2015-03-16 07:59:18.46	2	3	1	2
123	2015-03-16 08:00:33.81	4	3	1	2
124	2015-03-16 08:43:56.34	2	3	1	2
125	2015-03-16 12:35:40.197	4	3	1	2
126	2015-03-16 12:35:42.424	4	3	1	2
127	2015-03-17 08:03:01.489	4	3	1	2
128	2015-03-17 08:03:23.779	2	3	1	2
129	2015-03-17 08:20:06.308	1	3	1	2
130	2015-03-17 08:20:09.647	1	3	2	2
131	2015-03-17 08:20:13.765	1	3	2	2
132	2015-03-17 09:18:42.886	4	3	1	2
133	2015-03-17 09:26:08.521	2	3	1	2
134	2015-03-17 09:26:10.514	2	3	1	2
135	2015-03-17 09:26:51.118	2	3	1	2
136	2015-03-17 09:29:54.1	4	3	2	2
137	2015-03-17 14:50:12.941	2	3	1	2
138	2015-03-17 15:02:35.455	2	3	1	2
139	2015-03-18 07:26:03.266	2	3	1	2
140	2015-03-18 08:08:01.685	2	3	1	2
141	2015-03-18 08:36:13.678	2	3	1	2
142	2015-03-18 09:09:09.292	4	3	1	2
143	2015-03-18 09:16:10.51	2	3	1	2
209	2015-03-30 20:01:22.466	3	3	1	2
210	2015-03-31 07:28:28.03	2	3	1	2
211	2015-03-31 07:38:17.439	2	3	1	2
212	2015-03-31 08:09:17.694	3	3	1	2
213	2015-03-31 09:07:30.309	2	3	1	2
214	2015-03-31 09:58:23.59	4	3	1	2
215	2015-03-31 09:58:27.365	4	3	1	2
216	2015-03-31 09:58:38.302	4	3	1	2
217	2015-03-31 09:58:43.093	4	3	1	2
218	2015-03-31 09:58:53.895	4	3	1	2
219	2015-03-31 09:59:26.136	2	3	1	2
220	2015-03-31 14:47:53.932	2	3	1	2
221	2015-03-31 17:37:17.08	3	3	1	2
222	2015-04-01 06:50:27.707	2	3	1	2
223	2015-04-01 07:47:43.788	2	3	1	2
224	2015-04-01 09:42:38.097	2	3	1	2
225	2015-04-01 22:39:26.545	3	3	1	2
226	2015-04-03 10:52:10.667	3	3	1	2
227	2015-04-06 18:56:51.236	1	3	1	2
228	2015-04-07 07:35:31.219	2	3	1	2
229	2015-04-07 08:32:17.785	4	3	1	2
230	2015-04-07 08:48:21.035	2	3	1	2
231	2015-04-07 09:36:45.436	4	3	1	2
232	2015-04-07 11:49:04.356	2	3	1	2
233	2015-04-07 12:58:25.709	4	3	1	2
234	2015-04-07 15:18:54.745	4	3	1	2
235	2015-04-08 06:49:03.1	2	3	1	2
236	2015-04-08 07:20:43.195	4	3	1	2
237	2015-04-08 08:28:08.789	4	3	1	2
238	2015-04-08 08:28:11.669	2	3	1	2
239	2015-04-08 08:33:48.242	2	3	1	2
240	2015-04-08 11:00:33.892	2	3	1	2
241	2015-04-08 11:29:00.861	2	3	1	2
242	2015-04-08 12:22:50.024	2	3	1	2
243	2015-04-08 13:08:43.383	2	3	1	2
244	2015-04-08 14:00:54.364	2	3	1	2
245	2015-04-09 06:51:40.198	4	3	1	2
246	2015-04-09 06:59:43.559	2	3	1	2
247	2015-04-09 06:59:44.584	2	3	1	2
248	2015-04-09 07:38:30.578	2	3	1	2
249	2015-04-09 08:21:14.9	2	3	1	2
250	2015-04-09 10:02:22.86	2	3	1	2
251	2015-04-09 11:59:55.613	4	3	1	2
252	2015-04-09 13:59:37.015	3	3	1	2
253	2015-04-09 13:59:40.631	3	3	2	2
254	2015-04-10 05:33:13.976	4	3	1	2
255	2015-04-10 07:34:21.738	3	3	1	2
256	2015-04-10 09:58:27.109	2	3	1	2
257	2015-04-10 12:56:45.104	2	3	1	2
258	2015-04-11 11:58:09.646	1	3	1	2
259	2015-04-12 10:59:02.175	1	3	1	2
260	2015-04-13 11:47:34.631	2	3	1	2
261	2015-04-13 13:46:46.87	3	3	1	2
262	2015-04-14 06:09:31.691	2	3	2	2
263	2015-04-14 11:08:29.68	2	3	1	2
265	2015-04-14 11:08:50.678	4	3	1	2
266	2015-04-14 11:08:52.337	4	3	1	2
267	2015-04-14 11:54:42.629	4	3	1	2
268	2015-04-14 11:56:05.33	2	3	1	2
269	2015-04-14 12:18:58.306	3	3	1	2
270	2015-04-15 07:05:19.564	2	3	1	2
271	2015-04-15 07:05:37.051	4	3	1	2
272	2015-04-15 10:22:16.571	2	3	1	2
274	2015-04-15 10:23:32.569	1	3	1	2
276	2015-04-15 13:23:48.66	2	3	1	2
277	2015-04-16 07:06:31.508	2	3	1	2
278	2015-04-16 07:11:34.576	4	3	1	2
279	2015-04-16 07:12:30.877	1	3	1	2
280	2015-04-16 07:12:50.299	1	3	1	2
281	2015-04-16 11:15:14.8	3	3	1	2
282	2015-04-16 11:37:52.543	4	3	1	2
285	2015-04-16 11:39:54.391	1	3	1	2
286	2015-04-16 11:54:02.985	4	3	2	2
287	2015-04-16 12:30:59.979	2	3	1	2
288	2015-04-16 13:11:31.38	2	3	1	2
289	2015-04-17 08:31:49.047	3	3	1	2
290	2015-04-17 08:31:56.834	1	3	1	2
291	2015-04-17 11:58:30.295	2	3	1	2
292	2015-04-17 13:16:09.453	3	3	1	2
294	2015-04-17 20:20:49.353	5	3	1	2
295	2015-04-18 09:41:52.498	2	3	1	2
296	2015-04-18 11:53:16.42	3	3	1	2
297	2015-04-20 06:57:40.662	2	3	1	2
299	2015-04-20 08:24:25.394	2	3	1	2
300	2015-04-20 09:42:24.956	4	3	1	2
301	2015-04-20 10:07:15.664	2	3	1	2
302	2015-04-20 10:40:21.245	1	3	1	2
303	2015-04-20 10:40:24.559	1	3	1	2
304	2015-04-20 11:20:00.939	2	3	1	2
305	2015-04-20 13:29:21.303	2	3	1	2
306	2015-04-20 13:41:29.74	1	3	2	2
307	2015-04-21 07:30:10.297	2	3	1	2
308	2015-04-21 07:30:19.086	1	3	1	2
309	2015-04-21 08:48:18.585	2	3	1	2
310	2015-04-21 09:58:08.98	1	3	1	2
311	2015-04-21 09:58:17.225	1	3	1	2
312	2015-04-21 10:33:25.078	2	3	1	2
313	2015-04-21 11:42:34.83	2	3	1	2
314	2015-04-21 12:58:29.337	2	3	1	2
315	2015-04-21 13:56:54.489	2	3	1	2
316	2015-04-22 06:42:46.732	2	3	1	2
317	2015-04-22 08:51:12.493	4	3	1	2
318	2015-04-22 09:38:05.616	4	3	1	2
319	2015-04-22 10:24:02.43	2	3	1	2
320	2015-04-22 10:24:06.925	4	3	1	2
321	2015-04-22 10:24:26.68	1	3	1	2
322	2015-04-22 12:14:11.871	4	3	1	2
325	2015-04-22 13:49:01.771	2	3	1	2
326	2015-04-22 13:49:07.888	4	3	1	2
327	2015-04-23 07:00:51.373	2	3	1	2
328	2015-04-23 07:00:52.896	4	3	1	2
329	2015-04-23 07:41:49.409	1	3	1	2
330	2015-04-23 09:33:25.064	4	3	1	2
332	2015-04-23 11:13:12.167	4	3	1	2
333	2015-04-23 11:13:16.185	1	3	1	2
335	2015-04-23 12:52:17.306	4	3	1	2
336	2015-04-23 12:54:57.941	1	3	1	2
338	2015-04-23 13:42:27.807	4	3	1	2
339	2015-04-24 05:12:51.051	4	3	1	2
340	2015-04-24 06:24:25.476	4	3	1	2
342	2015-04-24 07:10:45.974	4	3	1	2
343	2015-04-24 10:17:47.779	4	3	1	2
344	2015-04-24 10:55:06.287	2	3	1	2
345	2015-04-24 11:17:18.441	1	3	1	2
346	2015-04-24 12:11:21.782	1	3	1	2
347	2015-04-24 13:56:17.085	2	3	1	2
348	2015-04-24 14:05:08.317	1	3	1	2
349	2015-04-27 08:57:06.83	4	3	1	2
350	2015-04-27 09:31:07.086	4	3	1	2
352	2015-04-27 10:24:15.409	1	3	2	2
353	2015-04-27 13:07:16.819	4	3	1	2
354	2015-04-27 13:07:52.367	3	3	1	2
356	2015-04-27 13:08:45.143	1	3	1	2
358	2015-04-28 08:48:15.395	4	3	1	2
144	2015-03-18 09:25:59.591	2	3	1	2
145	2015-03-18 11:34:40.644	1	3	1	2
146	2015-03-18 11:34:46.33	1	3	2	2
147	2015-03-18 12:14:34.01	1	3	1	2
148	2015-03-18 12:34:09.553	2	3	1	2
149	2015-03-18 12:44:23.6	1	3	1	2
150	2015-03-18 13:00:38.037	2	3	1	2
151	2015-03-18 13:16:30.202	2	3	1	2
152	2015-03-18 14:45:03.373	2	3	1	2
153	2015-03-19 07:54:51.561	2	3	1	2
154	2015-03-19 08:26:15.401	2	3	1	2
155	2015-03-19 08:40:11.858	2	3	1	2
156	2015-03-19 13:01:13.246	2	3	1	2
264	2015-04-14 11:08:42.372	1	3	1	2
158	2015-03-20 11:32:42.003	2	3	1	2
159	2015-03-20 11:32:42.725	1	3	1	2
160	2015-03-20 11:32:43.787	1	3	1	2
161	2015-03-20 11:32:43.938	2	3	1	2
162	2015-03-20 12:16:56.392	2	3	1	2
163	2015-03-22 13:40:20.557	1	3	1	2
164	2015-03-23 07:01:22.974	2	3	1	2
165	2015-03-23 07:30:08.455	2	3	1	2
166	2015-03-23 08:30:21.058	4	3	1	2
167	2015-03-23 08:31:31.013	2	3	1	2
168	2015-03-23 09:25:14.687	2	3	1	2
169	2015-03-23 11:27:25.694	2	3	1	2
170	2015-03-23 11:27:37.422	1	3	1	2
171	2015-03-23 11:29:06.597	4	3	1	2
172	2015-03-23 12:37:05.056	2	3	1	2
173	2015-03-23 12:37:54.835	4	3	1	2
174	2015-03-23 13:52:18.798	2	3	1	2
175	2015-03-23 13:52:49.599	4	3	2	2
176	2015-03-23 14:31:07.673	1	3	1	2
177	2015-03-23 14:40:47.016	2	3	1	2
178	2015-03-24 06:49:17.989	1	3	1	2
179	2015-03-24 07:54:32.443	2	3	1	2
180	2015-03-24 08:31:13.438	2	3	1	2
181	2015-03-24 09:42:35.653	2	3	1	2
182	2015-03-24 11:03:46.316	4	3	1	2
183	2015-03-24 11:03:54.045	4	3	1	2
184	2015-03-24 11:41:14.333	2	3	1	2
185	2015-03-24 11:55:42.713	1	3	1	2
186	2015-03-24 12:48:32.872	2	3	1	2
187	2015-03-24 13:39:04.468	2	3	1	2
188	2015-03-24 14:24:44.717	2	3	1	2
189	2015-03-25 07:11:02.019	2	3	2	2
273	2015-04-15 10:22:24.198	4	3	1	2
191	2015-03-26 11:39:29.952	2	3	1	2
192	2015-03-26 12:20:15.303	2	3	1	2
193	2015-03-26 12:20:47.263	4	3	1	2
194	2015-03-26 13:43:37.893	2	3	1	2
195	2015-03-26 14:14:46.507	2	3	1	2
196	2015-03-27 07:52:32.141	2	3	1	2
197	2015-03-27 11:44:37.462	2	3	1	2
198	2015-03-27 12:53:26.865	2	3	1	2
199	2015-03-27 16:24:28.648	1	3	1	2
200	2015-03-27 16:24:42.696	3	3	1	2
201	2015-03-27 21:01:51.209	1	3	1	2
202	2015-03-27 21:02:37.632	3	3	1	2
203	2015-03-30 06:58:03.92	2	3	1	2
204	2015-03-30 07:19:50.86	2	3	1	2
205	2015-03-30 07:59:09.463	2	3	1	2
206	2015-03-30 09:00:07.403	2	3	1	2
207	2015-03-30 10:27:55.467	2	3	1	2
208	2015-03-30 12:17:53.408	2	3	1	2
275	2015-04-15 10:23:37.698	1	3	1	2
283	2015-04-16 11:39:48.076	2	3	1	2
284	2015-04-16 11:39:52.794	1	3	1	2
293	2015-04-17 13:16:26.255	2	3	1	2
298	2015-04-20 06:59:43.952	4	3	1	2
323	2015-04-22 12:14:29.132	2	3	1	2
324	2015-04-22 12:14:31.659	1	3	1	2
331	2015-04-23 09:55:44.464	2	3	1	2
334	2015-04-23 11:20:25.099	2	3	1	2
337	2015-04-23 12:54:58.82	2	3	1	2
341	2015-04-24 06:25:54.259	2	3	1	2
351	2015-04-27 09:40:07.632	1	3	1	2
355	2015-04-27 13:07:55.463	3	3	1	2
357	2015-04-27 14:26:01.99	4	3	1	2
359	2015-04-28 09:44:17.861	4	3	1	2
360	2015-04-28 09:44:48.615	1	3	1	2
361	2015-04-28 10:17:23.859	4	3	1	2
362	2015-04-28 11:32:41.99	4	3	1	2
363	2015-04-28 13:56:37.275	4	3	1	2
364	2015-04-29 08:30:34.246	4	3	1	2
365	2015-04-29 08:31:05.479	1	3	1	2
366	2015-04-29 09:33:22.104	4	3	1	2
367	2015-04-29 09:33:30.866	1	3	1	2
368	2015-04-29 10:09:18.436	3	3	1	2
369	2015-04-29 10:09:21.728	3	3	2	2
370	2015-04-29 11:30:05.32	4	3	1	2
371	2015-04-29 12:51:57.405	4	3	1	2
372	2015-04-29 12:52:07.983	1	3	1	2
373	2015-05-01 20:17:33.328	3	3	2	2
374	2015-05-01 20:17:35.912	3	3	2	2
375	2015-05-01 20:17:39.232	3	3	1	2
376	2015-05-02 18:17:21.616	3	3	1	2
377	2015-05-05 08:07:00.196	4	3	1	2
378	2015-05-05 08:07:46.21	2	3	1	2
379	2015-05-05 11:55:05.376	2	3	1	2
380	2015-05-05 12:14:19.685	4	3	1	2
381	2015-05-05 12:44:51.464	4	3	1	2
382	2015-05-05 13:41:01.845	2	3	1	2
383	2015-05-05 13:42:56.462	4	3	1	2
384	2015-05-06 07:09:34.689	4	3	1	2
385	2015-05-06 07:09:52.191	2	3	1	2
386	2015-05-06 07:39:25.245	4	3	1	2
387	2015-05-06 07:39:27.891	4	3	2	2
390	2015-05-06 08:12:42.852	4	3	1	2
391	2015-05-06 08:12:56.623	2	3	1	2
392	2015-05-06 09:42:02.13	4	3	1	2
393	2015-05-06 09:42:07.191	2	3	1	2
394	2015-05-06 09:42:16.887	1	3	1	2
395	2015-05-06 11:46:19.08	4	3	1	2
396	2015-05-06 13:37:01.409	5	3	2	2
397	2015-05-06 13:41:45.44	4	3	1	2
398	2015-05-06 14:07:59.625	2	3	1	2
399	2015-05-06 15:02:52.77	2	3	1	2
400	2015-05-07 07:47:19.085	2	3	1	2
401	2015-05-07 08:07:00.093	4	3	1	2
402	2015-05-07 08:22:30.729	2	3	1	2
403	2015-05-07 10:44:17.905	4	3	1	2
404	2015-05-07 10:44:25.301	1	3	1	2
405	2015-05-07 11:03:56.023	1	3	2	2
407	2015-05-07 11:12:26.651	4	3	1	2
408	2015-05-07 11:12:29.048	4	3	2	2
409	2015-05-07 11:13:04.289	1	3	2	2
411	2015-05-07 11:43:17.81	1	3	1	2
412	2015-05-07 12:43:22.961	4	3	1	2
413	2015-05-07 13:34:50.95	1	3	1	2
414	2015-05-07 14:25:15.963	2	3	1	2
415	2015-05-08 05:11:03.395	4	3	1	2
416	2015-05-08 05:44:20.161	4	3	1	2
417	2015-05-08 06:25:13.751	2	3	1	2
418	2015-05-08 06:41:22.118	2	3	1	2
419	2015-05-08 07:00:45.951	4	3	1	2
420	2015-05-08 07:01:01.031	4	3	1	2
950	2015-07-23 11:51:02.259	3	3	1	2
951	2015-07-24 14:26:47.221	3	3	1	2
952	2015-07-28 13:41:33.517	3	3	1	2
953	2015-07-29 12:08:20.397	3	3	1	2
954	2015-07-29 13:41:48.784	3	3	1	2
955	2015-07-30 11:33:12.629	3	3	1	2
956	2015-07-31 14:13:47.221	3	3	1	2
957	2015-08-05 06:24:29.545	4	3	1	2
958	2015-08-05 07:52:44.46	4	3	1	2
959	2015-08-05 13:32:56.369	4	3	1	2
960	2015-08-06 07:07:52.403	2	3	1	2
961	2015-08-06 07:10:14.145	4	3	1	2
962	2015-08-06 07:38:06.59	4	3	1	2
963	2015-08-06 07:38:23.798	2	3	1	2
964	2015-08-06 08:07:16.4	2	3	1	2
965	2015-08-06 09:50:07.572	2	3	1	2
968	2015-08-06 11:09:08.012	4	3	1	2
969	2015-08-06 11:37:42.023	4	3	1	2
970	2015-08-06 13:42:20.739	2	3	1	2
971	2015-08-07 07:32:35.085	2	3	1	2
972	2015-08-07 08:01:03.402	2	3	1	2
973	2015-08-07 09:21:33.755	4	3	1	2
976	2015-08-07 10:49:44.943	2	3	1	2
981	2015-08-07 13:05:53.711	2	3	1	2
982	2015-08-10 05:28:50.202	2	3	1	2
984	2015-08-10 06:08:52.484	2	3	1	2
985	2015-08-10 10:03:01.123	2	3	1	2
986	2015-08-10 10:03:02.163	2	3	1	2
992	2015-08-11 06:49:03.086	2	3	1	2
993	2015-08-11 07:05:43.11	2	3	1	2
995	2015-08-11 08:18:40.733	2	3	1	2
996	2015-08-11 10:30:02.515	2	3	1	2
999	2015-08-11 11:01:49.573	2	3	1	2
1001	2015-08-11 11:02:52.648	1	3	1	2
1003	2015-08-11 11:48:10.848	4	3	1	2
1005	2015-08-11 12:15:39.988	2	3	1	2
1008	2015-08-11 13:42:36.714	2	3	1	2
1009	2015-08-12 06:44:38.469	2	3	1	2
1010	2015-08-12 07:23:48.014	4	3	1	2
1011	2015-08-12 07:51:26.068	4	3	1	2
1013	2015-08-12 09:55:41.362	4	3	1	2
1015	2015-08-12 11:00:01.081	2	3	1	2
1016	2015-08-12 11:45:26.272	2	3	1	2
1017	2015-08-12 12:07:52.101	4	3	1	2
1018	2015-08-12 13:37:06.562	2	3	1	2
1019	2015-08-13 06:32:28.508	2	3	1	2
1020	2015-08-13 07:33:06.009	2	3	1	2
1021	2015-08-13 08:22:56.603	2	3	1	2
1022	2015-08-13 10:46:51.054	4	3	1	2
1025	2015-08-13 10:58:45.211	1	3	1	2
1026	2015-08-13 12:08:48.377	2	3	1	2
1027	2015-08-13 12:20:42.492	4	3	1	2
1030	2015-08-13 12:27:54.379	1	3	1	2
1032	2015-08-13 13:21:35.212	2	3	1	2
1033	2015-08-13 14:50:32.83	1	3	2	2
1034	2015-08-14 06:09:26.555	4	3	1	2
1035	2015-08-14 07:04:16.945	4	3	1	2
1037	2015-08-14 08:22:21.209	2	3	1	2
1038	2015-08-14 09:55:23.104	4	3	1	2
1040	2015-08-14 10:18:26.102	2	3	1	2
1041	2015-08-14 11:25:17.483	2	3	1	2
1042	2015-08-14 13:39:19.994	2	3	1	2
1043	2015-08-14 14:04:44.323	4	3	1	2
1044	2015-08-17 06:32:16.277	4	3	1	2
1045	2015-08-17 06:48:18.603	2	3	1	2
1046	2015-08-17 07:10:10.584	2	3	1	2
1047	2015-08-17 07:14:34.358	4	3	1	2
1048	2015-08-17 07:16:54.098	2	3	1	2
1049	2015-08-17 10:33:29.551	2	3	1	2
1050	2015-08-17 11:23:49.192	4	3	1	2
1051	2015-08-17 11:36:33.658	2	3	1	2
1052	2015-08-17 11:37:27.218	1	3	1	2
1053	2015-08-17 11:50:52.782	4	3	1	2
1054	2015-08-17 12:34:49.807	2	3	1	2
1055	2015-08-17 12:35:13.83	4	3	1	2
1056	2015-08-18 07:48:32.543	4	3	1	2
1057	2015-08-18 08:41:17.042	2	3	1	2
1058	2015-08-18 08:41:30.328	4	3	1	2
1059	2015-08-18 09:27:45.206	4	3	1	2
1060	2015-08-18 14:32:27.434	2	3	1	2
1061	2015-08-18 14:48:39.391	4	3	1	2
1063	2015-08-18 14:49:53.151	1	3	1	2
1064	2015-08-18 14:50:09.238	1	3	1	2
1066	2015-08-18 15:10:35.841	4	3	1	2
1067	2015-08-18 15:10:39.135	4	3	2	2
1068	2015-08-19 07:00:28.474	2	3	1	2
1069	2015-08-19 08:13:30.159	2	3	1	2
1070	2015-08-19 11:39:37.691	2	3	1	2
1071	2015-08-19 11:39:41.058	1	3	1	2
1072	2015-08-20 07:34:57.177	2	3	1	2
1073	2015-08-20 10:06:32.965	2	3	1	2
1079	2015-08-21 06:18:21.049	2	3	1	2
1081	2015-08-21 07:08:19.911	2	3	1	2
1083	2015-08-21 07:27:48.386	2	3	1	2
1084	2015-08-21 07:54:04.834	4	3	1	2
1088	2015-08-21 11:37:48.233	2	3	1	2
1089	2015-08-21 12:18:40.597	2	3	1	2
1091	2015-08-24 07:02:56.199	2	3	1	2
1095	2015-08-24 07:45:21.432	2	3	1	2
1099	2015-08-24 11:30:55.132	2	3	1	2
1101	2015-08-24 13:39:38.774	2	3	1	2
1105	2015-08-25 07:18:09.923	4	3	1	2
1110	2015-08-25 09:51:30.82	4	3	1	2
1111	2015-08-25 09:51:42.116	4	3	2	2
1115	2015-08-25 11:32:16.207	2	3	1	2
1116	2015-08-25 11:47:48.629	4	3	1	2
1119	2015-08-25 13:44:29.655	2	3	1	2
1120	2015-08-26 09:29:19.274	4	3	1	2
1121	2015-08-26 09:51:32.697	2	3	1	2
1122	2015-08-26 10:02:02.646	2	3	1	2
1127	2015-08-26 11:30:06.275	4	3	1	2
1129	2015-08-27 07:16:43.503	4	3	1	2
1131	2015-08-27 11:01:50.236	2	3	1	2
1132	2015-08-27 11:35:12.841	4	3	1	2
1133	2015-08-27 11:37:47.428	2	3	1	2
1134	2015-08-27 11:37:51.833	4	3	2	2
1135	2015-08-27 12:07:45.306	4	3	2	2
1137	2015-08-27 13:11:27.178	4	3	1	2
1138	2015-08-27 13:40:27.68	2	3	2	2
1139	2015-08-28 06:31:33.231	4	3	1	2
1140	2015-08-28 07:28:11.228	6	3	1	2
1147	2015-08-28 11:47:39.405	4	3	1	2
1149	2015-08-31 07:52:01.597	2	3	1	2
1152	2015-08-31 10:57:03.285	4	3	1	2
1153	2015-08-31 10:57:07.722	2	3	1	2
1155	2015-08-31 12:28:16.797	4	3	1	2
1156	2015-08-31 12:31:20.032	2	3	1	2
1157	2015-08-31 12:50:26.474	2	3	1	2
1159	2015-09-01 07:00:37.524	4	3	1	2
1160	2015-09-01 07:52:50.147	2	3	1	2
1161	2015-09-01 08:05:18.746	4	3	1	2
1163	2015-09-01 09:26:21.244	4	3	1	2
1164	2015-09-01 10:38:52.759	2	3	1	2
1165	2015-09-01 10:59:01.893	2	3	1	2
421	2015-05-08 08:02:57.126	4	3	1	2
966	2015-08-06 09:51:17.119	4	3	1	2
967	2015-08-06 10:58:02.2	2	3	1	2
974	2015-08-07 09:22:02.68	2	3	1	2
979	2015-08-07 11:38:00.985	4	3	1	2
980	2015-08-07 12:16:52.47	2	3	1	2
983	2015-08-10 05:33:25.537	4	3	1	2
987	2015-08-10 10:03:07.538	4	3	1	2
991	2015-08-10 12:43:08.656	4	3	1	2
994	2015-08-11 07:28:58.32	4	3	1	2
997	2015-08-11 10:33:33.402	4	3	1	2
998	2015-08-11 10:33:40.326	4	3	1	2
1000	2015-08-11 11:02:01.67	4	3	1	2
1002	2015-08-11 11:35:11.557	2	3	1	2
1004	2015-08-11 11:49:35.843	2	3	1	2
1006	2015-08-11 12:29:21.518	4	3	1	2
1007	2015-08-11 12:29:29.267	1	3	1	2
1012	2015-08-12 08:18:17.035	2	3	1	2
1014	2015-08-12 10:29:02.661	2	3	1	2
1023	2015-08-13 10:50:21.301	2	3	1	2
1024	2015-08-13 10:58:36.007	4	3	1	2
1031	2015-08-13 13:13:55.727	4	3	1	2
1036	2015-08-14 07:50:08.152	4	3	1	2
1039	2015-08-14 09:57:37.518	2	3	1	2
1062	2015-08-18 14:48:40.316	4	3	1	2
1065	2015-08-18 15:09:55.02	2	3	1	2
1074	2015-08-20 10:27:58.15	2	3	1	2
1077	2015-08-20 12:00:19.15	2	3	1	2
1082	2015-08-21 07:08:19.915	4	3	1	2
1086	2015-08-21 08:34:19.329	4	3	1	2
1090	2015-08-21 12:46:15.812	1	3	1	2
1092	2015-08-24 07:03:28.56	4	3	1	2
1098	2015-08-24 10:42:49.784	1	3	1	2
1102	2015-08-24 13:40:04.401	4	3	1	2
1103	2015-08-24 13:57:13.833	2	3	1	2
1104	2015-08-24 14:58:31.42	4	3	1	2
1106	2015-08-25 07:28:50.512	2	3	1	2
1107	2015-08-25 07:29:20.204	1	3	1	2
1112	2015-08-25 09:52:13.496	2	3	1	2
1113	2015-08-25 10:57:03.108	2	3	1	2
1117	2015-08-25 12:10:05.506	2	3	1	2
1123	2015-08-26 10:13:43.876	2	3	1	2
1124	2015-08-26 10:21:32.312	4	3	1	2
1125	2015-08-26 10:25:30.422	2	3	1	2
1126	2015-08-26 10:34:40.186	2	3	2	2
1128	2015-08-26 11:30:40.315	2	3	1	2
1130	2015-08-27 07:58:30.317	2	3	1	2
1136	2015-08-27 13:11:18.669	1	3	1	2
1141	2015-08-28 07:28:54.062	2	3	1	2
1142	2015-08-28 07:29:03.594	1	3	1	2
1150	2015-08-31 07:52:04.295	4	3	1	2
1151	2015-08-31 07:52:11.504	4	3	1	2
1158	2015-08-31 13:55:22.625	2	3	1	2
1162	2015-09-01 08:31:48.005	2	3	1	2
1166	2015-09-01 11:12:09.584	4	3	1	2
1167	2015-09-01 11:12:14.704	1	3	1	2
1168	2015-09-01 11:12:22.069	2	3	1	2
1169	2015-09-01 11:39:21.054	2	3	1	2
1173	2015-09-01 13:26:59.226	2	3	1	2
1507	2015-10-08 07:32:48.896	2	3	1	2
1508	2015-10-08 07:55:27.411	4	3	1	2
1509	2015-10-08 07:59:03.027	2	3	1	2
1510	2015-10-08 08:34:03.133	4	3	1	2
1518	2015-10-08 13:38:46.856	2	3	1	2
1524	2015-10-09 06:44:47.313	7	3	1	2
1527	2015-10-09 07:37:33.97	4	3	1	2
1528	2015-10-09 07:58:44.662	1	3	1	2
1531	2015-10-09 09:55:50.399	2	3	1	2
1536	2015-10-09 11:00:21.356	2	3	1	2
1562	2015-10-12 12:41:18.332	4	3	1	2
1604	2015-10-26 09:45:18.741	4	3	1	2
1608	2015-10-27 08:42:52.217	7	3	1	2
1610	2015-10-27 11:56:28.411	7	3	1	2
1611	2015-10-27 12:11:45.549	4	3	1	2
1612	2015-10-27 12:31:25.464	4	3	1	2
1615	2015-10-28 13:23:35.591	1	3	1	2
1618	2015-10-29 08:35:52.76	4	3	1	2
1619	2015-10-29 09:02:15.169	4	3	1	2
1622	2015-10-29 10:51:01	7	3	1	2
1623	2015-10-29 11:18:06.102	4	3	1	2
1624	2015-10-29 12:38:27.249	4	3	1	2
1625	2015-10-29 13:33:44.806	7	3	1	2
1626	2015-10-29 14:47:49.696	1	3	1	2
1628	2015-10-30 12:47:16.529	4	3	1	2
1633	2015-11-02 08:51:07.535	4	3	1	2
1643	2015-11-03 15:19:52.48	4	3	1	2
1647	2015-11-04 13:26:07.233	1	3	1	2
1651	2015-11-06 12:37:32.484	1	3	1	2
1652	2015-11-06 12:39:09.55	2	3	1	2
1658	2015-11-09 07:55:15.245	4	3	1	2
1659	2015-11-09 08:41:42.676	2	3	1	2
1660	2015-11-09 09:36:29.391	4	3	1	2
1661	2015-11-09 10:59:01.797	1	3	1	2
1663	2015-11-10 07:49:10.507	2	3	1	2
1665	2015-11-10 12:24:44.788	2	3	1	2
1666	2015-11-10 12:44:12.597	2	3	1	2
1670	2015-11-10 13:31:21.136	2	3	1	2
1671	2015-11-10 13:44:38.83	1	3	1	2
1681	2015-11-12 08:32:00.73	1	3	1	2
1684	2015-11-12 09:59:35.065	2	3	1	2
1688	2015-11-12 11:54:16.159	4	3	1	2
1696	2015-11-13 09:46:31.845	4	3	1	2
1702	2015-11-13 11:54:37.62	4	3	1	2
1703	2015-11-13 11:55:28.547	2	3	1	2
1705	2015-11-13 13:36:56.37	2	3	1	2
1709	2015-11-16 08:13:39.353	4	3	1	2
1722	2015-11-17 08:38:57.403	2	3	1	2
1727	2015-11-17 12:56:18.783	2	3	1	2
1731	2015-11-18 08:35:28.033	2	3	1	2
1732	2015-11-18 09:19:29.595	2	3	1	2
1734	2015-11-18 09:30:03.111	3	3	1	2
1735	2015-11-18 10:27:23.017	2	3	1	2
1762	2015-11-20 09:36:18.086	4	3	1	2
1763	2015-11-20 11:04:33.708	2	3	1	2
1764	2015-11-20 11:04:50.267	4	3	1	2
1765	2015-11-20 11:37:31.066	4	3	1	2
1766	2015-11-20 11:59:51.091	1	3	1	2
1769	2015-11-20 14:57:51.233	4	3	1	2
1770	2015-11-20 14:58:01.908	1	3	1	2
1778	2015-11-24 09:58:00.766	3	3	1	2
1779	2015-11-24 11:56:40.277	4	3	1	2
1790	2015-11-25 10:01:09.082	4	3	1	2
1794	2015-11-26 07:54:51.319	4	3	1	2
1795	2015-11-26 07:59:46.046	2	3	1	2
1796	2015-11-26 08:33:10.624	2	3	1	2
1798	2015-11-26 10:34:33.788	4	3	1	2
1801	2015-11-26 12:50:16.257	4	3	2	2
1806	2015-11-27 09:21:38.686	4	3	1	2
1808	2015-11-27 10:43:28.968	4	3	1	2
1815	2015-11-30 09:13:13.415	3	3	1	2
1821	2015-11-30 12:09:14.3	2	3	1	2
1827	2015-12-01 10:49:11.946	4	3	1	2
1829	2015-12-01 14:34:59.338	3	1	1	2
1837	2015-12-03 14:36:39.489	3	3	1	2
1842	2015-12-07 06:53:54.15	4	3	1	2
422	2015-05-08 09:31:59.783	2	3	1	2
426	2015-05-08 11:23:04.872	1	3	2	2
427	2015-05-08 13:02:24.957	2	3	1	2
975	2015-08-07 09:47:47.386	2	3	1	2
977	2015-08-07 10:49:57.256	4	3	1	2
978	2015-08-07 11:17:31.411	2	3	1	2
988	2015-08-10 10:40:10.44	2	3	1	2
989	2015-08-10 11:43:49.231	2	3	1	2
990	2015-08-10 12:12:31.285	2	3	1	2
1075	2015-08-20 11:02:17.688	2	3	1	2
1076	2015-08-20 11:46:08.493	2	3	1	2
1078	2015-08-20 12:55:29.28	1	3	1	2
1085	2015-08-21 07:56:14.23	2	3	1	2
1087	2015-08-21 10:24:27.525	2	3	1	2
1093	2015-08-24 07:14:38.581	4	3	1	2
1094	2015-08-24 07:22:15.468	2	3	1	2
1108	2015-08-25 08:21:07.229	2	3	1	2
1109	2015-08-25 08:23:13.892	4	3	1	2
1114	2015-08-25 10:59:01.86	4	3	1	2
1118	2015-08-25 12:42:54.594	4	3	1	2
1143	2015-08-28 08:00:30.41	2	3	1	2
1144	2015-08-28 09:42:12.007	4	3	1	2
1145	2015-08-28 09:42:14.487	2	3	1	2
1146	2015-08-28 10:42:04.11	2	3	1	2
1148	2015-08-28 13:00:20.985	4	3	1	2
1171	2015-09-01 11:53:52.436	4	3	1	2
1172	2015-09-01 12:48:04.766	2	3	1	2
1174	2015-09-02 06:56:10.777	2	3	1	2
1175	2015-09-02 07:24:55.206	4	3	1	2
1176	2015-09-02 07:25:03.066	4	3	1	2
1177	2015-09-02 09:51:15.556	4	3	1	2
1178	2015-09-02 10:57:19.864	1	3	1	2
1179	2015-09-02 11:29:56.547	2	3	1	2
1181	2015-09-02 13:43:22.13	2	3	1	2
1182	2015-09-03 06:55:53.671	4	3	1	2
1183	2015-09-03 07:54:27.16	2	3	1	2
1184	2015-09-03 09:29:45.592	4	3	1	2
1185	2015-09-03 10:46:06.22	4	3	1	2
1186	2015-09-03 11:34:40.784	2	3	1	2
1187	2015-09-03 11:45:54.297	2	3	1	2
1188	2015-09-03 12:17:20.382	2	3	1	2
1189	2015-09-03 12:51:17.487	2	3	1	2
1190	2015-09-03 14:10:08.074	2	3	1	2
1191	2015-09-04 07:36:29.18	4	3	1	2
1192	2015-09-04 08:38:10.848	4	3	1	2
1193	2015-09-04 09:30:57.673	4	3	1	2
1194	2015-09-04 10:31:19.253	4	3	1	2
1195	2015-09-04 10:31:48.86	2	3	1	2
1196	2015-09-04 12:44:19.107	4	3	1	2
1197	2015-09-07 06:42:06.501	2	3	1	2
1199	2015-09-07 09:41:32.48	4	3	1	2
1200	2015-09-07 09:41:34.256	4	3	1	2
1201	2015-09-07 09:43:05.972	2	3	1	2
1203	2015-09-07 10:33:47.638	4	3	1	2
1205	2015-09-07 10:40:37.219	2	3	1	2
1206	2015-09-07 11:17:36.651	2	3	1	2
1208	2015-09-08 08:39:03.887	2	3	1	2
1211	2015-09-08 09:47:22.389	2	3	1	2
1215	2015-09-08 13:38:00.955	2	3	1	2
1216	2015-09-08 14:04:48.902	2	3	1	2
1222	2015-09-11 09:56:42.25	2	3	1	2
1228	2015-09-11 10:42:25.243	4	3	1	2
1229	2015-09-11 10:42:26.287	4	3	1	2
1232	2015-09-11 12:04:58.852	2	3	1	2
1233	2015-09-11 13:17:01.796	2	3	1	2
1235	2015-09-11 13:41:50.243	4	3	1	2
1236	2015-09-14 07:02:43.544	2	3	1	2
1239	2015-09-14 07:28:45.67	2	3	1	2
1240	2015-09-14 09:51:59.804	4	3	1	2
1242	2015-09-14 11:09:27.025	4	3	1	2
1243	2015-09-14 11:23:04.193	2	3	1	2
1244	2015-09-14 12:26:57.405	2	3	1	2
1246	2015-09-15 08:00:19.926	2	3	1	2
1249	2015-09-15 11:01:10.003	4	3	1	2
1253	2015-09-15 11:42:39.342	2	3	1	2
1254	2015-09-16 09:47:51.186	4	3	1	2
1256	2015-09-16 10:33:16.5	1	3	1	2
1257	2015-09-16 10:58:44.756	2	3	1	2
1258	2015-09-16 10:58:51.178	4	3	1	2
1259	2015-09-16 12:45:42.663	1	3	1	2
1261	2015-09-18 08:43:36.099	4	3	1	2
1262	2015-09-18 08:43:43.302	4	3	1	2
1263	2015-09-18 09:49:50.121	4	3	1	2
1264	2015-09-18 10:31:36.677	4	3	1	2
1266	2015-09-18 14:28:14.637	2	3	1	2
1267	2015-09-18 14:28:15.656	2	3	1	2
1268	2015-09-21 06:20:00.799	4	3	1	2
1269	2015-09-21 06:45:07.829	4	3	1	2
1271	2015-09-21 07:30:51.709	2	3	1	2
1272	2015-09-21 07:32:14.15	4	3	1	2
1273	2015-09-21 07:32:17.274	2	3	1	2
1274	2015-09-21 10:30:14.847	4	3	1	2
1276	2015-09-21 11:37:00.706	4	3	1	2
1278	2015-09-21 12:48:14.974	4	3	1	2
1279	2015-09-22 07:35:10.644	4	3	1	2
1280	2015-09-22 09:33:21.11	2	3	1	2
1284	2015-09-23 08:11:38.836	4	3	1	2
1285	2015-09-23 10:26:48.43	4	3	1	2
1287	2015-09-23 10:29:11.291	1	3	1	2
1288	2015-09-23 11:40:17.805	4	3	1	2
1290	2015-09-23 12:25:48.364	4	3	1	2
1291	2015-09-23 12:45:41.334	2	3	1	2
1292	2015-09-23 13:06:09.997	2	3	1	2
1293	2015-09-23 13:29:15.092	2	3	1	2
1294	2015-09-23 14:12:15.851	2	3	1	2
1295	2015-09-23 15:42:07.733	4	3	1	2
1296	2015-09-23 15:43:49.492	4	3	1	2
1297	2015-09-23 16:05:49.6	4	3	1	2
1298	2015-09-23 16:30:15.859	1	3	1	2
1299	2015-09-23 16:30:21.583	1	3	1	2
1300	2015-09-23 16:30:47.993	1	3	1	2
1302	2015-09-24 06:31:55.895	2	3	1	2
1303	2015-09-24 07:06:42.869	2	3	1	2
1306	2015-09-24 07:49:06.445	2	3	1	2
1313	2015-09-24 12:12:44.874	7	3	1	2
1315	2015-09-24 15:48:40.849	4	3	1	2
1317	2015-09-25 06:11:39.738	4	3	1	2
1326	2015-09-25 09:28:08.632	4	3	1	2
1331	2015-09-25 10:43:11.01	2	3	1	2
1338	2015-09-26 18:30:03.377	1	3	1	2
1339	2015-09-28 06:19:23.275	4	3	1	2
1340	2015-09-28 06:59:59.591	2	3	1	2
1343	2015-09-28 07:12:58.465	4	3	1	2
1344	2015-09-28 07:51:47.419	4	3	1	2
1346	2015-09-28 08:17:04.065	2	3	1	2
1349	2015-09-28 10:01:43.25	2	3	1	2
1350	2015-09-28 10:02:52.701	1	3	1	2
1352	2015-09-28 10:03:58.687	4	3	1	2
1355	2015-09-28 11:23:45.625	4	3	1	2
1357	2015-09-28 12:33:20.131	2	3	1	2
1359	2015-09-28 13:19:36.179	2	3	1	2
1364	2015-09-29 06:16:16.482	7	3	1	2
1366	2015-09-29 07:18:58.371	2	3	1	2
423	2015-05-08 09:42:00.64	4	3	1	2
424	2015-05-08 10:48:05.862	1	3	1	2
425	2015-05-08 11:03:33.239	2	3	1	2
428	2015-05-11 07:58:40.484	2	3	1	2
429	2015-05-11 07:58:42.961	2	3	1	2
430	2015-05-11 10:28:24.351	2	3	1	2
431	2015-05-11 10:33:43.859	1	3	1	2
432	2015-05-11 10:33:54.066	2	3	1	2
433	2015-05-11 13:29:30.668	2	3	1	2
434	2015-05-12 06:50:08.625	2	3	1	2
435	2015-05-12 07:51:45.977	2	3	1	2
436	2015-05-12 12:59:13.972	4	3	1	2
437	2015-05-12 13:32:30.682	2	3	1	2
438	2015-05-12 14:00:45.956	2	3	1	2
439	2015-05-12 15:26:44.604	1	3	1	2
440	2015-05-12 17:28:41.099	1	3	1	2
441	2015-05-12 17:57:43.777	4	3	1	2
442	2015-05-12 18:25:58.015	4	3	1	2
444	2015-05-12 19:47:40.216	4	3	1	2
445	2015-05-12 19:47:42.274	4	3	1	2
446	2015-05-13 06:13:12.748	4	3	1	2
447	2015-05-13 07:01:50.129	2	3	1	2
448	2015-05-13 07:43:53.441	2	3	1	2
449	2015-05-13 08:16:56.939	4	3	1	2
450	2015-05-13 08:17:18.253	2	3	1	2
451	2015-05-13 09:31:37.008	4	3	1	2
452	2015-05-13 09:51:42.225	2	3	1	2
453	2015-05-13 10:05:57.527	1	3	1	2
454	2015-05-13 10:06:01.094	1	3	1	2
455	2015-05-13 10:55:41.352	4	3	1	2
456	2015-05-13 12:07:29.911	2	3	1	2
457	2015-05-13 13:01:54.179	2	3	1	2
458	2015-05-15 06:50:36.638	2	3	1	2
459	2015-05-15 09:33:36.651	1	3	1	2
460	2015-05-15 09:34:05.836	2	3	1	2
461	2015-05-15 10:20:59.034	2	3	1	2
462	2015-05-15 10:34:31.008	1	3	1	2
463	2015-05-15 11:05:21.792	1	3	2	2
464	2015-05-15 11:09:05.757	2	3	1	2
465	2015-05-15 12:05:19.156	2	3	1	2
466	2015-05-15 13:28:04.849	2	3	1	2
467	2015-05-18 07:08:57.665	2	3	1	2
468	2015-05-18 07:09:05.495	2	3	1	2
469	2015-05-18 07:17:09.905	4	3	1	2
470	2015-05-18 07:17:11.342	4	3	1	2
471	2015-05-18 07:17:12.288	4	3	1	2
472	2015-05-18 07:17:13.262	4	3	1	2
473	2015-05-18 07:17:22.026	4	3	1	2
474	2015-05-18 08:40:06.691	4	3	1	2
475	2015-05-18 09:35:13.915	4	3	1	2
476	2015-05-18 10:44:14.256	4	3	1	2
477	2015-05-18 10:58:58.52	2	3	1	2
478	2015-05-18 11:36:54.93	2	3	1	2
479	2015-05-18 11:42:20.193	4	3	1	2
480	2015-05-18 11:42:20.215	1	3	1	2
481	2015-05-18 11:42:23.229	4	3	2	2
483	2015-05-18 14:30:19.444	4	3	1	2
484	2015-05-19 06:30:11.537	2	3	1	2
485	2015-05-19 06:51:29.825	2	3	1	2
486	2015-05-19 07:26:33.3	2	3	1	2
487	2015-05-19 09:28:10.71	4	3	1	2
488	2015-05-19 09:47:13.658	4	3	1	2
489	2015-05-19 10:16:43.635	2	3	1	2
490	2015-05-19 10:52:10.251	4	3	1	2
491	2015-05-19 11:10:24.901	2	3	1	2
492	2015-05-19 11:52:23.804	4	3	1	2
493	2015-05-19 12:52:06.207	4	3	1	2
494	2015-05-19 13:11:31.54	2	3	1	2
495	2015-05-19 14:25:30.264	1	3	1	2
496	2015-05-19 14:25:37.666	2	3	1	2
497	2015-05-19 14:25:41.782	4	3	1	2
498	2015-05-19 16:09:33.869	4	3	1	2
499	2015-05-20 06:30:28.65	4	3	1	2
500	2015-05-20 06:45:15.965	2	3	1	2
501	2015-05-20 07:07:56.192	2	3	1	2
502	2015-05-20 07:26:02.757	4	3	1	2
503	2015-05-20 09:42:44.983	4	3	1	2
504	2015-05-20 10:00:40.592	1	3	1	2
505	2015-05-20 10:50:20.556	2	3	1	2
506	2015-05-20 10:50:44.124	4	3	1	2
507	2015-05-20 11:17:47.615	2	3	1	2
508	2015-05-20 11:36:47.035	4	3	1	2
509	2015-05-20 11:49:13.365	2	3	1	2
510	2015-05-20 12:01:58.655	1	3	1	2
511	2015-05-20 13:01:30.069	2	3	1	2
512	2015-05-20 13:04:32.265	5	3	1	2
513	2015-05-20 13:54:08.211	2	3	1	2
514	2015-05-20 14:01:51.72	4	3	1	2
515	2015-05-21 09:53:23.244	1	3	1	2
516	2015-05-21 09:55:14.414	2	3	1	2
517	2015-05-21 10:17:23.76	2	3	1	2
518	2015-05-21 11:19:08.726	1	3	1	2
520	2015-05-21 11:19:44.838	1	3	1	2
521	2015-05-21 11:27:58.252	2	3	1	2
522	2015-05-21 12:21:51.499	2	3	1	2
523	2015-05-21 13:29:49.701	1	3	1	2
524	2015-05-21 13:54:39.316	2	3	1	2
525	2015-05-22 05:55:59.96	4	3	1	2
526	2015-05-22 06:50:29.287	4	3	1	2
527	2015-05-22 07:56:06.649	4	3	1	2
528	2015-05-22 08:50:07.49	2	3	1	2
529	2015-05-22 08:50:07.64	4	3	1	2
530	2015-05-22 10:50:25.561	4	3	1	2
531	2015-05-22 11:19:10.894	2	3	1	2
532	2015-05-22 11:42:04.27	2	3	1	2
533	2015-05-22 11:42:07.132	1	3	1	2
534	2015-05-22 11:42:40.876	4	3	1	2
535	2015-05-22 11:42:50.293	1	3	1	2
536	2015-05-22 11:42:51.437	1	3	1	2
537	2015-05-22 12:03:40.139	4	3	2	2
538	2015-05-22 12:08:20.575	2	3	1	2
539	2015-05-22 13:04:56.325	5	3	2	2
540	2015-05-22 13:04:58.488	5	3	2	2
541	2015-05-22 13:04:59.59	5	3	2	2
542	2015-05-22 13:05:01.402	5	3	2	2
543	2015-05-22 13:05:12.304	5	3	2	2
544	2015-05-22 13:05:24.003	5	3	1	2
545	2015-05-22 13:10:32.637	2	3	1	2
546	2015-05-26 06:49:13.259	4	3	1	2
547	2015-05-26 06:49:20.68	2	3	1	2
548	2015-05-26 07:16:47.246	2	3	1	2
551	2015-05-26 07:55:36.551	4	3	1	2
552	2015-05-26 07:56:39.764	2	3	1	2
553	2015-05-26 07:57:10.289	1	3	1	2
554	2015-05-26 08:35:46.749	4	3	1	2
555	2015-05-26 10:03:44.408	2	3	1	2
556	2015-05-26 10:04:06.048	4	3	1	2
557	2015-05-26 10:04:06.859	1	3	1	2
558	2015-05-26 10:33:28.738	1	3	2	2
559	2015-05-26 10:45:07.67	4	3	1	2
560	2015-05-26 11:11:05.545	1	3	1	2
561	2015-05-26 11:23:27.71	2	3	1	2
562	2015-05-26 11:23:29.032	4	3	1	2
563	2015-05-26 12:49:52.621	2	3	1	2
564	2015-05-26 13:05:54.139	2	3	1	2
565	2015-05-26 13:46:42.782	2	3	1	2
566	2015-05-26 14:18:48.435	2	3	1	2
1096	2015-08-24 08:17:56.413	2	3	1	2
1097	2015-08-24 08:43:30.82	4	3	1	2
1100	2015-08-24 11:37:13.34	2	3	2	2
1180	2015-09-02 12:17:12.542	4	3	1	2
1198	2015-09-07 07:15:05.295	2	3	1	2
1202	2015-09-07 10:25:11.63	2	3	1	2
1204	2015-09-07 10:40:32.955	1	3	1	2
1207	2015-09-07 12:47:25.713	4	3	1	2
1209	2015-09-08 08:54:57.609	4	3	1	2
1210	2015-09-08 09:00:13.717	2	3	1	2
1219	2015-09-11 06:56:31.2	2	3	1	2
1224	2015-09-11 10:41:22.633	2	3	1	2
1226	2015-09-11 10:42:23.261	4	3	1	2
1230	2015-09-11 11:12:02.104	4	3	1	2
1231	2015-09-11 11:12:05.773	2	3	1	2
1237	2015-09-14 07:02:43.838	4	3	1	2
1238	2015-09-14 07:28:44.991	4	3	1	2
1241	2015-09-14 10:40:41.523	4	3	1	2
1245	2015-09-14 12:27:03.108	2	3	1	2
1247	2015-09-15 08:46:02.875	4	3	1	2
1252	2015-09-15 11:42:38.536	4	3	1	2
1255	2015-09-16 09:47:52.436	4	3	1	2
1260	2015-09-16 12:45:52.779	2	3	2	2
1270	2015-09-21 06:45:19.168	2	3	1	2
1275	2015-09-21 10:31:03.92	2	3	1	2
1277	2015-09-21 11:37:19.107	2	3	1	2
1281	2015-09-22 09:39:18.388	4	3	1	2
1286	2015-09-23 10:26:55.08	2	3	1	2
1301	2015-09-23 16:30:58.406	1	3	2	2
1304	2015-09-24 07:29:27.49	4	3	1	2
1307	2015-09-24 08:34:39.641	2	3	1	2
1310	2015-09-24 10:17:03.81	1	3	1	2
1311	2015-09-24 10:40:24.702	2	3	1	2
1314	2015-09-24 12:39:51.112	2	3	1	2
1318	2015-09-25 06:11:44.759	4	3	1	2
1320	2015-09-25 06:54:39.365	2	3	1	2
1328	2015-09-25 10:12:07.699	2	3	1	2
1332	2015-09-25 10:59:25.212	4	3	1	2
1333	2015-09-25 10:59:52.248	2	3	1	2
1341	2015-09-28 07:00:10.119	1	3	1	2
1345	2015-09-28 07:53:35.965	2	3	1	2
1356	2015-09-28 11:32:18.597	2	3	1	2
1358	2015-09-28 12:45:17.674	4	3	1	2
1360	2015-09-28 13:33:39.157	4	3	1	2
1361	2015-09-28 13:46:51.891	1	3	1	2
1362	2015-09-28 13:46:57.478	2	3	1	2
1363	2015-09-28 14:57:26.238	4	3	1	2
1365	2015-09-29 06:16:17.154	2	3	1	2
1367	2015-09-29 07:39:52.799	4	3	1	2
1368	2015-09-29 08:52:52.473	4	3	1	2
1369	2015-09-29 09:24:51.255	4	3	1	2
1371	2015-09-29 09:26:20.887	1	3	1	2
1372	2015-09-29 09:26:24.323	2	3	1	2
1525	2015-10-09 07:02:09.015	2	3	1	2
1526	2015-10-09 07:32:38.123	2	3	1	2
1529	2015-10-09 07:58:49.781	2	3	1	2
1530	2015-10-09 09:55:25.223	4	3	1	2
1532	2015-10-09 10:07:28.151	4	3	1	2
1533	2015-10-09 10:19:48.046	2	3	1	2
1534	2015-10-09 10:54:19.231	4	3	1	2
1535	2015-10-09 10:55:15.42	1	3	1	2
1563	2015-10-12 12:43:48.465	7	3	1	2
1605	2015-10-26 10:43:45.483	4	3	1	2
1613	2015-10-27 13:40:49.269	4	3	1	2
1620	2015-10-29 09:52:07.714	4	3	1	2
1621	2015-10-29 09:54:09.731	7	3	1	2
1634	2015-11-02 09:46:42.818	4	3	1	2
1636	2015-11-02 10:41:17.533	4	3	1	2
1645	2015-11-03 18:11:33.454	4	3	1	2
1664	2015-11-10 11:28:54.595	2	3	1	2
1667	2015-11-10 13:27:12.953	4	3	1	2
1668	2015-11-10 13:27:14.874	4	3	1	2
1669	2015-11-10 13:27:19.228	4	3	1	2
1672	2015-11-10 14:10:46.277	2	3	1	2
1673	2015-11-11 07:25:30.287	2	3	1	2
1675	2015-11-11 11:29:16.106	2	3	1	2
1677	2015-11-11 13:10:28.3	2	3	1	2
1678	2015-11-11 14:25:58.143	1	3	1	2
1213	2015-09-08 11:08:50.34	4	3	1	2
1214	2015-09-08 13:28:20.825	4	3	1	2
1212	2015-09-08 09:47:56.414	4	3	1	2
1683	2015-11-12 09:59:02.042	4	3	1	2
1685	2015-11-12 10:43:35.826	2	3	1	2
1686	2015-11-12 10:47:19.417	4	3	1	2
1690	2015-11-12 12:50:23.801	2	3	1	2
1691	2015-11-13 08:02:38.922	4	3	1	2
1693	2015-11-13 08:58:44.664	2	3	1	2
1694	2015-11-13 09:18:26.984	4	3	1	2
1695	2015-11-13 09:35:44.073	2	3	1	2
1699	2015-11-13 11:17:31.586	4	3	2	2
1704	2015-11-13 13:19:12.678	2	3	1	2
1706	2015-11-13 14:03:46.022	2	3	1	2
1707	2015-11-16 07:14:02.875	2	3	1	2
1711	2015-11-16 10:29:27.26	4	3	1	2
1714	2015-11-16 12:29:34.161	2	3	1	2
1715	2015-11-16 12:54:44.013	4	3	1	2
1716	2015-11-16 13:09:51.179	2	3	1	2
1717	2015-11-16 14:09:05.705	4	3	1	2
1718	2015-11-16 14:59:52.085	2	3	1	2
1719	2015-11-17 07:48:40.492	4	3	1	2
1720	2015-11-17 07:56:00.601	2	3	1	2
1724	2015-11-17 12:00:29.551	4	3	1	2
1725	2015-11-17 12:27:58.147	2	3	1	2
1726	2015-11-17 12:50:13.049	4	3	1	2
1728	2015-11-17 13:31:40.466	2	3	1	2
1729	2015-11-18 07:18:25.33	4	3	1	2
1736	2015-11-18 10:34:41.212	4	3	1	2
1737	2015-11-18 11:38:20.323	4	3	1	2
1738	2015-11-18 11:41:19.25	2	3	1	2
1739	2015-11-18 12:56:10.552	1	3	1	2
1741	2015-11-18 13:29:53.963	2	3	1	2
1742	2015-11-18 14:36:43.666	2	3	1	2
1743	2015-11-18 15:26:15.649	2	3	1	2
1744	2015-11-19 09:40:49.339	2	3	1	2
1748	2015-11-19 12:12:27.934	2	3	1	2
1749	2015-11-19 12:37:27.315	4	3	1	2
1752	2015-11-19 12:38:23.188	1	3	1	2
1753	2015-11-19 12:38:27.377	2	3	1	2
1756	2015-11-19 13:53:44.239	6	3	1	2
1759	2015-11-20 08:53:27.598	3	3	1	2
1768	2015-11-20 13:28:57.166	4	3	1	2
1771	2015-11-23 11:22:39.463	2	3	1	2
1772	2015-11-23 14:11:39.256	2	3	1	2
1773	2015-11-23 15:50:11.102	6	3	1	2
1774	2015-11-23 15:50:15.571	1	3	1	2
1775	2015-11-24 08:12:26.298	4	3	1	2
1780	2015-11-24 11:56:46.34	4	3	1	2
1781	2015-11-24 12:28:29.3	3	3	1	2
1782	2015-11-24 12:37:00.406	3	3	1	2
1784	2015-11-24 15:08:40.696	2	3	1	2
1786	2015-11-25 07:51:38.218	4	3	1	2
1787	2015-11-25 07:51:44.067	4	3	1	2
1788	2015-11-25 08:35:13.161	4	3	1	2
567	2015-05-26 14:39:31.292	4	3	1	2
568	2015-05-27 05:07:33.596	4	3	1	2
569	2015-05-27 06:28:28.58	4	3	1	2
570	2015-05-27 06:49:56.081	2	3	1	2
571	2015-05-27 07:22:39.024	2	3	1	2
572	2015-05-27 08:17:30.91	2	3	1	2
573	2015-05-27 10:25:42.441	4	3	1	2
574	2015-05-27 10:38:31.054	2	3	1	2
575	2015-05-27 10:52:32.601	1	3	1	2
576	2015-05-27 10:54:44.667	2	3	1	2
577	2015-05-27 10:59:24.847	4	3	1	2
578	2015-05-27 11:27:56.694	2	3	1	2
579	2015-05-27 11:33:34.958	4	3	1	2
580	2015-05-27 11:37:13.262	4	3	2	2
581	2015-05-27 11:37:17.431	1	3	2	2
582	2015-05-27 11:37:33.489	2	3	1	2
583	2015-05-27 12:00:21.301	2	3	1	2
584	2015-05-27 14:45:25.043	2	3	1	2
585	2015-05-28 06:55:43.76	4	3	1	2
586	2015-05-28 06:56:24.163	2	3	1	2
587	2015-05-28 07:10:12.084	2	3	1	2
588	2015-05-28 07:10:50.439	4	3	1	2
589	2015-05-28 07:22:56.451	2	3	1	2
590	2015-05-28 08:01:34.346	4	3	1	2
591	2015-05-28 08:17:30.895	2	3	1	2
592	2015-05-28 10:02:11.603	4	3	1	2
593	2015-05-28 11:21:39.148	2	3	1	2
594	2015-05-28 12:05:05.214	1	3	1	2
595	2015-05-28 12:07:24.562	2	3	1	2
596	2015-05-28 12:12:04.776	4	3	1	2
597	2015-05-28 12:34:10.549	4	3	1	2
598	2015-05-28 12:47:33.981	2	3	1	2
599	2015-05-28 12:57:55.02	4	3	1	2
600	2015-05-28 13:23:30.094	2	3	1	2
601	2015-05-29 05:11:53.278	4	3	1	2
602	2015-05-29 05:37:59.928	4	3	1	2
603	2015-05-29 06:05:13.202	2	3	1	2
604	2015-05-29 06:08:51.448	4	3	1	2
605	2015-05-29 06:12:58.519	2	3	1	2
606	2015-05-29 06:47:23.654	2	3	1	2
607	2015-05-29 08:19:42.182	2	3	1	2
608	2015-05-29 11:06:44.667	2	3	1	2
609	2015-05-29 12:28:40.784	4	3	1	2
610	2015-05-29 12:29:10.129	4	3	1	2
611	2015-06-01 06:05:27.836	2	3	1	2
612	2015-06-01 07:03:09.826	2	3	1	2
613	2015-06-01 07:21:41.206	2	3	1	2
614	2015-06-01 08:26:47.474	4	3	1	2
615	2015-06-01 08:26:48.79	4	3	1	2
616	2015-06-01 08:28:41.505	1	3	1	2
617	2015-06-01 08:28:43.273	1	3	1	2
618	2015-06-01 08:43:40.926	4	3	1	2
619	2015-06-01 09:38:11.591	4	3	1	2
620	2015-06-01 09:42:57.234	2	3	1	2
621	2015-06-01 10:30:52.481	2	3	1	2
622	2015-06-01 11:37:37.989	2	3	1	2
623	2015-06-01 11:38:11.114	4	3	1	2
624	2015-06-01 12:35:26.087	4	3	1	2
625	2015-06-01 13:59:37.074	1	3	1	2
626	2015-06-01 15:30:06.994	1	3	1	2
627	2015-06-02 06:39:30.8	2	3	1	2
628	2015-06-02 07:59:02.384	4	3	1	2
629	2015-06-02 07:59:03.494	4	3	1	2
630	2015-06-02 07:59:35.046	2	3	1	2
631	2015-06-02 08:30:37.264	4	3	1	2
632	2015-06-02 09:39:23.19	4	3	1	2
633	2015-06-02 10:07:51.3	2	3	1	2
634	2015-06-02 10:07:58.16	4	3	1	2
635	2015-06-02 10:45:58.938	1	3	1	2
636	2015-06-02 11:34:05	4	3	2	2
637	2015-06-02 11:37:02.824	4	3	1	2
638	2015-06-02 11:37:20.004	2	3	1	2
639	2015-06-02 11:37:26.536	1	3	1	2
640	2015-06-02 18:38:58.664	2	3	1	2
641	2015-06-04 08:12:13.087	1	3	1	2
642	2015-06-04 08:12:22.26	4	3	1	2
643	2015-06-04 08:17:16.901	2	3	1	2
644	2015-06-04 08:17:24.022	2	3	1	2
645	2015-06-04 11:33:14.794	4	3	1	2
646	2015-06-04 11:33:21.774	4	3	1	2
647	2015-06-04 11:34:50.888	1	3	1	2
648	2015-06-04 11:35:03.285	2	3	1	2
649	2015-06-04 11:35:05.824	2	3	1	2
650	2015-06-04 19:24:21.91	4	3	1	2
651	2015-06-05 06:21:26.975	2	3	1	2
652	2015-06-05 06:21:29.239	2	3	1	2
653	2015-06-05 06:21:30.442	2	3	1	2
654	2015-06-05 06:48:50.314	2	3	1	2
655	2015-06-05 09:46:38.281	4	3	1	2
656	2015-06-05 11:03:25.954	2	3	1	2
657	2015-06-05 11:30:59.39	4	3	1	2
658	2015-06-05 11:37:00.394	4	3	2	2
659	2015-06-05 11:41:13.586	2	3	1	2
660	2015-06-05 12:41:46.112	4	3	1	2
661	2015-06-05 14:19:33.283	4	3	2	2
662	2015-06-08 06:44:01.595	2	3	1	2
663	2015-06-08 07:33:26.939	2	3	1	2
664	2015-06-08 07:34:29.998	4	3	1	2
665	2015-06-08 09:49:06.838	4	3	1	2
666	2015-06-08 09:50:21.29	2	3	1	2
667	2015-06-08 11:28:23.515	2	3	1	2
668	2015-06-08 11:35:56.095	1	3	1	2
669	2015-06-08 11:35:58.075	1	3	1	2
670	2015-06-08 11:37:01.032	4	3	1	2
671	2015-06-08 12:05:21.42	2	3	1	2
672	2015-06-08 12:05:27.963	1	3	1	2
673	2015-06-08 12:44:22.522	4	3	1	2
679	2015-06-08 13:25:07.948	2	3	1	2
680	2015-06-08 13:25:13.261	4	3	1	2
681	2015-06-08 15:07:31.689	4	3	1	2
682	2015-06-09 07:21:55.239	4	3	1	2
683	2015-06-09 08:33:16.193	4	3	1	2
684	2015-06-09 09:32:37.256	4	3	2	2
685	2015-06-09 12:32:35.288	4	3	1	2
686	2015-06-09 12:32:51.698	2	3	1	2
687	2015-06-11 10:30:16.767	3	3	1	2
688	2015-06-11 10:34:30.193	2	3	1	2
689	2015-06-11 10:40:08.217	4	3	1	2
690	2015-06-11 11:26:10.888	2	3	1	2
691	2015-06-11 11:37:00.385	4	3	1	2
692	2015-06-11 11:37:23.471	2	3	1	2
693	2015-06-11 11:37:26.581	1	3	1	2
694	2015-06-11 12:32:39.733	2	3	1	2
695	2015-06-11 13:05:46.73	2	3	1	2
697	2015-06-11 13:15:22.04	4	3	1	2
698	2015-06-11 13:29:40.77	4	3	1	2
699	2015-06-11 14:02:35.018	2	3	1	2
700	2015-06-11 14:21:37.647	4	3	1	2
701	2015-06-11 14:27:50.477	4	3	2	2
702	2015-06-12 05:18:49.665	4	3	1	2
703	2015-06-12 05:57:01.436	4	3	1	2
704	2015-06-12 08:14:28.893	2	3	1	2
705	2015-06-12 08:14:41.996	4	3	1	2
706	2015-06-12 08:14:45.424	1	3	1	2
707	2015-06-12 09:48:22.883	4	3	1	2
708	2015-06-12 09:48:58.659	2	3	1	2
709	2015-06-12 10:39:28.083	2	3	1	2
711	2015-06-12 10:41:32.719	1	3	1	2
713	2015-06-12 11:39:10.842	2	3	1	2
1225	2015-09-11 10:42:21.928	4	3	1	2
1227	2015-09-11 10:42:24.345	4	3	1	2
1248	2015-09-15 08:46:16.249	4	3	1	2
1250	2015-09-15 11:01:16.873	1	3	1	2
1251	2015-09-15 11:01:21.114	2	3	1	2
1282	2015-09-22 10:34:27.779	4	3	1	2
1305	2015-09-24 07:33:07.197	2	3	1	2
1308	2015-09-24 09:36:38.703	4	3	1	2
1309	2015-09-24 09:56:31.803	4	3	1	2
1312	2015-09-24 11:31:40.292	2	3	1	2
1316	2015-09-24 16:05:49.701	4	3	1	2
1319	2015-09-25 06:40:26.137	4	3	1	2
1324	2015-09-25 07:54:37.209	4	3	1	2
1325	2015-09-25 08:40:49.197	2	3	1	2
1330	2015-09-25 10:25:52.327	4	3	1	2
1334	2015-09-25 12:34:48.894	4	3	1	2
1335	2015-09-25 12:34:51.198	4	3	1	2
1336	2015-09-25 13:24:11.663	2	3	1	2
1337	2015-09-25 13:44:12.284	2	3	1	2
1342	2015-09-28 07:00:27.048	7	3	1	2
1347	2015-09-28 08:25:56.608	4	3	1	2
1348	2015-09-28 09:26:27.657	4	3	1	2
1353	2015-09-28 10:05:01.85	7	3	1	2
1354	2015-09-28 10:11:01.772	2	3	1	2
1370	2015-09-29 09:26:20.838	7	3	1	2
1373	2015-09-29 09:57:44.651	2	3	1	2
1374	2015-09-29 10:17:20.568	4	3	1	2
1375	2015-09-29 10:19:42.908	2	3	1	2
1376	2015-09-29 10:26:08.786	4	3	1	2
1380	2015-09-29 12:18:32.607	4	3	1	2
1381	2015-09-29 12:19:02.721	7	3	1	2
1382	2015-09-29 12:19:07.736	2	3	1	2
1383	2015-09-29 13:16:23.841	4	3	1	2
1384	2015-09-29 13:58:45.619	4	3	1	2
1385	2015-09-29 14:00:22.549	2	3	1	2
1386	2015-09-30 09:19:50.398	1	3	1	2
1387	2015-09-30 09:19:54.423	2	3	1	2
1388	2015-09-30 09:20:10.227	7	3	1	2
1389	2015-09-30 09:59:10.143	1	3	1	2
1390	2015-09-30 10:36:28.317	2	3	2	2
1391	2015-09-30 10:36:31.409	1	3	2	2
1392	2015-09-30 12:39:18.54	7	3	1	2
1393	2015-09-30 12:41:19.586	2	3	1	2
1394	2015-09-30 13:02:23.652	2	3	1	2
1395	2015-09-30 13:04:41.104	7	3	1	2
1396	2015-09-30 13:44:25.792	2	3	1	2
1397	2015-09-30 14:05:47.067	2	3	1	2
1398	2015-09-30 14:19:39.048	2	3	1	2
1399	2015-10-01 06:15:20.785	7	3	1	2
1400	2015-10-01 06:59:37.966	2	3	1	2
1401	2015-10-01 07:14:54.524	1	3	1	2
1405	2015-10-01 09:52:20.512	1	3	1	2
1406	2015-10-01 09:52:20.928	2	3	1	2
1407	2015-10-01 11:02:41.979	2	3	1	2
1409	2015-10-01 11:46:55.417	2	3	1	2
1410	2015-10-01 12:02:07.531	7	3	1	2
1411	2015-10-01 12:57:13.806	2	3	1	2
1413	2015-10-01 13:14:20.941	1	3	1	2
1414	2015-10-01 13:54:41.291	2	3	1	2
1415	2015-10-02 06:22:21.143	7	3	1	2
1416	2015-10-02 07:02:47.971	7	3	1	2
1417	2015-10-02 07:03:59.17	2	3	1	2
1418	2015-10-02 08:57:24.08	2	3	1	2
1419	2015-10-02 09:39:49.647	2	3	1	2
1420	2015-10-02 10:59:11.009	2	3	1	2
1421	2015-10-02 13:10:23.96	2	3	1	2
1422	2015-10-02 13:47:16.259	7	3	1	2
1455	2015-10-05 06:29:41.228	7	3	1	2
1457	2015-10-05 08:30:14.376	4	3	1	2
1458	2015-10-05 08:39:43.976	2	3	1	2
1459	2015-10-05 09:20:08.985	7	3	1	2
1461	2015-10-05 09:54:19.105	2	3	1	2
1463	2015-10-05 10:24:13.682	2	3	1	2
1464	2015-10-05 10:36:57.275	4	3	1	2
1465	2015-10-05 10:50:50.124	7	3	1	2
1467	2015-10-05 11:58:45.996	4	3	1	2
1470	2015-10-05 12:34:32.298	4	3	1	2
1471	2015-10-05 12:54:15.713	4	3	1	2
1472	2015-10-05 13:19:12.559	2	3	1	2
1473	2015-10-06 06:35:12.017	7	3	1	2
1475	2015-10-06 08:26:43.732	2	3	1	2
1477	2015-10-06 09:41:18.356	2	3	1	2
1478	2015-10-06 10:12:49.458	1	3	1	2
1480	2015-10-06 10:55:05.712	7	3	1	2
1481	2015-10-06 12:37:40.516	2	3	1	2
1482	2015-10-06 13:37:54.946	7	3	1	2
1483	2015-10-06 14:00:37.22	2	3	1	2
1484	2015-10-06 15:49:06.936	1	3	1	2
1485	2015-10-07 06:03:25.779	2	3	1	2
1491	2015-10-07 10:41:54.582	2	3	1	2
1496	2015-10-07 11:22:26.888	1	3	2	2
1500	2015-10-07 12:54:59.163	2	3	2	2
1502	2015-10-08 05:14:01.816	4	3	1	2
1505	2015-10-08 07:07:50.18	4	3	1	2
1516	2015-10-08 12:59:13.295	2	3	1	2
1517	2015-10-08 13:17:04.633	2	3	1	2
1520	2015-10-09 05:07:14.432	4	3	1	2
1537	2015-10-09 11:20:53.505	2	3	1	2
1539	2015-10-09 12:32:33.828	4	3	1	2
1540	2015-10-09 12:35:49.33	2	3	1	2
1541	2015-10-11 14:09:08.422	1	3	1	2
1542	2015-10-11 14:09:11.574	1	3	1	2
1543	2015-10-11 19:40:57.055	1	3	1	2
1544	2015-10-12 07:13:57.78	4	3	1	2
1545	2015-10-12 07:14:03.581	2	3	1	2
1546	2015-10-12 07:14:13.647	4	3	1	2
1549	2015-10-12 07:28:04.252	2	3	1	2
1550	2015-10-12 07:56:23.885	4	3	1	2
1553	2015-10-12 09:35:01.042	7	3	1	2
1554	2015-10-12 09:54:04.027	1	3	1	2
1555	2015-10-12 09:56:10.234	4	3	1	2
1556	2015-10-12 09:57:49.453	2	3	1	2
1558	2015-10-12 11:21:23.947	4	3	1	2
1559	2015-10-12 11:22:34.065	2	3	1	2
1564	2015-10-12 13:22:44.68	2	3	1	2
1565	2015-10-12 14:12:11.11	2	3	1	2
1566	2015-10-12 14:26:13.054	2	3	2	2
1568	2015-10-13 05:59:48.803	4	3	1	2
1570	2015-10-13 06:33:29.682	7	3	2	2
1571	2015-10-13 07:49:45.725	7	3	2	2
1573	2015-10-13 10:01:15.972	7	3	1	2
1574	2015-10-13 14:04:46.397	7	3	1	2
1575	2015-10-14 11:08:49.161	4	3	1	2
1578	2015-10-14 18:54:55.108	4	3	1	2
1579	2015-10-15 04:08:06.925	4	3	1	2
1580	2015-10-15 04:50:55.555	4	3	1	2
1581	2015-10-15 06:50:25.634	4	3	1	2
1583	2015-10-15 08:45:43.723	4	3	1	2
1584	2015-10-15 09:30:47.991	4	3	1	2
1585	2015-10-15 10:08:04.214	4	3	1	2
1587	2015-10-15 16:55:50.987	1	3	1	2
1588	2015-10-20 15:26:15.55	1	3	1	2
710	2015-06-12 10:41:26.387	1	3	1	2
712	2015-06-12 10:46:14.398	4	3	1	2
714	2015-06-12 13:53:16.068	2	3	1	2
715	2015-06-15 07:36:19.01	4	3	1	2
717	2015-06-15 07:42:34.8	2	3	1	2
718	2015-06-15 08:00:06.762	2	3	2	2
719	2015-06-15 08:11:07.849	4	3	1	2
720	2015-06-15 08:11:53.659	1	3	2	2
721	2015-06-15 08:12:27.725	2	3	1	2
722	2015-06-15 08:12:34	2	3	2	2
723	2015-06-15 08:12:48.855	1	3	2	2
724	2015-06-15 08:12:51.924	4	3	2	2
725	2015-06-15 09:55:10.178	4	3	1	2
726	2015-06-15 09:57:52.994	2	3	1	2
727	2015-06-15 12:17:28.917	2	3	1	2
728	2015-06-15 12:18:03.435	4	3	1	2
729	2015-06-16 07:27:10.548	2	3	1	2
730	2015-06-16 07:59:44.513	2	3	1	2
731	2015-06-16 08:07:21.782	4	3	1	2
732	2015-06-16 09:53:41.969	1	3	1	2
733	2015-06-16 10:59:31.855	4	3	1	2
734	2015-06-16 11:26:18.873	2	3	1	2
735	2015-06-16 12:07:13.361	4	3	1	2
736	2015-06-16 12:08:13.962	2	3	1	2
737	2015-06-17 06:55:01.951	2	3	1	2
738	2015-06-17 08:25:08.705	2	3	1	2
739	2015-06-17 09:34:51.808	1	3	1	2
740	2015-06-17 09:52:05.819	4	3	1	2
741	2015-06-17 13:27:54.733	2	3	1	2
742	2015-06-17 14:02:03.953	4	3	1	2
743	2015-06-17 14:19:45.318	2	3	1	2
744	2015-06-17 14:37:30.539	4	3	1	2
746	2015-06-18 06:44:24.757	2	3	1	2
747	2015-06-18 07:46:43.093	2	3	1	2
748	2015-06-18 08:21:01.016	2	3	1	2
749	2015-06-18 09:58:05.736	2	3	1	2
750	2015-06-18 10:47:38.408	2	3	1	2
751	2015-06-18 10:49:40.999	1	3	1	2
752	2015-06-18 12:04:54.201	1	3	1	2
753	2015-06-18 12:14:48.332	2	3	1	2
754	2015-06-18 12:51:49.153	3	3	1	2
755	2015-06-18 13:35:21.638	2	3	1	2
756	2015-06-18 13:35:41.745	1	3	1	2
757	2015-06-19 11:12:05.494	1	3	1	2
758	2015-06-19 11:55:52.95	3	3	1	2
760	2015-06-22 07:32:52.554	4	3	1	2
761	2015-06-22 08:09:48.226	4	3	1	2
763	2015-06-22 08:10:20.682	2	3	1	2
764	2015-06-22 08:10:23.763	2	3	1	2
765	2015-06-22 08:10:25.125	1	3	1	2
766	2015-06-22 09:39:58.514	4	3	1	2
767	2015-06-22 09:56:38.652	1	3	1	2
768	2015-06-22 10:38:07.382	2	3	1	2
769	2015-06-22 11:28:34.634	2	3	1	2
770	2015-06-22 11:33:52.699	4	3	1	2
771	2015-06-22 13:13:58.669	3	3	1	2
772	2015-06-22 13:14:00.463	3	3	1	2
773	2015-06-22 13:47:02.862	4	3	1	2
774	2015-06-22 13:47:19.633	2	3	1	2
775	2015-06-23 07:14:53.875	4	3	1	2
776	2015-06-23 07:32:32.449	4	3	1	2
777	2015-06-23 07:33:16.794	2	3	1	2
778	2015-06-23 07:52:32.961	2	3	1	2
779	2015-06-23 08:17:38.151	2	3	1	2
780	2015-06-23 09:31:52.593	1	3	1	2
781	2015-06-23 09:45:07.566	4	3	1	2
782	2015-06-23 10:15:18.156	3	3	1	2
783	2015-06-23 10:36:40.402	4	3	1	2
784	2015-06-23 10:40:04.223	2	3	1	2
785	2015-06-23 11:21:58.182	4	3	1	2
786	2015-06-23 11:47:36.895	2	3	1	2
787	2015-06-23 12:15:06.611	4	3	1	2
788	2015-06-23 13:25:27.891	4	3	1	2
790	2015-06-24 07:15:51.491	4	3	1	2
791	2015-06-24 10:06:38.608	4	3	1	2
792	2015-06-24 10:07:03.837	2	3	1	2
793	2015-06-24 11:05:42.694	2	3	1	2
794	2015-06-24 11:06:09.658	4	3	1	2
795	2015-06-24 11:47:07.35	2	3	1	2
796	2015-06-24 12:05:13.68	4	3	1	2
797	2015-06-24 13:19:45.619	1	3	1	2
798	2015-06-24 13:19:49.277	4	3	1	2
799	2015-06-24 13:22:10.061	2	3	1	2
800	2015-06-24 13:48:27.985	2	3	1	2
801	2015-06-25 07:05:38.017	4	3	1	2
802	2015-06-25 07:10:42.914	2	3	1	2
803	2015-06-25 08:10:05.697	2	3	1	2
804	2015-06-25 08:42:50.163	3	3	1	2
805	2015-06-25 09:25:15.851	4	3	1	2
806	2015-06-25 09:38:41.135	2	3	1	2
807	2015-06-25 09:41:06.785	4	3	2	2
808	2015-06-25 10:20:09.511	2	3	1	2
809	2015-06-25 11:00:06.683	4	3	1	2
810	2015-06-25 11:00:34.945	2	3	1	2
811	2015-06-25 13:33:47.264	2	3	1	2
812	2015-06-25 14:50:08.08	3	3	1	2
813	2015-06-26 06:50:14.32	2	3	1	2
814	2015-06-26 07:04:51.651	2	3	1	2
815	2015-06-26 07:29:31.894	2	3	1	2
816	2015-06-26 08:34:05.89	2	3	1	2
817	2015-06-26 08:46:20.287	4	3	1	2
818	2015-06-26 10:34:13.929	4	3	1	2
819	2015-06-26 10:34:43.122	2	3	1	2
820	2015-06-26 10:59:37.533	2	3	1	2
821	2015-06-26 11:20:49.987	3	3	1	2
822	2015-06-26 11:33:54.161	4	3	1	2
823	2015-06-26 12:12:50.02	2	3	1	2
824	2015-06-29 07:07:35.992	2	3	1	2
825	2015-06-29 07:29:02.49	2	3	1	2
826	2015-06-29 07:29:35.084	4	3	1	2
827	2015-06-29 08:11:02.536	4	3	1	2
828	2015-06-29 08:26:15.378	2	3	1	2
829	2015-06-29 09:49:52.377	4	3	1	2
830	2015-06-29 12:01:51.433	2	3	1	2
831	2015-06-29 12:02:27.674	4	3	1	2
832	2015-06-29 12:31:31.197	2	3	1	2
833	2015-06-29 12:31:39.67	4	3	1	2
834	2015-06-29 13:06:00.624	4	3	1	2
835	2015-06-29 13:21:37.395	2	3	1	2
836	2015-06-29 13:42:47.476	2	3	1	2
837	2015-06-30 07:07:40.877	2	3	1	2
838	2015-06-30 07:10:26.816	4	3	1	2
839	2015-06-30 07:41:03.103	2	3	1	2
840	2015-06-30 08:36:51.936	2	3	1	2
841	2015-06-30 09:46:33.411	4	3	1	2
842	2015-06-30 10:53:04.671	4	3	1	2
843	2015-06-30 11:01:47.116	2	3	1	2
844	2015-06-30 11:37:00.494	2	3	1	2
845	2015-06-30 13:00:14.242	2	3	1	2
846	2015-06-30 13:54:55.748	4	3	1	2
847	2015-07-01 06:00:45.725	2	3	1	2
848	2015-07-01 07:39:29.946	2	3	1	2
849	2015-07-01 08:14:34.272	2	3	1	2
850	2015-07-01 08:16:35.916	4	3	1	2
851	2015-07-01 09:12:14.021	3	3	1	2
852	2015-07-01 10:13:55.583	4	3	1	2
855	2015-07-01 12:28:10.488	4	3	1	2
857	2015-07-01 14:01:07.646	2	3	1	2
1283	2015-09-22 10:37:49.266	2	3	1	2
1321	2015-09-25 07:16:45.764	4	3	1	2
1322	2015-09-25 07:16:51.16	2	3	1	2
1323	2015-09-25 07:38:14.165	2	3	1	2
1327	2015-09-25 09:28:22.864	2	3	1	2
1329	2015-09-25 10:22:27.811	1	3	1	2
1378	2015-09-29 10:56:22.2	2	3	1	2
1379	2015-09-29 11:38:35.795	4	3	1	2
1402	2015-10-01 07:40:39.983	7	3	1	2
1403	2015-10-01 08:02:17.727	2	3	1	2
1404	2015-10-01 09:51:32.451	7	3	1	2
1408	2015-10-01 11:04:13.94	1	3	1	2
1412	2015-10-01 13:13:29.737	2	3	1	2
1456	2015-10-05 07:26:13.807	2	3	1	2
1460	2015-10-05 09:28:48.397	4	3	1	2
1462	2015-10-05 10:11:54.99	4	3	1	2
1466	2015-10-05 10:52:42.255	4	3	1	2
1468	2015-10-05 11:59:44.108	2	3	1	2
1469	2015-10-05 12:22:56.393	2	3	1	2
1474	2015-10-06 07:39:07.23	1	3	1	2
1476	2015-10-06 09:41:17.787	4	3	1	2
1479	2015-10-06 10:50:29.242	2	3	1	2
1486	2015-10-07 06:48:19.373	7	3	1	2
1487	2015-10-07 07:22:59.423	2	3	1	2
1488	2015-10-07 08:17:13.757	7	3	1	2
1489	2015-10-07 09:45:12.469	2	3	1	2
1490	2015-10-07 09:56:02.531	1	3	1	2
1492	2015-10-07 11:17:14.027	2	3	1	2
1493	2015-10-07 11:17:23.862	4	3	1	2
1494	2015-10-07 11:17:37.594	1	3	1	2
1497	2015-10-07 11:22:30.834	4	3	1	2
1498	2015-10-07 11:22:45.277	7	3	1	2
1499	2015-10-07 12:48:16.109	2	3	1	2
1501	2015-10-07 13:47:37.332	2	3	1	2
1503	2015-10-08 05:33:13.765	4	3	1	2
1512	2015-10-08 09:37:23.973	2	3	1	2
1515	2015-10-08 12:13:22.113	4	3	1	2
1521	2015-10-09 06:19:45.631	2	3	1	2
1523	2015-10-09 06:44:17.876	4	3	1	2
1538	2015-10-09 11:25:42.364	7	3	1	2
1548	2015-10-12 07:15:17.972	7	3	1	2
1551	2015-10-12 08:49:26.002	4	3	1	2
1552	2015-10-12 09:33:13.062	4	3	1	2
1557	2015-10-12 10:23:13.922	2	3	1	2
1560	2015-10-12 11:59:14.428	4	3	1	2
1567	2015-10-12 15:35:06.099	4	3	1	2
1569	2015-10-13 06:25:27.865	7	3	1	2
1572	2015-10-13 08:34:58.636	4	3	1	2
1576	2015-10-14 11:09:07.55	4	3	1	2
1582	2015-10-15 07:42:44.788	4	3	1	2
1586	2015-10-15 11:12:59.605	4	3	1	2
1589	2015-10-21 07:12:15.587	7	3	1	2
1590	2015-10-21 09:30:02.67	7	3	1	2
1591	2015-10-21 09:41:15.365	1	3	1	2
1606	2015-10-26 13:05:33.914	4	3	1	2
1635	2015-11-02 10:26:20.867	7	3	1	2
1637	2015-11-02 11:23:20.448	4	3	1	2
1639	2015-11-02 13:59:49.002	7	3	1	2
1674	2015-11-11 07:58:38.328	2	3	1	2
1676	2015-11-11 12:41:03.312	2	3	1	2
1679	2015-11-12 07:52:58.102	4	3	1	2
1680	2015-11-12 08:14:32.354	4	3	1	2
1682	2015-11-12 09:00:49.817	2	3	1	2
1687	2015-11-12 11:10:37.514	2	3	1	2
1689	2015-11-12 12:31:53.667	1	3	1	2
1692	2015-11-13 08:52:57.346	4	3	1	2
1697	2015-11-13 10:27:57.487	4	3	1	2
1698	2015-11-13 11:11:49.778	2	3	1	2
1700	2015-11-13 11:19:02.508	1	3	1	2
1708	2015-11-16 07:48:48.305	4	3	1	2
1710	2015-11-16 10:27:09.291	2	3	1	2
1712	2015-11-16 11:27:48.432	4	3	1	2
1721	2015-11-17 08:21:09.085	4	3	1	2
1723	2015-11-17 09:09:33.619	4	3	1	2
1730	2015-11-18 08:33:00.109	4	3	1	2
1733	2015-11-18 09:24:36.399	4	3	1	2
1740	2015-11-18 12:56:13.376	1	3	1	2
1745	2015-11-19 09:40:51.668	2	3	1	2
1746	2015-11-19 10:51:38.764	4	3	1	2
1747	2015-11-19 11:21:00.114	4	3	1	2
1754	2015-11-19 13:09:54.639	2	3	1	2
1755	2015-11-19 13:33:03.673	2	3	1	2
1758	2015-11-19 13:54:10.083	4	3	1	2
1760	2015-11-20 09:10:31.217	2	3	1	2
1761	2015-11-20 09:14:46.616	4	3	1	2
1767	2015-11-20 12:37:00.499	4	3	1	2
1776	2015-11-24 08:12:41.857	4	3	1	2
1777	2015-11-24 09:34:51.248	2	3	1	2
1783	2015-11-24 14:27:20.544	2	3	1	2
1785	2015-11-24 16:13:24.716	2	3	1	2
1789	2015-11-25 09:26:52.192	2	3	1	2
1791	2015-11-25 11:37:13.827	4	3	1	2
1792	2015-11-25 13:01:33.594	3	3	1	2
1793	2015-11-26 07:18:43.976	2	3	1	2
1797	2015-11-26 09:36:06.241	2	3	1	2
1799	2015-11-26 11:26:50.077	2	3	1	2
1800	2015-11-26 11:27:14.645	4	3	1	2
1802	2015-11-26 15:02:22.94	2	3	1	2
1803	2015-11-26 15:51:06.543	2	3	1	2
1807	2015-11-27 09:21:39.834	4	3	1	2
1809	2015-11-27 15:07:25.663	2	3	1	2
1810	2015-11-27 15:21:19.093	3	3	1	2
1811	2015-11-27 23:04:29.798	1	2	2	2
1812	2015-11-30 07:58:30.537	2	3	1	2
1813	2015-11-30 08:01:11.584	4	3	1	2
1814	2015-11-30 08:02:03.952	4	3	1	2
1816	2015-11-30 09:41:39.262	2	3	1	2
1817	2015-11-30 11:01:49.745	2	3	1	2
1818	2015-11-30 11:20:39.171	2	3	1	2
1819	2015-11-30 12:06:58.485	1	3	1	2
1820	2015-11-30 12:08:34.665	4	3	1	2
1822	2015-11-30 12:58:24.849	2	3	1	2
1823	2015-11-30 14:26:43.724	2	3	1	2
1824	2015-11-30 14:49:29.304	4	3	1	2
1825	2015-11-30 15:56:58.442	4	3	1	2
1826	2015-12-01 09:08:47.089	2	3	1	2
1828	2015-12-01 13:36:01.588	4	3	1	2
1830	2015-12-02 12:37:49.589	2	3	1	2
1831	2015-12-02 12:37:59.312	1	3	1	2
1832	2015-12-02 13:38:09.344	2	3	1	2
1833	2015-12-02 13:38:11.415	1	3	1	2
1834	2015-12-03 11:14:03.399	1	3	1	2
1835	2015-12-03 11:15:48.52	2	3	1	2
1836	2015-12-03 12:10:38.335	2	3	1	2
1838	2015-12-03 15:18:43.407	1	3	2	2
1839	2015-12-04 07:51:41.924	2	3	1	2
1840	2015-12-04 14:42:01.331	3	3	1	2
1841	2015-12-07 06:53:49.363	4	3	1	2
1843	2015-12-07 06:53:56.678	4	3	1	2
1844	2015-12-07 13:46:41.914	4	3	1	2
1845	2015-12-07 16:27:11.366	3	3	1	2
1846	2015-12-08 07:00:32.336	2	3	1	2
1847	2015-12-08 07:04:37.484	2	3	2	2
853	2015-07-01 10:18:25.369	2	3	1	2
1504	2015-10-08 06:11:25.263	4	3	1	2
856	2015-07-01 12:43:38.1	2	3	1	2
858	2015-07-02 06:58:25.777	2	3	1	2
859	2015-07-02 07:21:45.565	4	3	1	2
860	2015-07-02 07:21:59.966	2	3	1	2
861	2015-07-02 07:24:54.784	4	3	1	2
862	2015-07-02 08:26:47.69	4	3	1	2
863	2015-07-02 09:56:39.571	4	3	1	2
864	2015-07-02 09:56:40.091	2	3	1	2
865	2015-07-02 10:45:11.439	4	3	1	2
866	2015-07-02 10:45:27.74	2	3	1	2
867	2015-07-02 11:33:37.133	4	3	1	2
868	2015-07-02 11:35:24.795	2	3	1	2
869	2015-07-02 12:22:43.171	4	3	1	2
870	2015-07-02 13:03:23.831	2	3	1	2
871	2015-07-02 14:27:41.636	3	3	1	2
872	2015-07-02 14:30:21.763	5	3	1	2
873	2015-07-03 07:01:13.046	4	3	2	2
874	2015-07-03 08:32:13.915	2	3	1	2
875	2015-07-03 08:32:22.796	2	3	1	2
876	2015-07-03 09:34:19.464	2	3	1	2
877	2015-07-03 10:25:29.098	2	3	1	2
878	2015-07-03 10:47:17.906	3	3	1	2
879	2015-07-03 12:07:39.199	2	3	1	2
880	2015-07-06 08:39:01.244	4	3	1	2
881	2015-07-06 09:48:39.208	4	3	1	2
882	2015-07-06 11:19:47.377	3	3	1	2
883	2015-07-06 13:57:04.285	4	3	1	2
884	2015-07-06 13:57:11.855	1	3	1	2
885	2015-07-07 07:01:13.375	3	3	1	2
886	2015-07-07 07:08:23.075	4	3	1	2
887	2015-07-07 07:40:39.248	4	3	1	2
888	2015-07-07 07:58:57.758	2	3	1	2
889	2015-07-07 08:46:01.954	2	3	1	2
890	2015-07-07 10:04:32.291	4	3	1	2
891	2015-07-07 10:55:05.95	2	3	1	2
892	2015-07-07 11:39:10.574	4	3	1	2
893	2015-07-07 11:40:04.087	1	3	1	2
894	2015-07-07 11:44:33.316	2	3	1	2
895	2015-07-07 12:36:38.283	2	3	1	2
896	2015-07-07 13:10:10.264	2	3	1	2
1506	2015-10-08 07:25:27.768	4	3	1	2
898	2015-07-07 13:10:18.618	4	3	1	2
899	2015-07-08 07:12:43.168	2	3	1	2
900	2015-07-08 10:48:42.602	2	3	1	2
901	2015-07-08 11:05:12.925	2	3	1	2
902	2015-07-08 11:39:20.359	2	3	1	2
903	2015-07-09 07:24:50.484	2	3	1	2
904	2015-07-09 07:25:12.563	4	3	1	2
905	2015-07-09 07:58:26.022	4	3	1	2
906	2015-07-09 08:45:40.119	4	3	1	2
907	2015-07-09 09:47:42.603	4	3	1	2
908	2015-07-09 11:18:43.435	2	3	1	2
909	2015-07-09 11:18:59.975	4	3	1	2
910	2015-07-09 11:19:09	1	3	1	2
911	2015-07-09 13:44:58.857	2	3	1	2
912	2015-07-09 14:07:11.711	2	3	1	2
913	2015-07-10 05:13:18.813	4	3	1	2
914	2015-07-10 06:16:26.177	2	3	1	2
915	2015-07-10 07:20:48.52	2	3	1	2
916	2015-07-10 07:44:37.977	2	3	1	2
917	2015-07-10 07:55:14.186	4	3	1	2
918	2015-07-10 08:46:27.657	2	3	1	2
919	2015-07-10 08:47:42.836	4	3	1	2
920	2015-07-10 09:48:44.665	4	3	1	2
921	2015-07-10 10:15:05.252	2	3	1	2
922	2015-07-10 10:38:23.516	2	3	1	2
923	2015-07-10 10:39:32.874	4	3	1	2
924	2015-07-10 10:39:35.659	4	3	2	2
925	2015-07-10 10:41:36.387	2	3	2	2
926	2015-07-10 10:41:40.868	1	3	1	2
927	2015-07-10 10:41:45.634	1	3	2	2
1511	2015-10-08 08:36:13.341	2	3	1	2
929	2015-07-10 12:00:34.42	2	3	1	2
930	2015-07-10 12:45:02.546	2	3	1	2
931	2015-07-13 07:15:44.717	2	3	1	2
932	2015-07-13 07:24:08.716	2	3	1	2
933	2015-07-13 08:08:25.91	2	3	1	2
934	2015-07-13 10:00:54.128	2	3	1	2
935	2015-07-13 13:07:31.937	2	3	1	2
936	2015-07-13 14:09:35.377	2	3	1	2
937	2015-07-15 12:53:00.617	3	3	1	2
938	2015-07-16 11:52:51.957	3	3	1	2
939	2015-07-16 12:51:21.448	3	3	1	2
940	2015-07-16 13:44:24.848	3	3	1	2
941	2015-07-17 07:29:51.937	3	3	1	2
942	2015-07-17 10:59:18.34	3	3	1	2
943	2015-07-17 13:51:06.166	3	3	1	2
944	2015-07-17 13:51:45.661	3	3	1	2
945	2015-07-20 06:12:09.738	3	3	1	2
946	2015-07-20 12:03:21.884	3	3	1	2
947	2015-07-21 11:37:51.521	3	3	1	2
948	2015-07-22 11:10:32.059	3	3	1	2
949	2015-07-23 08:07:37.211	3	3	1	2
1513	2015-10-08 09:39:15.609	4	3	1	2
1514	2015-10-08 10:58:51.4	4	3	1	2
1519	2015-10-08 13:39:12.089	4	3	1	2
1522	2015-10-09 06:22:11.666	4	3	1	2
1561	2015-10-12 11:59:28.925	1	3	1	2
1577	2015-10-14 11:57:14.196	4	3	1	2
1592	2015-10-21 10:05:39.804	7	3	1	2
1593	2015-10-21 10:17:37.062	1	3	1	2
1594	2015-10-21 13:41:53.563	7	3	1	2
1595	2015-10-21 14:14:51.425	1	3	1	2
1596	2015-10-22 06:17:20.097	7	3	1	2
1597	2015-10-22 09:30:54.714	7	3	1	2
1598	2015-10-22 14:46:44.583	1	3	1	2
1599	2015-10-23 06:40:10.967	7	3	1	2
1600	2015-10-23 09:39:06.514	7	3	1	2
1601	2015-10-23 09:48:57.551	1	3	1	2
1602	2015-10-25 11:58:02.353	1	3	1	2
1603	2015-10-26 07:29:10.596	7	3	1	2
1607	2015-10-27 07:36:50.807	4	3	1	2
1609	2015-10-27 10:44:43.524	4	3	1	2
1614	2015-10-28 11:24:38.659	1	3	1	2
1616	2015-10-28 22:31:00.636	1	3	1	2
1617	2015-10-29 08:03:33.123	4	3	1	2
1627	2015-10-30 12:37:41.851	4	3	1	2
1629	2015-11-01 10:54:17.077	4	3	1	2
1630	2015-11-02 08:18:05.196	7	3	1	2
1631	2015-11-02 08:18:21.461	4	3	1	2
1632	2015-11-02 08:36:18.477	4	3	1	2
1638	2015-11-02 12:48:42.431	4	3	1	2
1640	2015-11-03 08:01:47.879	7	3	1	2
1641	2015-11-03 12:10:21.558	7	3	1	2
1642	2015-11-03 14:32:08.877	4	3	1	2
1644	2015-11-03 16:49:48.854	4	3	1	2
1646	2015-11-04 13:08:12.705	1	3	1	2
1649	2015-11-06 10:46:35.602	4	3	1	2
1650	2015-11-06 12:37:00.462	4	3	1	2
1654	2015-11-06 14:05:11.459	4	3	1	2
1655	2015-11-06 14:30:43.291	4	3	1	2
1656	2015-11-06 15:20:23.089	2	3	1	2
1657	2015-11-09 07:55:13.508	4	3	1	2
1662	2015-11-09 12:39:36.43	2	3	1	2
1848	2015-12-08 19:07:25.002	1	3	1	2
1849	2015-12-08 19:07:27.282	1	3	1	2
1850	2015-12-08 19:07:29.366	1	3	1	2
1851	2015-12-08 21:41:11.597	1	3	1	2
1852	2015-12-08 21:41:25.535	1	3	2	2
1853	2015-12-09 08:00:57.769	4	3	1	2
1854	2015-12-09 08:01:00.287	4	3	1	2
1855	2015-12-09 08:01:01.18	4	3	1	2
1856	2015-12-09 11:29:34.12	4	3	1	2
1857	2015-12-09 12:20:06.158	4	3	1	2
1858	2015-12-09 13:07:18.402	4	3	1	2
1860	2015-12-09 13:07:53.435	2	3	1	2
1861	2015-12-09 14:13:13.248	3	3	1	2
1862	2015-12-10 09:17:13.846	4	3	1	2
1863	2015-12-10 09:17:28.221	4	3	1	2
1864	2015-12-10 10:41:35.927	4	3	1	2
1865	2015-12-10 10:52:23.257	2	3	1	2
1866	2015-12-10 11:21:41.076	1	3	1	2
1867	2015-12-10 12:20:16.282	4	3	1	2
1868	2015-12-10 12:30:43.926	3	3	1	2
1869	2015-12-10 12:37:30.446	4	3	2	2
1870	2015-12-10 12:37:43.199	2	3	1	2
1871	2015-12-10 13:08:10.71	1	3	1	2
1872	2015-12-10 13:38:09.937	2	3	1	2
1873	2015-12-10 14:50:18.546	2	3	1	2
1874	2015-12-10 15:25:39.909	2	3	1	2
1875	2015-12-10 17:02:16.578	1	3	1	2
1876	2015-12-11 10:55:18.972	4	3	2	2
1878	2015-12-11 12:08:40.369	4	3	1	2
1879	2015-12-11 12:08:42.586	4	3	1	2
1880	2015-12-11 14:05:59.865	3	3	1	2
1881	2015-12-14 06:41:46.251	4	3	1	2
1882	2015-12-14 12:37:49.768	4	3	1	2
1883	2015-12-14 13:11:01.69	3	3	1	2
1884	2015-12-14 13:27:25.225	2	3	1	2
1885	2015-12-14 13:33:44.991	4	3	1	2
1886	2015-12-14 14:26:44.307	2	3	1	2
1887	2015-12-14 14:35:41.606	1	3	1	2
1888	2015-12-15 09:49:45.426	2	3	1	2
1889	2015-12-15 10:28:42.791	4	3	1	2
1890	2015-12-15 11:47:48.592	2	3	1	2
1891	2015-12-15 13:16:54.61	4	3	1	2
1892	2015-12-15 14:02:06.409	3	3	1	2
1893	2015-12-16 13:18:10.706	2	3	1	2
1894	2015-12-16 13:30:25.245	1	3	1	2
1895	2015-12-16 14:48:24.536	2	3	1	2
1896	2015-12-17 08:54:34.182	2	3	1	2
1897	2015-12-17 09:27:10.775	2	3	1	2
1898	2015-12-17 10:31:29.015	4	3	1	2
1899	2015-12-17 10:31:30.343	4	3	1	2
1900	2015-12-17 10:31:36.671	4	3	1	2
1901	2015-12-17 10:49:17.91	2	3	1	2
1902	2015-12-17 11:31:20.344	4	3	1	2
1903	2015-12-17 12:09:50.855	2	3	1	2
1904	2015-12-17 12:14:06.667	3	3	2	2
1905	2015-12-17 12:17:36.925	1	3	1	2
1906	2015-12-17 12:17:43.16	2	3	2	2
1907	2015-12-17 12:55:36.164	4	3	1	2
1908	2015-12-17 13:55:15.851	1	3	1	2
1909	2015-12-17 13:55:24.774	2	3	1	2
1910	2015-12-18 09:24:22.815	2	3	1	2
1911	2015-12-18 10:54:39.36	2	3	1	2
1912	2015-12-18 11:05:21.483	2	3	1	2
1913	2015-12-18 11:40:19.562	4	3	1	2
1914	2015-12-18 11:58:25.948	1	3	1	2
1915	2015-12-18 11:58:32.352	2	3	1	2
1916	2015-12-18 12:29:08.581	2	3	1	2
1917	2015-12-18 14:32:56.341	4	3	1	2
1918	2015-12-18 14:50:57.457	4	3	1	2
1919	2015-12-19 13:28:00.877	3	3	1	2
1920	2015-12-21 07:29:48.828	2	3	1	2
1921	2015-12-21 07:37:18.936	4	3	1	2
1922	2015-12-21 10:34:41.525	4	3	1	2
1923	2015-12-21 12:06:06.358	4	3	1	2
1924	2015-12-21 14:03:16.32	2	3	1	2
1925	2015-12-22 10:44:40.674	4	3	1	2
1926	2015-12-22 10:46:34.892	4	3	1	2
1927	2015-12-22 12:37:00.408	1	3	1	2
1928	2015-12-22 13:40:31.441	2	3	1	2
1929	2015-12-22 14:00:06.573	4	3	1	2
1930	2015-12-22 14:09:25.885	1	3	2	2
1931	2015-12-22 15:04:18.712	4	3	1	2
1932	2015-12-22 15:32:25.106	1	3	2	2
1933	2015-12-23 08:14:50.199	4	3	1	2
1934	2015-12-23 09:25:02.805	4	3	1	2
1935	2015-12-23 11:53:21.975	4	3	1	2
1936	2015-12-28 08:38:16.458	4	3	1	2
1937	2015-12-28 09:09:48.974	4	3	1	2
1938	2015-12-28 12:13:09.26	4	3	1	2
1939	2015-12-28 12:13:11.018	4	3	1	2
1940	2015-12-28 12:13:15.28	4	3	2	2
1941	2015-12-28 12:37:00.55	4	3	1	2
1942	2015-12-28 13:54:02.001	4	3	1	2
1943	2015-12-29 09:21:42.002	4	3	1	2
1944	2015-12-29 11:08:30.638	4	3	1	2
1945	2015-12-29 11:09:08.155	1	3	1	2
1946	2015-12-29 13:05:04.781	4	3	1	2
1947	2015-12-30 09:07:35.785	4	3	1	2
1948	2015-12-30 10:29:50.684	4	3	1	2
1949	2016-01-04 08:22:37.754	2	3	1	2
1951	2016-01-04 10:26:56.053	2	3	1	2
1952	2016-01-04 12:39:11.872	4	3	1	2
1953	2016-01-05 08:52:01.827	4	3	1	2
1954	2016-01-05 10:32:56.209	4	3	1	2
1955	2016-01-05 11:52:53.449	4	3	1	2
1956	2016-01-05 12:37:00.428	4	3	1	2
1957	2016-01-05 13:48:17.648	2	3	1	2
1958	2016-01-06 07:56:27.178	4	3	1	2
1959	2016-01-06 09:47:32.972	2	3	1	2
1960	2016-01-06 09:47:50.818	4	3	1	2
1961	2016-01-06 10:41:50.464	4	3	1	2
1962	2016-01-06 10:41:41.625	2	3	1	2
1963	2016-01-06 12:33:38.439	4	3	1	2
1964	2016-01-06 13:05:13.852	2	3	1	2
1965	2016-01-06 13:56:06.9	2	3	1	2
1966	2016-01-07 08:02:21.546	4	3	1	2
1967	2016-01-07 08:16:42.546	2	3	1	2
1968	2016-01-07 09:09:57.75	2	3	1	2
1969	2016-01-07 10:31:00.906	2	3	1	2
1970	2016-01-07 10:32:14.361	4	3	1	2
1971	2016-01-07 10:52:00.001	2	3	1	2
1972	2016-01-07 11:23:33.117	2	3	1	2
1973	2016-01-07 11:47:11.128	2	3	1	2
1974	2016-01-07 12:02:41.956	4	3	1	2
1975	2016-01-07 12:37:00.861	4	3	1	2
1976	2016-01-07 12:37:50.851	2	3	1	2
1977	2016-01-07 13:10:49.827	2	3	1	2
1978	2016-01-08 08:20:51.817	2	3	1	2
1979	2016-01-08 09:11:23.44	2	3	1	2
1980	2016-01-08 11:26:17.12	2	3	1	2
1981	2016-01-08 15:23:22.049	3	3	1	2
1982	2016-01-11 07:59:19.808	2	3	1	2
1983	2016-01-11 12:37:40.569	2	3	1	2
1984	2016-01-11 14:06:49.366	2	3	1	2
1985	2016-01-11 14:26:33.864	2	3	1	2
1986	2016-01-12 11:31:12.375	2	3	1	2
1987	2016-01-12 12:25:14.629	2	3	1	2
1988	2016-01-12 13:19:18.053	2	3	1	2
1989	2016-01-12 14:09:37.202	3	3	1	2
1990	2016-01-12 15:00:50.279	2	3	1	2
1991	2016-01-12 15:10:00.267	2	3	1	2
1992	2016-01-13 09:11:12.162	2	3	1	2
1993	2016-01-13 09:30:20.524	2	3	1	2
1994	2016-01-13 11:17:52.426	2	3	1	2
1995	2016-01-13 11:45:22.309	2	3	1	2
1996	2016-01-13 12:13:24.643	2	3	1	2
1997	2016-01-13 13:33:04.761	2	3	1	2
1998	2016-01-13 15:05:19.529	3	3	1	2
1999	2016-01-14 07:03:17.233	2	3	1	2
2000	2016-01-14 10:49:58.517	2	3	1	2
2001	2016-01-14 12:45:10.736	2	3	1	2
2002	2016-01-14 15:02:18.788	3	3	1	2
2003	2016-01-15 15:40:46.604	3	3	1	2
2004	2016-01-18 09:37:17.149	2	3	1	2
2005	2016-01-18 13:41:47.029	2	3	1	2
2006	2016-01-18 14:39:57.36	2	3	1	2
2007	2016-01-19 12:30:05.953	2	3	1	2
2008	2016-01-20 10:38:10.846	2	3	1	2
2009	2016-01-20 10:41:05.816	2	3	2	2
2010	2016-01-20 11:20:52.545	2	3	1	2
2011	2016-01-20 12:32:00.967	3	3	1	2
2012	2016-01-20 12:32:04.816	3	3	2	2
2013	2016-01-20 13:33:36.287	2	3	1	2
2014	2016-01-20 14:09:45.856	2	3	1	2
2015	2016-01-21 09:00:05.978	2	3	1	2
2016	2016-01-21 09:16:00.464	2	3	1	2
2017	2016-01-21 11:56:16.355	2	3	1	2
2018	2016-01-21 12:37:53.279	2	3	1	2
2019	2016-01-21 12:54:10.565	2	3	1	2
2020	2016-01-21 14:06:25.69	2	3	1	2
2021	2016-01-22 07:13:05.09	2	3	1	2
2022	2016-01-22 12:07:09.49	3	3	1	2
2023	2016-01-25 14:38:43.769	2	3	1	2
2024	2016-01-26 07:15:28.821	2	3	1	2
2025	2016-01-26 07:15:34.685	2	3	1	2
2026	2016-01-26 08:10:02.378	2	3	1	2
2027	2016-01-26 11:25:19.347	2	3	1	2
2028	2016-01-26 12:37:10.51	2	3	1	2
2029	2016-01-26 13:05:50.213	2	3	1	2
2030	2016-01-26 13:32:13.795	2	3	1	2
2031	2016-01-26 15:33:13.119	2	3	1	2
2032	2016-01-28 08:01:54.523	4	3	1	2
2033	2016-01-29 09:38:57.08	2	3	1	2
2034	2016-01-29 09:39:02.514	2	3	1	2
2035	2016-01-29 11:09:01.411	4	3	1	2
2036	2016-01-29 11:09:10.381	4	3	1	2
2037	2016-01-29 14:02:19.717	4	3	1	2
2038	2016-02-01 08:02:55.605	4	3	1	2
2039	2016-02-01 08:42:35.042	4	3	1	2
2040	2016-02-02 08:09:46.493	4	3	1	2
2041	2016-02-02 09:26:28.523	4	3	1	2
2042	2016-02-02 10:38:50.167	4	3	1	2
2043	2016-02-02 12:33:25.954	3	3	1	2
2044	2016-02-02 13:15:38.334	4	3	1	2
2045	2016-02-02 14:20:12.521	3	3	1	2
2046	2016-02-03 07:53:16.946	4	3	1	2
2047	2016-02-03 08:17:56.593	2	3	1	2
2048	2016-02-03 09:20:40.103	4	3	1	2
2049	2016-02-03 10:24:35.669	4	3	1	2
2050	2016-02-03 10:34:46.42	2	3	1	2
2051	2016-02-03 11:28:50.678	4	3	1	2
2052	2016-02-03 13:04:27.516	4	3	1	2
2053	2016-02-03 13:43:56.24	2	3	1	2
2054	2016-02-03 13:52:10.602	3	3	1	2
2055	2016-02-03 15:07:23.929	6	3	1	2
2056	2016-02-03 15:07:51.308	2	3	1	2
2057	2016-02-03 17:47:16.304	3	3	1	2
2058	2016-02-04 08:58:59.294	4	3	1	2
2059	2016-02-04 09:00:10.154	4	3	1	2
2060	2016-02-04 09:01:05.256	2	3	1	2
2061	2016-02-04 10:27:17.834	4	3	1	2
2062	2016-02-04 11:03:58.776	2	3	1	2
2063	2016-02-04 11:15:28.492	4	3	1	2
2064	2016-02-04 11:59:50.002	3	3	1	2
2065	2016-02-04 13:49:58.401	3	3	1	2
2066	2016-02-04 13:56:37.473	2	3	1	2
2067	2016-02-04 15:29:21.049	2	3	1	2
2068	2016-02-05 07:45:10.931	2	3	1	2
2069	2016-02-05 08:01:20.933	4	3	1	2
2070	2016-02-05 08:01:29.348	2	3	1	2
2071	2016-02-05 09:11:32.126	2	3	1	2
2072	2016-02-05 14:53:06.956	3	3	1	2
2073	2016-02-08 11:20:08.407	4	3	1	2
2074	2016-02-08 11:20:08.937	2	3	1	2
2075	2016-02-08 12:08:12.975	2	3	1	2
2076	2016-02-08 13:27:14.148	2	3	1	2
2077	2016-02-08 13:27:49.102	4	3	1	2
2078	2016-02-08 13:42:23.932	2	3	1	2
2079	2016-02-09 07:39:49.752	4	3	1	2
2080	2016-02-09 08:02:17.418	4	3	1	2
2081	2016-02-09 08:39:05.427	4	3	1	2
2082	2016-02-09 14:22:28.613	4	3	1	2
2083	2016-02-09 15:24:58.286	4	3	1	2
2084	2016-02-10 07:57:19.212	4	3	1	2
2085	2016-02-10 13:15:13.837	2	3	1	2
2086	2016-02-10 13:56:57.401	4	3	1	2
2087	2016-02-10 14:08:14.648	2	3	1	2
2088	2016-02-10 14:49:41.004	2	3	1	2
2089	2016-02-11 08:48:30.18	2	3	1	2
2090	2016-02-11 09:35:18.114	2	3	1	2
2091	2016-02-11 11:18:36.232	2	3	1	2
2092	2016-02-11 12:13:09.79	2	3	1	2
2093	2016-02-11 13:02:24.909	2	3	1	2
2094	2016-02-11 13:19:44.518	2	3	1	2
2095	2016-02-11 15:23:13.941	4	3	1	2
2096	2016-02-11 15:23:16.608	4	3	1	2
2097	2016-02-12 07:15:21.676	2	3	1	2
2098	2016-02-12 08:31:51.661	2	3	1	2
2099	2016-02-12 09:10:39.082	4	3	1	2
2100	2016-02-12 09:28:18.614	6	3	1	2
2101	2016-02-12 11:15:01.575	4	3	1	2
2102	2016-02-12 11:23:37.774	2	3	1	2
2103	2016-02-12 11:40:39.803	4	3	1	2
2104	2016-02-12 12:07:46.229	2	3	1	2
2105	2016-02-12 12:09:57.073	6	3	1	2
2106	2016-02-12 12:12:22.644	6	3	2	2
2107	2016-02-12 12:12:29.561	4	3	2	2
2108	2016-02-12 14:13:13.445	3	3	1	2
2109	2016-02-15 11:43:24.547	2	3	1	2
2110	2016-02-15 12:46:02.549	2	3	1	2
2111	2016-02-15 13:00:51.336	2	3	1	2
2112	2016-02-15 15:05:10.643	2	3	1	2
2114	2016-02-17 14:03:24.774	4	3	1	2
2115	2016-02-18 07:54:39.273	4	3	1	2
2116	2016-02-18 11:14:53.899	4	3	1	2
2117	2016-02-18 11:49:46.722	4	3	1	2
2118	2016-02-19 09:33:26.985	4	3	1	2
2119	2016-02-19 10:38:59.965	4	3	1	2
2120	2016-02-19 10:39:25.36	4	3	1	2
2121	2016-02-19 12:05:25.836	4	3	1	2
2122	2016-02-19 12:37:00.644	4	3	1	2
2123	2016-02-19 14:32:47.722	4	3	1	2
2124	2016-02-22 07:55:35.634	4	3	1	2
2125	2016-02-22 11:12:17.23	4	3	1	2
2126	2016-02-23 07:40:51.864	4	3	1	2
2127	2016-02-23 08:12:22.604	4	3	2	2
2129	2016-02-23 11:00:45.798	4	3	1	2
2130	2016-02-23 11:34:29.473	8	3	1	2
2131	2016-02-23 11:46:33.912	2	3	1	2
2132	2016-02-23 11:47:15.457	8	3	1	2
2133	2016-02-23 12:37:06.341	2	3	1	2
2134	2016-02-23 14:08:16.275	2	3	1	2
2135	2016-02-23 14:12:35.213	4	3	1	2
2136	2016-02-23 14:43:41.009	8	3	1	2
2137	2016-02-24 08:08:57.623	4	3	1	2
2138	2016-02-24 08:51:17.663	2	3	1	2
2139	2016-02-24 08:51:55.278	8	3	1	2
2140	2016-02-24 09:06:46.146	4	3	1	2
2141	2016-02-24 09:07:17.523	2	3	1	2
2142	2016-02-24 09:35:03.353	2	3	1	2
2143	2016-02-24 10:26:34.184	4	3	1	2
2144	2016-02-24 11:04:24.224	2	3	1	2
2145	2016-02-24 11:05:01.055	8	3	2	2
2146	2016-02-24 11:10:45.634	8	3	1	2
2147	2016-02-24 11:37:54.482	4	3	1	2
2148	2016-02-24 11:38:06.019	2	3	1	2
2149	2016-02-24 11:47:50.275	8	3	1	2
2150	2016-02-24 12:06:48.354	8	3	1	2
2151	2016-02-24 13:09:24.634	2	3	1	2
2152	2016-02-24 13:12:25.651	8	3	1	2
2154	2016-02-24 13:12:33.851	4	3	1	2
2155	2016-02-24 13:42:22.024	8	3	1	2
2156	2016-02-24 13:56:25.635	2	3	1	2
2157	2016-02-24 14:01:35.417	4	3	1	2
2158	2016-02-24 14:47:11.11	2	3	1	2
2159	2016-02-24 15:21:47.094	4	3	1	2
2160	2016-02-25 08:55:27.136	8	3	1	2
2161	2016-02-25 09:35:04.276	4	3	1	2
2162	2016-02-25 09:35:21.268	4	3	1	2
2163	2016-02-25 10:39:31.92	4	3	1	2
2164	2016-02-25 12:46:35.745	4	3	1	2
2165	2016-02-25 13:37:09.164	4	3	1	2
2167	2016-02-25 13:59:04.657	8	3	1	2
2168	2016-02-25 14:01:42.108	8	3	2	2
2169	2016-02-25 14:07:12.109	8	3	1	2
2170	2016-02-26 07:48:39.099	4	3	1	2
2171	2016-02-26 10:43:16.302	8	3	1	2
2172	2016-02-26 10:45:12.851	8	3	2	2
2173	2016-02-26 11:26:39.833	4	3	1	2
2174	2016-02-26 12:45:39.827	4	3	1	2
2175	2016-02-29 12:06:49.564	8	3	1	2
2176	2016-02-29 12:53:38.326	8	3	1	2
2177	2016-02-29 13:09:59.132	8	3	1	2
2178	2016-02-29 14:22:32.059	6	3	1	2
2179	2016-02-29 14:22:35.122	6	3	1	2
2180	2016-02-29 14:48:06.881	8	3	1	2
2181	2016-03-01 07:52:37.613	8	3	1	2
2182	2016-03-01 08:10:57.818	4	3	1	2
2183	2016-03-01 08:11:02.249	4	3	2	2
2184	2016-03-01 10:44:22.283	4	3	1	2
2185	2016-03-01 10:48:40.956	8	3	1	2
2186	2016-03-01 11:06:46.296	6	3	1	2
2187	2016-03-01 12:28:43.388	8	3	1	2
2188	2016-03-01 12:54:09.51	4	3	1	2
2189	2016-03-01 14:11:04.635	8	3	1	2
2190	2016-03-01 14:14:45.15	8	3	2	2
2191	2016-03-01 14:19:17.113	8	3	1	2
2192	2016-03-02 06:56:08.885	2	3	1	2
2193	2016-03-02 07:57:31.339	4	3	1	2
2194	2016-03-02 11:42:51.137	6	3	1	2
2195	2016-03-02 11:44:01.67	4	3	1	2
2196	2016-03-02 11:46:03.675	6	3	2	2
2197	2016-03-02 16:01:09.719	2	3	1	2
2198	2016-03-03 13:32:11.085	8	3	1	2
2199	2016-03-03 13:36:01.574	8	3	2	2
2200	2016-03-03 13:41:05.515	8	3	1	2
2201	2016-03-03 15:15:04.31	6	3	1	2
2202	2016-03-04 13:00:27.183	8	3	1	2
2203	2016-03-04 13:09:37.844	8	3	1	2
2204	2016-03-07 06:58:30.534	4	3	1	2
2205	2016-03-07 08:25:06.455	6	3	1	2
2206	2016-03-07 08:51:03.743	4	3	1	2
2207	2016-03-07 12:49:35.158	6	3	1	2
2208	2016-03-07 12:49:45.298	6	3	1	2
2209	2016-03-07 14:00:52.637	4	3	1	2
2210	2016-03-08 06:43:58.915	4	3	1	2
2211	2016-03-09 06:32:24.132	4	3	1	2
2212	2016-03-09 10:30:36.388	4	3	1	2
2213	2016-03-09 12:21:08.167	6	3	1	2
2214	2016-03-10 12:10:17.902	8	3	1	2
2215	2016-03-10 12:14:46.34	8	3	1	2
2216	2016-03-10 14:43:19.812	4	3	1	2
2217	2016-03-11 06:49:42.859	8	3	1	2
2218	2016-03-11 12:05:06.862	4	3	1	2
2219	2016-03-11 12:47:55.766	2	3	4	2
2220	2016-03-11 12:48:00.104	2	3	2	2
2221	2016-03-14 07:34:46.354	6	3	1	2
2222	2016-03-14 11:15:19.989	4	3	1	2
2223	2016-03-14 11:16:12.585	8	3	1	2
2224	2016-03-14 11:20:21.443	8	3	2	2
2225	2016-03-14 12:12:38.241	8	3	1	2
2226	2016-03-14 12:48:14.785	4	3	1	2
2228	2016-03-14 12:48:51.135	2	3	1	2
2229	2016-03-14 13:51:22.079	8	3	1	2
2230	2016-03-14 14:31:52.803	8	3	1	2
2231	2016-03-15 08:02:13.973	4	3	1	2
2232	2016-03-15 08:02:43.989	2	3	1	2
2233	2016-03-15 08:37:54.077	8	3	1	2
2234	2016-03-15 08:58:42.283	4	3	1	2
2235	2016-03-15 14:27:05.508	8	3	1	2
2236	2016-03-15 14:59:39.12	2	3	1	2
2237	2016-03-16 11:14:52.733	8	3	1	2
2238	2016-03-16 11:47:46.427	2	3	1	2
2239	2016-03-16 12:37:59.776	2	3	1	2
2240	2016-03-16 13:33:25.93	8	3	1	2
2241	2016-03-16 13:35:35.595	8	3	2	2
2242	2016-03-17 09:27:20.992	8	3	1	2
2243	2016-03-17 10:37:41.558	8	3	1	2
2244	2016-03-17 12:02:06.033	8	3	1	2
2245	2016-03-17 12:20:46.11	8	3	1	2
2246	2016-03-17 12:34:36.425	4	3	1	2
2247	2016-03-17 12:35:01.832	8	3	1	2
2248	2016-03-18 12:39:11.275	4	3	1	2
2249	2016-03-18 14:38:25.49	2	3	1	2
2250	2016-03-21 11:47:59.386	8	3	1	2
2251	2016-03-21 13:52:41.362	2	3	1	2
2252	2016-03-23 08:41:11.563	8	3	1	2
2253	2016-03-23 08:50:23.709	8	3	1	2
2254	2016-03-23 10:43:05.585	8	3	1	2
2255	2016-03-23 10:45:11.565	8	3	2	2
2256	2016-03-29 07:39:15.013	8	3	1	2
2257	2016-03-29 12:36:53.944	8	3	1	2
2258	2016-03-29 13:16:48.848	8	3	1	2
2259	2016-03-29 14:48:13.97	4	3	1	2
2260	2016-03-29 14:49:08.037	8	3	1	2
2261	2016-03-29 15:02:59.576	4	3	1	2
2262	2016-03-29 16:10:03.57	4	3	1	2
2263	2016-03-29 17:01:19.416	4	3	1	2
2264	2016-03-30 07:13:05.373	4	3	1	2
2265	2016-03-30 08:48:03.919	4	3	1	2
2266	2016-03-30 10:41:51.826	4	3	1	2
2267	2016-03-30 12:30:43.341	4	3	1	2
2268	2016-03-30 12:52:18.634	8	3	1	2
2269	2016-03-31 06:04:50.367	2	3	1	2
2270	2016-03-31 07:12:38.006	4	3	1	2
2271	2016-03-31 08:55:31.612	4	3	1	2
2272	2016-03-31 11:39:28.663	8	3	1	2
2273	2016-03-31 13:39:00.548	8	3	1	2
2274	2016-03-31 13:51:14.506	8	3	1	2
2275	2016-04-01 08:43:37.169	8	3	1	2
2276	2016-04-01 10:10:00.834	4	3	1	2
2277	2016-04-01 11:03:16.041	2	3	1	2
2278	2016-04-01 11:03:18.847	4	3	1	2
2279	2016-04-01 11:10:14.537	8	3	1	2
2280	2016-04-01 11:51:23.645	4	3	1	2
2281	2016-04-01 13:01:23.196	4	3	1	2
2282	2016-04-04 06:11:57.383	4	3	1	2
2283	2016-04-04 07:00:25.327	4	3	1	2
2284	2016-04-04 07:45:08.712	4	3	2	2
2285	2016-04-04 07:52:38.879	8	3	1	2
2286	2016-04-04 09:27:07.358	4	3	1	2
2287	2016-04-05 07:00:08.842	4	3	1	2
2288	2016-04-05 07:29:45.758	4	3	1	2
2289	2016-04-06 08:44:18.649	8	3	1	2
2290	2016-04-06 09:30:22.688	4	3	1	2
2291	2016-04-06 11:33:38.792	4	3	1	2
2292	2016-04-07 06:54:47.776	4	3	1	2
2293	2016-04-07 08:44:49.832	4	3	1	2
2294	2016-04-07 11:37:37.719	2	3	1	2
2295	2016-04-07 11:49:37.886	4	3	1	2
2296	2016-04-07 13:09:36.542	4	3	1	2
2297	2016-04-08 06:54:58.593	4	3	1	2
2298	2016-04-08 07:20:09.504	4	3	1	2
2299	2016-04-08 08:19:19.616	2	3	1	2
2300	2016-04-08 08:20:47.479	4	3	1	2
2301	2016-04-08 11:14:15.478	4	3	1	2
2302	2016-04-08 12:32:35.438	2	3	1	2
2303	2016-04-08 12:32:39.033	4	3	1	2
2304	2016-04-08 13:58:08.95	2	3	1	2
2305	2016-04-11 08:40:36.43	4	3	1	2
2306	2016-04-11 09:36:05.277	4	3	1	2
2307	2016-04-11 12:52:47.67	4	3	1	2
2308	2016-04-11 12:52:58.942	2	3	1	2
2309	2016-04-13 10:56:16.817	4	3	1	2
2310	2016-04-13 11:38:31.002	4	3	1	2
2311	2016-04-13 11:46:08.003	4	3	1	2
2312	2016-04-14 08:00:47.902	4	3	1	2
2313	2016-04-14 08:00:49.184	2	3	1	2
2314	2016-04-14 08:45:48.868	4	3	1	2
2315	2016-04-14 09:52:07.11	4	3	1	2
2316	2016-04-14 11:59:49.514	4	3	1	2
2317	2016-04-18 06:59:05.375	4	3	1	2
2318	2016-04-18 08:09:40.004	4	3	1	2
2319	2016-04-18 10:06:42.613	4	3	1	2
2320	2016-04-18 10:39:01.174	2	3	1	2
2321	2016-04-18 10:46:37.542	8	3	1	2
2322	2016-04-18 10:48:56.889	8	3	2	2
2323	2016-04-18 11:33:30.075	4	3	1	2
2324	2016-04-18 11:37:43.413	2	3	1	2
2325	2016-04-20 11:33:09.754	2	3	1	2
2326	2016-04-22 08:51:32.36	4	3	1	2
2327	2016-04-22 09:30:53.013	4	3	1	2
2328	2016-04-22 09:51:35.654	4	3	2	2
2329	2016-04-22 09:52:26.127	8	3	1	2
2330	2016-04-22 11:38:07.393	2	3	1	2
2332	2016-04-25 06:00:55.778	4	3	1	2
2333	2016-04-25 07:42:57.268	3	3	1	2
2334	2016-04-25 11:58:07.726	3	3	1	2
2335	2016-04-26 08:15:39.748	3	3	1	2
2336	2016-04-26 12:52:25.397	3	3	1	2
2337	2016-04-27 11:49:06.87	2	3	1	2
2338	2016-04-27 12:00:59.208	3	3	1	2
2339	2016-04-28 07:48:00.13	2	3	1	2
2340	2016-04-28 12:07:49.768	4	3	1	2
2341	2016-04-28 13:18:59.257	4	3	1	2
2342	2016-04-29 06:01:13.877	4	3	1	2
2343	2016-04-29 06:35:15.605	4	3	1	2
2344	2016-04-29 07:03:43.328	2	3	1	2
2345	2016-04-29 07:03:47.874	4	3	1	2
2346	2016-04-29 07:38:20.409	2	3	1	2
2347	2016-04-29 09:44:33.355	4	3	1	2
2348	2016-04-29 10:58:36.538	2	3	1	2
2349	2016-04-29 12:41:01.059	4	3	1	2
2350	2016-04-30 13:53:46.201	3	3	1	2
2351	2016-05-02 08:00:53.927	4	3	1	2
2352	2016-05-02 09:41:23.215	4	3	1	2
2353	2016-05-02 12:09:32.717	4	3	1	2
2354	2016-05-03 07:02:41.26	4	3	1	2
2355	2016-05-03 07:52:22.781	4	3	1	2
2356	2016-05-03 09:56:11.064	4	3	1	2
2357	2016-05-03 11:37:00.491	4	3	1	2
2358	2016-05-03 14:15:43.875	3	3	1	2
2359	2016-05-04 06:51:12.683	4	3	1	2
2360	2016-05-06 08:29:55.77	3	3	1	2
2361	2016-05-06 10:48:39.969	8	3	1	2
2362	2016-05-09 09:48:05.8	4	3	1	2
2363	2016-05-09 10:02:20.72	4	3	1	2
2364	2016-05-09 12:04:17.031	4	3	1	2
2365	2016-05-10 05:56:35.303	4	3	1	2
2366	2016-05-10 06:35:22.87	4	3	1	2
2367	2016-05-10 06:36:51.707	2	3	1	2
2368	2016-05-10 08:05:29.116	4	3	1	2
2369	2016-05-10 14:01:15.284	4	3	1	2
2370	2016-05-10 14:06:23.886	2	3	1	2
2371	2016-05-11 06:56:35.107	4	3	1	2
2372	2016-05-11 11:38:13.162	4	3	1	2
2373	2016-05-11 12:53:29.977	4	3	1	2
2374	2016-05-12 08:13:02.526	4	3	1	2
2375	2016-05-12 09:40:37.684	4	3	1	2
2376	2016-05-12 12:18:40.983	4	3	1	2
2377	2016-05-12 13:26:11.201	4	3	1	2
2378	2016-05-12 14:14:26.536	3	3	1	2
2379	2016-05-13 06:47:16.015	4	3	1	2
2380	2016-05-13 07:14:10.812	4	3	1	2
2381	2016-05-13 10:10:10.949	4	3	1	2
2382	2016-05-13 11:37:00.492	4	3	1	2
2383	2016-05-13 12:15:29.799	4	3	1	2
2384	2016-05-18 06:38:09.066	4	3	1	2
2385	2016-05-18 10:03:01.872	4	3	1	2
2386	2016-05-19 06:54:31.03	4	3	1	2
2387	2016-05-19 12:08:09.13	4	3	1	2
2388	2016-05-19 16:40:49.249	3	3	1	2
2389	2016-05-20 06:22:47.834	2	3	1	2
2390	2016-05-20 07:53:37.409	4	3	1	2
2391	2016-05-20 10:36:37.312	2	3	1	2
2392	2016-05-20 10:46:37.793	4	3	1	2
2393	2016-05-20 14:05:36.495	2	3	1	2
2394	2016-05-20 15:45:58.443	3	3	1	2
2395	2016-05-23 08:42:25.271	3	3	1	2
2396	2016-05-23 10:49:01.212	2	3	1	2
2397	2016-05-23 12:04:58.906	3	3	1	2
2398	2016-05-24 11:43:21.073	3	3	1	2
2399	2016-05-24 14:33:37.048	4	3	1	2
2400	2016-05-24 14:47:57.013	3	3	1	2
2401	2016-05-24 14:59:08.657	4	3	1	2
2402	2016-05-24 15:53:35.801	4	3	1	2
2403	2016-05-25 05:57:38.18	4	3	1	2
2404	2016-05-25 07:55:30.064	4	3	1	2
2405	2016-05-25 11:22:31.446	4	3	1	2
2406	2016-05-25 13:20:56.742	3	3	1	2
2407	2016-05-25 13:28:55.028	4	3	1	2
2408	2016-05-25 13:31:16.798	2	3	1	2
2409	2016-05-26 07:01:51.579	4	3	1	2
2410	2016-05-26 07:06:38.523	4	3	1	2
2411	2016-05-26 11:45:51.279	4	3	1	2
2412	2016-05-26 13:25:08.553	2	3	1	2
2413	2016-05-26 13:25:23.724	8	3	1	2
2414	2016-05-26 13:29:17.268	3	3	1	2
2415	2016-05-26 15:31:01.854	4	3	1	2
2416	2016-05-27 07:03:37.241	4	3	1	2
2417	2016-05-27 07:53:16.137	2	3	1	2
2418	2016-05-27 07:53:21.021	4	3	1	2
2419	2016-05-27 11:15:12.852	4	3	1	2
2420	2016-05-27 11:45:21.031	4	3	1	2
2421	2016-05-27 12:29:56.175	2	3	1	2
2422	2016-05-27 12:35:07.699	3	3	1	2
2423	2016-05-30 10:06:56.554	4	3	1	2
2424	2016-05-30 11:25:53.419	4	3	1	2
2425	2016-05-30 11:37:36.789	2	3	1	2
2426	2016-05-30 13:58:19.222	2	3	1	2
2427	2016-05-31 06:07:05.414	2	3	1	2
2428	2016-05-31 10:23:15.219	4	3	1	2
2429	2016-05-31 10:42:23.436	4	3	1	2
2430	2016-05-31 11:33:35.101	4	3	1	2
2431	2016-05-31 11:35:05.557	2	3	1	2
2432	2016-05-31 12:41:50.264	4	3	1	2
2433	2016-06-01 08:09:10.51	4	3	1	2
2434	2016-06-01 10:21:42.346	4	3	1	2
2435	2016-06-02 06:30:32.732	2	3	1	2
2436	2016-06-02 07:55:41.698	3	3	1	2
2437	2016-06-02 10:10:43.031	4	3	1	2
2438	2016-06-02 11:56:33.463	2	3	1	2
2439	2016-06-02 13:23:30.306	4	3	1	2
2440	2016-06-03 07:50:29.269	2	3	1	2
2441	2016-06-06 07:01:51.387	4	3	1	2
2442	2016-06-06 07:02:15.983	4	3	1	2
2443	2016-06-06 07:59:00.487	4	3	1	2
2444	2016-06-06 08:44:20.297	4	3	1	2
2445	2016-06-06 10:39:29.925	4	3	1	2
2446	2016-06-06 11:19:01.358	4	3	1	2
2447	2016-06-06 11:30:29.432	2	3	1	2
2448	2016-06-06 12:47:41.919	4	3	1	2
2449	2016-06-06 14:05:25.323	4	3	1	2
2450	2016-06-07 08:27:21.788	2	3	1	2
2451	2016-06-07 10:36:47.841	2	3	1	2
2452	2016-06-07 12:41:45.462	2	3	1	2
2453	2016-06-07 13:57:18.749	2	3	1	2
2454	2016-06-08 12:09:27.763	2	3	1	2
2455	2016-06-08 14:13:56.043	2	3	1	2
2456	2016-06-09 10:36:51.194	2	3	1	2
2457	2016-06-09 11:02:44.884	2	3	1	2
2458	2016-06-10 05:42:01.788	4	3	1	2
2459	2016-06-10 06:05:35.766	4	3	1	2
2460	2016-06-10 06:56:40.546	4	3	1	2
2461	2016-06-10 07:47:43.128	4	3	1	2
2462	2016-06-10 07:47:43.231	2	3	1	2
2463	2016-06-10 08:44:13.06	2	3	1	2
2464	2016-06-10 09:43:31.147	4	3	1	2
2465	2016-06-10 10:34:56.976	4	3	1	2
2466	2016-06-10 10:35:01.756	2	3	1	2
2467	2016-06-10 12:22:15.015	4	3	1	2
2468	2016-06-10 12:22:15.31	2	3	1	2
2469	2016-06-10 14:18:07.116	2	3	1	2
2470	2016-06-13 12:30:40.03	2	3	1	2
2471	2016-06-13 12:45:04.164	2	3	1	2
2472	2016-06-14 07:00:25.67	2	3	1	2
2473	2016-06-14 08:04:22.216	2	3	1	2
2474	2016-06-14 10:24:48.747	2	3	1	2
2475	2016-06-14 10:31:41.603	4	3	1	2
2476	2016-06-14 10:32:49.904	8	3	1	2
2477	2016-06-14 10:38:05.948	8	3	1	2
2478	2016-06-14 10:54:00.441	4	3	1	2
2479	2016-06-14 11:33:46.394	4	3	1	2
2480	2016-06-14 11:36:36.13	2	3	1	2
2481	2016-06-14 13:50:31.695	2	3	1	2
2482	2016-06-15 06:54:10.791	4	3	1	2
2483	2016-06-15 07:10:05.431	2	3	1	2
2484	2016-06-15 10:05:12.591	4	3	1	2
2485	2016-06-15 11:21:25.746	8	3	1	2
2486	2016-06-15 12:26:35.876	2	3	1	2
2487	2016-06-15 13:06:15.413	2	3	1	2
2488	2016-06-16 10:09:01.626	4	3	1	2
2489	2016-06-16 10:09:03.003	4	3	1	2
2490	2016-06-16 11:32:53.068	4	3	1	2
2491	2016-06-16 13:27:20.641	2	3	1	2
2492	2016-06-17 06:01:33.58	4	3	1	2
2493	2016-06-17 06:21:21.326	2	3	1	2
2494	2016-06-17 06:28:52.203	4	3	1	2
2495	2016-06-17 06:54:04.218	4	3	1	2
2496	2016-06-17 11:50:25.307	4	3	1	2
2497	2016-06-20 05:26:38.055	4	3	1	2
2498	2016-06-20 06:21:37.251	4	3	1	2
2499	2016-06-20 06:32:26.333	2	3	1	2
2500	2016-06-20 06:58:40.796	4	3	1	2
2501	2016-06-20 08:40:35.502	4	3	1	2
2502	2016-06-20 09:34:38.782	4	3	1	2
2503	2016-06-20 10:57:38.089	4	3	1	2
2504	2016-06-20 13:39:53.123	2	3	1	2
2505	2016-06-21 05:21:23.969	4	3	1	2
2506	2016-06-21 05:31:19.542	2	3	1	2
2507	2016-06-21 05:50:55.804	4	3	1	2
2508	2016-06-21 08:15:59.505	2	3	1	2
2509	2016-06-21 11:34:49.744	2	3	1	2
2510	2016-06-22 06:22:24.419	4	3	1	2
2511	2016-06-22 09:12:42.218	4	3	1	2
2512	2016-06-22 11:36:39.005	2	3	1	2
2513	2016-06-22 12:31:13.43	2	3	1	2
2514	2016-06-22 14:01:58.045	2	3	1	2
2515	2016-06-23 06:20:30.227	4	3	1	2
2516	2016-06-23 07:05:45.89	2	3	1	2
2517	2016-06-23 07:22:23.897	4	3	1	2
2518	2016-06-23 08:43:57.953	4	3	1	2
2519	2016-06-23 13:58:38.139	2	3	1	2
2520	2016-06-27 10:36:01.829	4	3	1	2
2521	2016-06-27 11:44:04.375	4	3	1	2
2522	2016-06-29 07:58:25.547	4	3	1	2
2523	2016-06-29 08:14:05.741	4	3	1	2
2524	2016-06-29 09:38:08.59	4	3	1	2
2525	2016-06-29 11:03:39.235	4	3	1	2
2526	2016-06-29 11:59:58.298	4	3	1	2
2527	2016-06-30 10:46:01.976	4	3	1	2
2528	2016-06-30 11:43:26.785	4	3	1	2
2529	2016-06-30 12:25:45.728	4	3	1	2
2530	2016-07-11 08:21:08.273	2	3	1	2
2531	2016-07-14 06:02:43.217	2	3	1	2
2532	2016-07-18 09:47:47.184	4	3	1	2
2533	2016-07-18 10:13:24.691	4	3	1	2
2534	2016-07-18 10:53:52.301	4	3	1	2
2535	2016-07-18 11:36:15.897	2	3	1	2
2536	2016-07-18 11:37:00.501	4	3	1	2
2537	2016-07-18 11:39:15.401	8	3	1	2
2538	2016-07-18 13:13:26.531	2	3	1	2
2539	2016-07-20 06:27:18.637	2	3	1	2
2540	2016-07-20 08:48:53.974	8	3	1	2
2541	2016-07-20 08:50:08.402	4	3	1	2
2542	2016-07-20 08:55:02.091	2	3	1	2
2543	2016-07-20 08:59:11.025	1	3	1	2
2544	2016-07-20 09:08:08.58	4	3	1	2
2545	2016-07-20 09:52:06.824	4	3	1	2
2546	2016-07-20 10:13:16.178	4	3	1	2
2547	2016-07-20 12:11:23.22	4	3	1	2
2548	2016-07-20 12:47:51.533	4	3	1	2
2549	2016-07-20 13:04:26.058	2	3	1	2
2550	2016-07-21 06:24:54.515	2	3	1	2
2551	2016-07-21 11:16:14.689	2	3	1	2
2552	2016-07-21 11:36:27.982	2	3	1	2
2553	2016-07-21 11:36:39.237	1	3	1	2
2554	2016-07-21 11:36:40.414	1	3	1	2
2556	2016-07-21 12:15:11.192	2	3	1	2
2557	2016-07-21 12:15:49.676	1	3	1	2
2558	2016-07-21 13:40:43.853	2	3	1	2
2559	2016-07-22 07:49:55.496	2	3	1	2
2560	2016-07-22 08:49:31.566	2	3	1	2
2561	2016-07-22 11:45:57.457	1	3	1	2
2562	2016-07-22 11:47:16.774	8	3	1	2
2563	2016-07-22 12:20:32.007	2	3	1	2
2564	2016-07-22 12:45:38.368	2	3	1	2
2565	2016-07-22 12:45:43.1	1	3	1	2
2566	2016-07-22 12:46:27.036	8	3	1	2
2567	2016-07-25 06:19:32.985	4	3	1	2
2568	2016-07-25 07:35:31.607	4	3	1	2
2569	2016-07-26 07:58:44.587	4	3	1	2
2570	2016-07-26 08:22:36.6	4	3	1	2
2571	2016-07-26 10:06:10.211	4	3	1	2
2572	2016-07-26 11:00:41.761	4	3	1	2
2573	2016-07-26 11:33:45.098	4	3	1	2
2574	2016-07-26 13:22:23.239	4	3	1	2
2575	2016-07-26 13:30:13.269	4	3	1	2
2576	2016-07-26 13:52:21.926	4	3	1	2
2577	2016-07-26 13:52:50.55	8	3	1	2
2578	2016-07-27 12:24:41.109	8	3	1	2
\.


--
-- Name: consume_log_id_seq; Type: SEQUENCE SET; Schema: public; Owner: -
--

SELECT pg_catalog.setval('consume_log_id_seq', 2578, true);


--
-- Data for Name: flavour; Type: TABLE DATA; Schema: public; Owner: -
--

COPY flavour (id, flavour, description) FROM stdin;
1	CHLOROPHYLL	Makes you relax
2	EXTRA STRONG	Insanely strong frisk
3	EUCA MENTHOL	Refreshing Power Mints
\.


--
-- Name: flavour_id_seq; Type: SEQUENCE SET; Schema: public; Owner: -
--

SELECT pg_catalog.setval('flavour_id_seq', 3, true);


--
-- Data for Name: frisk_consume_type; Type: TABLE DATA; Schema: public; Owner: -
--

COPY frisk_consume_type (id, name, amount) FROM stdin;
1	Ordinr	2
2	Singel bonusfrisk	1
4	Flygefrisk	1
\.


--
-- Name: frisk_consume_type_id_seq; Type: SEQUENCE SET; Schema: public; Owner: -
--

SELECT pg_catalog.setval('frisk_consume_type_id_seq', 4, true);


--
-- Data for Name: project; Type: TABLE DATA; Schema: public; Owner: -
--

COPY project (id, name, start_time, end_time, description) FROM stdin;
2	The Frisk Khalifa	2015-02-20 15:26:43.163	2015-02-20 15:26:43.163	Bygge verdens hyeste frisktrn
\.


--
-- Name: project_id_seq; Type: SEQUENCE SET; Schema: public; Owner: -
--

SELECT pg_catalog.setval('project_id_seq', 2, true);


--
-- Data for Name: user; Type: TABLE DATA; Schema: public; Owner: -
--

COPY "user" (id, first_name, last_name, password, username) FROM stdin;
1	Knut	Knuffern	passord	knuffern
2	Anders	Playboy	passord	playboy
3	Simen	Drusern	passord	drusern
4	Mikkel	Mikkelback	passord	mikkelback
5	Dag Einar	Kjakan	passord	kjakan
6	David	Kristensen	password	daWeed
7	Christian	Gjerde Jensen	passord	blanco
8	Aleksi Miikkael	Luukkonen	passord	barbee
\.


--
-- Name: user_id_seq; Type: SEQUENCE SET; Schema: public; Owner: -
--

SELECT pg_catalog.setval('user_id_seq', 7, true);


--
-- Data for Name: user_project; Type: TABLE DATA; Schema: public; Owner: -
--

COPY user_project (user_id, project_id) FROM stdin;
1	2
2	2
3	2
4	2
5	2
6	2
7	2
8	2
\.


--
-- Name: consume_log_pkey; Type: CONSTRAINT; Schema: public; Owner: -
--

ALTER TABLE ONLY consume_log
    ADD CONSTRAINT consume_log_pkey PRIMARY KEY (id);


--
-- Name: flavour_pkey; Type: CONSTRAINT; Schema: public; Owner: -
--

ALTER TABLE ONLY flavour
    ADD CONSTRAINT flavour_pkey PRIMARY KEY (id);


--
-- Name: frisk_consume_type_pkey; Type: CONSTRAINT; Schema: public; Owner: -
--

ALTER TABLE ONLY frisk_consume_type
    ADD CONSTRAINT frisk_consume_type_pkey PRIMARY KEY (id);


--
-- Name: project_pkey; Type: CONSTRAINT; Schema: public; Owner: -
--

ALTER TABLE ONLY project
    ADD CONSTRAINT project_pkey PRIMARY KEY (id);


--
-- Name: user_pkey; Type: CONSTRAINT; Schema: public; Owner: -
--

ALTER TABLE ONLY "user"
    ADD CONSTRAINT user_pkey PRIMARY KEY (id);


--
-- Name: user_project_pk; Type: CONSTRAINT; Schema: public; Owner: -
--

ALTER TABLE ONLY user_project
    ADD CONSTRAINT user_project_pk PRIMARY KEY (user_id, project_id);


--
-- Name: consume_type_id_fk; Type: FK CONSTRAINT; Schema: public; Owner: -
--

ALTER TABLE ONLY consume_log
    ADD CONSTRAINT consume_type_id_fk FOREIGN KEY (consume_type_id) REFERENCES frisk_consume_type(id);


--
-- Name: flavour_id_fk; Type: FK CONSTRAINT; Schema: public; Owner: -
--

ALTER TABLE ONLY consume_log
    ADD CONSTRAINT flavour_id_fk FOREIGN KEY (flavour_id) REFERENCES flavour(id);


--
-- Name: project_id_fk; Type: FK CONSTRAINT; Schema: public; Owner: -
--

ALTER TABLE ONLY consume_log
    ADD CONSTRAINT project_id_fk FOREIGN KEY (project_id) REFERENCES project(id);


--
-- Name: project_id_fk; Type: FK CONSTRAINT; Schema: public; Owner: -
--

ALTER TABLE ONLY user_project
    ADD CONSTRAINT project_id_fk FOREIGN KEY (project_id) REFERENCES project(id);


--
-- Name: user_id_fk; Type: FK CONSTRAINT; Schema: public; Owner: -
--

ALTER TABLE ONLY consume_log
    ADD CONSTRAINT user_id_fk FOREIGN KEY (user_id) REFERENCES "user"(id);


--
-- Name: user_id_fk; Type: FK CONSTRAINT; Schema: public; Owner: -
--

ALTER TABLE ONLY user_project
    ADD CONSTRAINT user_id_fk FOREIGN KEY (user_id) REFERENCES "user"(id);


--
-- PostgreSQL database dump complete
--

